Command line invocation:
    /Applications/Xcode.app/Contents/Developer/usr/bin/xcodebuild -workspace ios/App/App.xcworkspace -scheme App -configuration Release -destination generic/platform=iOS archive

ComputePackagePrebuildTargetDependencyGraph

Prepare packages

CreateBuildRequest

SendProjectDescription

CreateBuildOperation

ComputeTargetDependencyGraph
note: Building targets in dependency order
note: Target dependency graph (6 targets)
    Target 'App' in project 'App'
        ➜ Implicit dependency on target 'Pods-App' in project 'Pods' via file 'Pods_App.framework' in build phase 'Link Binary'
        ➜ Implicit dependency on target 'Capacitor' in project 'Pods' via options '-framework Capacitor' in build setting 'OTHER_LDFLAGS'
        ➜ Implicit dependency on target 'CapacitorSplashScreen' in project 'Pods' via options '-framework CapacitorSplashScreen' in build setting 'OTHER_LDFLAGS'
        ➜ Implicit dependency on target 'CapacitorStatusBar' in project 'Pods' via options '-framework CapacitorStatusBar' in build setting 'OTHER_LDFLAGS'
        ➜ Implicit dependency on target 'CapacitorCordova' in project 'Pods' via options '-framework Cordova' in build setting 'OTHER_LDFLAGS'
    Target 'Pods-App' in project 'Pods'
        ➜ Explicit dependency on target 'Capacitor' in project 'Pods'
        ➜ Explicit dependency on target 'CapacitorCordova' in project 'Pods'
        ➜ Explicit dependency on target 'CapacitorSplashScreen' in project 'Pods'
        ➜ Explicit dependency on target 'CapacitorStatusBar' in project 'Pods'
    Target 'CapacitorStatusBar' in project 'Pods'
        ➜ Explicit dependency on target 'Capacitor' in project 'Pods'
    Target 'CapacitorSplashScreen' in project 'Pods'
        ➜ Explicit dependency on target 'Capacitor' in project 'Pods'
    Target 'Capacitor' in project 'Pods'
        ➜ Explicit dependency on target 'CapacitorCordova' in project 'Pods'
    Target 'CapacitorCordova' in project 'Pods' (no dependencies)

GatherProvisioningInputs

CreateBuildDescription

ExecuteExternalTool /Applications/Xcode.app/Contents/Developer/Toolchains/XcodeDefault.xctoolchain/usr/bin/clang -v -E -dM -isysroot /Applications/Xcode.app/Contents/Developer/Platforms/iPhoneOS.platform/Developer/SDKs/iPhoneOS26.0.sdk -x c -c /dev/null

ExecuteExternalTool /Applications/Xcode.app/Contents/Developer/Toolchains/XcodeDefault.xctoolchain/usr/bin/clang -v -E -dM -arch arm64 -isysroot /Applications/Xcode.app/Contents/Developer/Platforms/iPhoneOS.platform/Developer/SDKs/iPhoneOS26.0.sdk -x c -c /dev/null

ExecuteExternalTool /Applications/Xcode.app/Contents/Developer/usr/bin/ibtool --version --output-format xml1

ExecuteExternalTool /Applications/Xcode.app/Contents/Developer/usr/bin/actool --print-asset-tag-combinations --output-format xml1 /Users/lekiaprosper/Documents/Dev/Connectize/Connectize-Frontend/ios/App/App/Assets.xcassets

ExecuteExternalTool /Applications/Xcode.app/Contents/Developer/Toolchains/XcodeDefault.xctoolchain/usr/bin/clang -v -E -dM -arch arm64 -isysroot /Applications/Xcode.app/Contents/Developer/Platforms/iPhoneOS.platform/Developer/SDKs/iPhoneOS26.0.sdk -x objective-c -c /dev/null

ExecuteExternalTool /Applications/Xcode.app/Contents/Developer/Toolchains/XcodeDefault.xctoolchain/usr/bin/swiftc --version

ExecuteExternalTool /Applications/Xcode.app/Contents/Developer/Toolchains/XcodeDefault.xctoolchain/usr/bin/libtool -V

ExecuteExternalTool /Applications/Xcode.app/Contents/Developer/usr/bin/actool --version --output-format xml1

ExecuteExternalTool /Applications/Xcode.app/Contents/Developer/Toolchains/XcodeDefault.xctoolchain/usr/bin/ld -version_details

Build description signature: 9c53e160e91a8b5dc94547e36a566502
Build description path: /Users/lekiaprosper/Library/Developer/Xcode/DerivedData/App-bmeqrztakkzxpkcqfdhhsyyyzbjg/Build/Intermediates.noindex/ArchiveIntermediates/App/IntermediateBuildFilesPath/XCBuildData/9c53e160e91a8b5dc94547e36a566502.xcbuilddata
ClangStatCache /Applications/Xcode.app/Contents/Developer/Toolchains/XcodeDefault.xctoolchain/usr/bin/clang-stat-cache /Applications/Xcode.app/Contents/Developer/Platforms/iPhoneOS.platform/Developer/SDKs/iPhoneOS26.0.sdk /Users/lekiaprosper/Library/Developer/Xcode/DerivedData/SDKStatCaches.noindex/iphoneos26.0-23A339-81ce72e5b06c9602b9d30b56f2eed08a.sdkstatcache
    cd /Users/lekiaprosper/Documents/Dev/Connectize/Connectize-Frontend/ios/App
    /Applications/Xcode.app/Contents/Developer/Toolchains/XcodeDefault.xctoolchain/usr/bin/clang-stat-cache /Applications/Xcode.app/Contents/Developer/Platforms/iPhoneOS.platform/Developer/SDKs/iPhoneOS26.0.sdk -o /Users/lekiaprosper/Library/Developer/Xcode/DerivedData/SDKStatCaches.noindex/iphoneos26.0-23A339-81ce72e5b06c9602b9d30b56f2eed08a.sdkstatcache

CreateBuildDirectory /Users/lekiaprosper/Library/Developer/Xcode/DerivedData/App-bmeqrztakkzxpkcqfdhhsyyyzbjg/Build/Intermediates.noindex/ArchiveIntermediates/App/InstallationBuildProductsLocation
    cd /Users/lekiaprosper/Documents/Dev/Connectize/Connectize-Frontend/ios/App
    builtin-create-build-directory /Users/lekiaprosper/Library/Developer/Xcode/DerivedData/App-bmeqrztakkzxpkcqfdhhsyyyzbjg/Build/Intermediates.noindex/ArchiveIntermediates/App/InstallationBuildProductsLocation

CreateBuildDirectory /Users/lekiaprosper/Library/Developer/Xcode/DerivedData/App-bmeqrztakkzxpkcqfdhhsyyyzbjg/Build/Intermediates.noindex/ArchiveIntermediates/App/IntermediateBuildFilesPath
    cd /Users/lekiaprosper/Documents/Dev/Connectize/Connectize-Frontend/ios/App
    builtin-create-build-directory /Users/lekiaprosper/Library/Developer/Xcode/DerivedData/App-bmeqrztakkzxpkcqfdhhsyyyzbjg/Build/Intermediates.noindex/ArchiveIntermediates/App/IntermediateBuildFilesPath

CreateBuildDirectory /Users/lekiaprosper/Library/Developer/Xcode/DerivedData/App-bmeqrztakkzxpkcqfdhhsyyyzbjg/Build/Intermediates.noindex/ArchiveIntermediates/App/BuildProductsPath
    cd /Users/lekiaprosper/Documents/Dev/Connectize/Connectize-Frontend/ios/App
    builtin-create-build-directory /Users/lekiaprosper/Library/Developer/Xcode/DerivedData/App-bmeqrztakkzxpkcqfdhhsyyyzbjg/Build/Intermediates.noindex/ArchiveIntermediates/App/BuildProductsPath

CreateBuildDirectory /Users/lekiaprosper/Library/Developer/Xcode/DerivedData/App-bmeqrztakkzxpkcqfdhhsyyyzbjg/Build/Intermediates.noindex/ArchiveIntermediates/App/IntermediateBuildFilesPath/ExplicitPrecompiledModules
    cd /Users/lekiaprosper/Documents/Dev/Connectize/Connectize-Frontend/ios/App
    builtin-create-build-directory /Users/lekiaprosper/Library/Developer/Xcode/DerivedData/App-bmeqrztakkzxpkcqfdhhsyyyzbjg/Build/Intermediates.noindex/ArchiveIntermediates/App/IntermediateBuildFilesPath/ExplicitPrecompiledModules

CreateBuildDirectory /Users/lekiaprosper/Library/Developer/Xcode/DerivedData/App-bmeqrztakkzxpkcqfdhhsyyyzbjg/Build/Intermediates.noindex/ArchiveIntermediates/App/IntermediateBuildFilesPath/SwiftExplicitPrecompiledModules
    cd /Users/lekiaprosper/Documents/Dev/Connectize/Connectize-Frontend/ios/App
    builtin-create-build-directory /Users/lekiaprosper/Library/Developer/Xcode/DerivedData/App-bmeqrztakkzxpkcqfdhhsyyyzbjg/Build/Intermediates.noindex/ArchiveIntermediates/App/IntermediateBuildFilesPath/SwiftExplicitPrecompiledModules

CreateBuildDirectory /Users/lekiaprosper/Library/Developer/Xcode/DerivedData/App-bmeqrztakkzxpkcqfdhhsyyyzbjg/Build/Intermediates.noindex/ArchiveIntermediates/App/IntermediateBuildFilesPath/EagerLinkingTBDs/Release-iphoneos
    cd /Users/lekiaprosper/Documents/Dev/Connectize/Connectize-Frontend/ios/App
    builtin-create-build-directory /Users/lekiaprosper/Library/Developer/Xcode/DerivedData/App-bmeqrztakkzxpkcqfdhhsyyyzbjg/Build/Intermediates.noindex/ArchiveIntermediates/App/IntermediateBuildFilesPath/EagerLinkingTBDs/Release-iphoneos

CreateBuildDirectory /Users/lekiaprosper/Library/Developer/Xcode/DerivedData/App-bmeqrztakkzxpkcqfdhhsyyyzbjg/Build/Intermediates.noindex/ArchiveIntermediates/App/BuildProductsPath/Release-iphoneos
    cd /Users/lekiaprosper/Documents/Dev/Connectize/Connectize-Frontend/ios/App
    builtin-create-build-directory /Users/lekiaprosper/Library/Developer/Xcode/DerivedData/App-bmeqrztakkzxpkcqfdhhsyyyzbjg/Build/Intermediates.noindex/ArchiveIntermediates/App/BuildProductsPath/Release-iphoneos

WriteAuxiliaryFile /Users/lekiaprosper/Library/Developer/Xcode/DerivedData/App-bmeqrztakkzxpkcqfdhhsyyyzbjg/Build/Intermediates.noindex/ArchiveIntermediates/App/IntermediateBuildFilesPath/Pods.build/Release-iphoneos/Pods-8699adb1dd336b26511df848a716bd42-VFS-iphoneos/all-product-headers.yaml
    cd /Users/lekiaprosper/Documents/Dev/Connectize/Connectize-Frontend/ios/App
    write-file /Users/lekiaprosper/Library/Developer/Xcode/DerivedData/App-bmeqrztakkzxpkcqfdhhsyyyzbjg/Build/Intermediates.noindex/ArchiveIntermediates/App/IntermediateBuildFilesPath/Pods.build/Release-iphoneos/Pods-8699adb1dd336b26511df848a716bd42-VFS-iphoneos/all-product-headers.yaml

WriteAuxiliaryFile /Users/lekiaprosper/Library/Developer/Xcode/DerivedData/App-bmeqrztakkzxpkcqfdhhsyyyzbjg/Build/Intermediates.noindex/ArchiveIntermediates/App/IntermediateBuildFilesPath/App.build/Release-iphoneos/App-0ca3007d900a678c2b4d53418799ee3d-VFS-iphoneos/all-product-headers.yaml
    cd /Users/lekiaprosper/Documents/Dev/Connectize/Connectize-Frontend/ios/App
    write-file /Users/lekiaprosper/Library/Developer/Xcode/DerivedData/App-bmeqrztakkzxpkcqfdhhsyyyzbjg/Build/Intermediates.noindex/ArchiveIntermediates/App/IntermediateBuildFilesPath/App.build/Release-iphoneos/App-0ca3007d900a678c2b4d53418799ee3d-VFS-iphoneos/all-product-headers.yaml

CreateBuildDirectory /Users/lekiaprosper/Library/Developer/Xcode/DerivedData/App-bmeqrztakkzxpkcqfdhhsyyyzbjg/Build/Intermediates.noindex/ArchiveIntermediates/App/BuildProductsPath/Release-iphoneos/CapacitorStatusBar
    cd /Users/lekiaprosper/Documents/Dev/Connectize/Connectize-Frontend/ios/App
    builtin-create-build-directory /Users/lekiaprosper/Library/Developer/Xcode/DerivedData/App-bmeqrztakkzxpkcqfdhhsyyyzbjg/Build/Intermediates.noindex/ArchiveIntermediates/App/BuildProductsPath/Release-iphoneos/CapacitorStatusBar

CreateBuildDirectory /Users/lekiaprosper/Library/Developer/Xcode/DerivedData/App-bmeqrztakkzxpkcqfdhhsyyyzbjg/Build/Intermediates.noindex/ArchiveIntermediates/App/BuildProductsPath/Release-iphoneos/CapacitorCordova
    cd /Users/lekiaprosper/Documents/Dev/Connectize/Connectize-Frontend/ios/App
    builtin-create-build-directory /Users/lekiaprosper/Library/Developer/Xcode/DerivedData/App-bmeqrztakkzxpkcqfdhhsyyyzbjg/Build/Intermediates.noindex/ArchiveIntermediates/App/BuildProductsPath/Release-iphoneos/CapacitorCordova

CreateBuildDirectory /Users/lekiaprosper/Library/Developer/Xcode/DerivedData/App-bmeqrztakkzxpkcqfdhhsyyyzbjg/Build/Intermediates.noindex/ArchiveIntermediates/App/BuildProductsPath/Release-iphoneos/Capacitor
    cd /Users/lekiaprosper/Documents/Dev/Connectize/Connectize-Frontend/ios/App
    builtin-create-build-directory /Users/lekiaprosper/Library/Developer/Xcode/DerivedData/App-bmeqrztakkzxpkcqfdhhsyyyzbjg/Build/Intermediates.noindex/ArchiveIntermediates/App/BuildProductsPath/Release-iphoneos/Capacitor

CreateBuildDirectory /Users/lekiaprosper/Library/Developer/Xcode/DerivedData/App-bmeqrztakkzxpkcqfdhhsyyyzbjg/Build/Intermediates.noindex/ArchiveIntermediates/App/BuildProductsPath/Release-iphoneos/CapacitorSplashScreen
    cd /Users/lekiaprosper/Documents/Dev/Connectize/Connectize-Frontend/ios/App
    builtin-create-build-directory /Users/lekiaprosper/Library/Developer/Xcode/DerivedData/App-bmeqrztakkzxpkcqfdhhsyyyzbjg/Build/Intermediates.noindex/ArchiveIntermediates/App/BuildProductsPath/Release-iphoneos/CapacitorSplashScreen

WriteAuxiliaryFile /Users/lekiaprosper/Library/Developer/Xcode/DerivedData/App-bmeqrztakkzxpkcqfdhhsyyyzbjg/Build/Intermediates.noindex/ArchiveIntermediates/App/IntermediateBuildFilesPath/App.build/Release-iphoneos/App.build/Script-6634F4EFEBD30273BCE97C65.sh (in target 'App' from project 'App')
    cd /Users/lekiaprosper/Documents/Dev/Connectize/Connectize-Frontend/ios/App
    write-file /Users/lekiaprosper/Library/Developer/Xcode/DerivedData/App-bmeqrztakkzxpkcqfdhhsyyyzbjg/Build/Intermediates.noindex/ArchiveIntermediates/App/IntermediateBuildFilesPath/App.build/Release-iphoneos/App.build/Script-6634F4EFEBD30273BCE97C65.sh

WriteAuxiliaryFile /Users/lekiaprosper/Library/Developer/Xcode/DerivedData/App-bmeqrztakkzxpkcqfdhhsyyyzbjg/Build/Intermediates.noindex/ArchiveIntermediates/App/IntermediateBuildFilesPath/App.build/Release-iphoneos/App.build/Script-7B919B604F79862E96B0F318.sh (in target 'App' from project 'App')
    cd /Users/lekiaprosper/Documents/Dev/Connectize/Connectize-Frontend/ios/App
    write-file /Users/lekiaprosper/Library/Developer/Xcode/DerivedData/App-bmeqrztakkzxpkcqfdhhsyyyzbjg/Build/Intermediates.noindex/ArchiveIntermediates/App/IntermediateBuildFilesPath/App.build/Release-iphoneos/App.build/Script-7B919B604F79862E96B0F318.sh

WriteAuxiliaryFile /Users/lekiaprosper/Library/Developer/Xcode/DerivedData/App-bmeqrztakkzxpkcqfdhhsyyyzbjg/Build/Intermediates.noindex/ArchiveIntermediates/App/IntermediateBuildFilesPath/Pods.build/Release-iphoneos/Pods-App.build/Pods_App.DependencyMetadataFileList (in target 'Pods-App' from project 'Pods')
    cd /Users/lekiaprosper/Documents/Dev/Connectize/Connectize-Frontend/ios/App/Pods
    write-file /Users/lekiaprosper/Library/Developer/Xcode/DerivedData/App-bmeqrztakkzxpkcqfdhhsyyyzbjg/Build/Intermediates.noindex/ArchiveIntermediates/App/IntermediateBuildFilesPath/Pods.build/Release-iphoneos/Pods-App.build/Pods_App.DependencyMetadataFileList

WriteAuxiliaryFile /Users/lekiaprosper/Library/Developer/Xcode/DerivedData/App-bmeqrztakkzxpkcqfdhhsyyyzbjg/Build/Intermediates.noindex/ArchiveIntermediates/App/IntermediateBuildFilesPath/App.build/Release-iphoneos/App.build/Objects-normal/arm64/App-OutputFileMap.json (in target 'App' from project 'App')
    cd /Users/lekiaprosper/Documents/Dev/Connectize/Connectize-Frontend/ios/App
    write-file /Users/lekiaprosper/Library/Developer/Xcode/DerivedData/App-bmeqrztakkzxpkcqfdhhsyyyzbjg/Build/Intermediates.noindex/ArchiveIntermediates/App/IntermediateBuildFilesPath/App.build/Release-iphoneos/App.build/Objects-normal/arm64/App-OutputFileMap.json

WriteAuxiliaryFile /Users/lekiaprosper/Library/Developer/Xcode/DerivedData/App-bmeqrztakkzxpkcqfdhhsyyyzbjg/Build/Intermediates.noindex/ArchiveIntermediates/App/IntermediateBuildFilesPath/Pods.build/Release-iphoneos/Pods-App.build/Pods_App-project-headers.hmap (in target 'Pods-App' from project 'Pods')
    cd /Users/lekiaprosper/Documents/Dev/Connectize/Connectize-Frontend/ios/App/Pods
    write-file /Users/lekiaprosper/Library/Developer/Xcode/DerivedData/App-bmeqrztakkzxpkcqfdhhsyyyzbjg/Build/Intermediates.noindex/ArchiveIntermediates/App/IntermediateBuildFilesPath/Pods.build/Release-iphoneos/Pods-App.build/Pods_App-project-headers.hmap

WriteAuxiliaryFile /Users/lekiaprosper/Library/Developer/Xcode/DerivedData/App-bmeqrztakkzxpkcqfdhhsyyyzbjg/Build/Intermediates.noindex/ArchiveIntermediates/App/IntermediateBuildFilesPath/App.build/Release-iphoneos/App.build/Objects-normal/arm64/App_const_extract_protocols.json (in target 'App' from project 'App')
    cd /Users/lekiaprosper/Documents/Dev/Connectize/Connectize-Frontend/ios/App
    write-file /Users/lekiaprosper/Library/Developer/Xcode/DerivedData/App-bmeqrztakkzxpkcqfdhhsyyyzbjg/Build/Intermediates.noindex/ArchiveIntermediates/App/IntermediateBuildFilesPath/App.build/Release-iphoneos/App.build/Objects-normal/arm64/App_const_extract_protocols.json

WriteAuxiliaryFile /Users/lekiaprosper/Library/Developer/Xcode/DerivedData/App-bmeqrztakkzxpkcqfdhhsyyyzbjg/Build/Intermediates.noindex/ArchiveIntermediates/App/IntermediateBuildFilesPath/Pods.build/Release-iphoneos/Pods-App.build/Pods_App.DependencyStaticMetadataFileList (in target 'Pods-App' from project 'Pods')
    cd /Users/lekiaprosper/Documents/Dev/Connectize/Connectize-Frontend/ios/App/Pods
    write-file /Users/lekiaprosper/Library/Developer/Xcode/DerivedData/App-bmeqrztakkzxpkcqfdhhsyyyzbjg/Build/Intermediates.noindex/ArchiveIntermediates/App/IntermediateBuildFilesPath/Pods.build/Release-iphoneos/Pods-App.build/Pods_App.DependencyStaticMetadataFileList

WriteAuxiliaryFile /Users/lekiaprosper/Library/Developer/Xcode/DerivedData/App-bmeqrztakkzxpkcqfdhhsyyyzbjg/Build/Intermediates.noindex/ArchiveIntermediates/App/IntermediateBuildFilesPath/Pods.build/Release-iphoneos/Pods-App.build/Pods_App.hmap (in target 'Pods-App' from project 'Pods')
    cd /Users/lekiaprosper/Documents/Dev/Connectize/Connectize-Frontend/ios/App/Pods
    write-file /Users/lekiaprosper/Library/Developer/Xcode/DerivedData/App-bmeqrztakkzxpkcqfdhhsyyyzbjg/Build/Intermediates.noindex/ArchiveIntermediates/App/IntermediateBuildFilesPath/Pods.build/Release-iphoneos/Pods-App.build/Pods_App.hmap

WriteAuxiliaryFile /Users/lekiaprosper/Library/Developer/Xcode/DerivedData/App-bmeqrztakkzxpkcqfdhhsyyyzbjg/Build/Intermediates.noindex/ArchiveIntermediates/App/IntermediateBuildFilesPath/App.build/Release-iphoneos/App.build/Objects-normal/arm64/App.LinkFileList (in target 'App' from project 'App')
    cd /Users/lekiaprosper/Documents/Dev/Connectize/Connectize-Frontend/ios/App
    write-file /Users/lekiaprosper/Library/Developer/Xcode/DerivedData/App-bmeqrztakkzxpkcqfdhhsyyyzbjg/Build/Intermediates.noindex/ArchiveIntermediates/App/IntermediateBuildFilesPath/App.build/Release-iphoneos/App.build/Objects-normal/arm64/App.LinkFileList

WriteAuxiliaryFile /Users/lekiaprosper/Library/Developer/Xcode/DerivedData/App-bmeqrztakkzxpkcqfdhhsyyyzbjg/Build/Intermediates.noindex/ArchiveIntermediates/App/IntermediateBuildFilesPath/Pods.build/Release-iphoneos/Pods-App.build/Pods_App-own-target-headers.hmap (in target 'Pods-App' from project 'Pods')
    cd /Users/lekiaprosper/Documents/Dev/Connectize/Connectize-Frontend/ios/App/Pods
    write-file /Users/lekiaprosper/Library/Developer/Xcode/DerivedData/App-bmeqrztakkzxpkcqfdhhsyyyzbjg/Build/Intermediates.noindex/ArchiveIntermediates/App/IntermediateBuildFilesPath/Pods.build/Release-iphoneos/Pods-App.build/Pods_App-own-target-headers.hmap

WriteAuxiliaryFile /Users/lekiaprosper/Library/Developer/Xcode/DerivedData/App-bmeqrztakkzxpkcqfdhhsyyyzbjg/Build/Intermediates.noindex/ArchiveIntermediates/App/IntermediateBuildFilesPath/Pods.build/Release-iphoneos/Pods-App.build/Pods_App-generated-files.hmap (in target 'Pods-App' from project 'Pods')
    cd /Users/lekiaprosper/Documents/Dev/Connectize/Connectize-Frontend/ios/App/Pods
    write-file /Users/lekiaprosper/Library/Developer/Xcode/DerivedData/App-bmeqrztakkzxpkcqfdhhsyyyzbjg/Build/Intermediates.noindex/ArchiveIntermediates/App/IntermediateBuildFilesPath/Pods.build/Release-iphoneos/Pods-App.build/Pods_App-generated-files.hmap

WriteAuxiliaryFile /Users/lekiaprosper/Library/Developer/Xcode/DerivedData/App-bmeqrztakkzxpkcqfdhhsyyyzbjg/Build/Intermediates.noindex/ArchiveIntermediates/App/IntermediateBuildFilesPath/Pods.build/Release-iphoneos/Pods-App.build/Pods_App-all-target-headers.hmap (in target 'Pods-App' from project 'Pods')
    cd /Users/lekiaprosper/Documents/Dev/Connectize/Connectize-Frontend/ios/App/Pods
    write-file /Users/lekiaprosper/Library/Developer/Xcode/DerivedData/App-bmeqrztakkzxpkcqfdhhsyyyzbjg/Build/Intermediates.noindex/ArchiveIntermediates/App/IntermediateBuildFilesPath/Pods.build/Release-iphoneos/Pods-App.build/Pods_App-all-target-headers.hmap

WriteAuxiliaryFile /Users/lekiaprosper/Library/Developer/Xcode/DerivedData/App-bmeqrztakkzxpkcqfdhhsyyyzbjg/Build/Intermediates.noindex/ArchiveIntermediates/App/IntermediateBuildFilesPath/Pods.build/Release-iphoneos/Pods-App.build/Pods_App-all-non-framework-target-headers.hmap (in target 'Pods-App' from project 'Pods')
    cd /Users/lekiaprosper/Documents/Dev/Connectize/Connectize-Frontend/ios/App/Pods
    write-file /Users/lekiaprosper/Library/Developer/Xcode/DerivedData/App-bmeqrztakkzxpkcqfdhhsyyyzbjg/Build/Intermediates.noindex/ArchiveIntermediates/App/IntermediateBuildFilesPath/Pods.build/Release-iphoneos/Pods-App.build/Pods_App-all-non-framework-target-headers.hmap

WriteAuxiliaryFile /Users/lekiaprosper/Library/Developer/Xcode/DerivedData/App-bmeqrztakkzxpkcqfdhhsyyyzbjg/Build/Intermediates.noindex/ArchiveIntermediates/App/IntermediateBuildFilesPath/Pods.build/Release-iphoneos/Pods-App.build/Objects-normal/arm64/Pods_App.LinkFileList (in target 'Pods-App' from project 'Pods')
    cd /Users/lekiaprosper/Documents/Dev/Connectize/Connectize-Frontend/ios/App/Pods
    write-file /Users/lekiaprosper/Library/Developer/Xcode/DerivedData/App-bmeqrztakkzxpkcqfdhhsyyyzbjg/Build/Intermediates.noindex/ArchiveIntermediates/App/IntermediateBuildFilesPath/Pods.build/Release-iphoneos/Pods-App.build/Objects-normal/arm64/Pods_App.LinkFileList

WriteAuxiliaryFile /Users/lekiaprosper/Library/Developer/Xcode/DerivedData/App-bmeqrztakkzxpkcqfdhhsyyyzbjg/Build/Intermediates.noindex/ArchiveIntermediates/App/IntermediateBuildFilesPath/Pods.build/Release-iphoneos/Pods-App.build/Objects-normal/arm64/e6072d4f65d7061329687fe24e3d63a7-common-args.resp (in target 'Pods-App' from project 'Pods')
    cd /Users/lekiaprosper/Documents/Dev/Connectize/Connectize-Frontend/ios/App/Pods
    write-file /Users/lekiaprosper/Library/Developer/Xcode/DerivedData/App-bmeqrztakkzxpkcqfdhhsyyyzbjg/Build/Intermediates.noindex/ArchiveIntermediates/App/IntermediateBuildFilesPath/Pods.build/Release-iphoneos/Pods-App.build/Objects-normal/arm64/e6072d4f65d7061329687fe24e3d63a7-common-args.resp
-target arm64-apple-ios14.0 '-std=gnu11' -fobjc-arc -fmodules -gmodules '-fmodules-cache-path=/Users/lekiaprosper/Library/Developer/Xcode/DerivedData/ModuleCache.noindex' '-fmodule-name=Pods_App' -fpascal-strings -Os -fno-common '-DPOD_CONFIGURATION_RELEASE=1' '-DCOCOAPODS=1' '-DNS_BLOCK_ASSERTIONS=1' '-DOBJC_OLD_DISPATCH_PROTOTYPES=0' -isysroot /Applications/Xcode.app/Contents/Developer/Platforms/iPhoneOS.platform/Developer/SDKs/iPhoneOS26.0.sdk -g -iquote /Users/lekiaprosper/Library/Developer/Xcode/DerivedData/App-bmeqrztakkzxpkcqfdhhsyyyzbjg/Build/Intermediates.noindex/ArchiveIntermediates/App/IntermediateBuildFilesPath/Pods.build/Release-iphoneos/Pods-App.build/Pods_App-generated-files.hmap -I/Users/lekiaprosper/Library/Developer/Xcode/DerivedData/App-bmeqrztakkzxpkcqfdhhsyyyzbjg/Build/Intermediates.noindex/ArchiveIntermediates/App/IntermediateBuildFilesPath/Pods.build/Release-iphoneos/Pods-App.build/Pods_App-own-target-headers.hmap -I/Users/lekiaprosper/Library/Developer/Xcode/DerivedData/App-bmeqrztakkzxpkcqfdhhsyyyzbjg/Build/Intermediates.noindex/ArchiveIntermediates/App/IntermediateBuildFilesPath/Pods.build/Release-iphoneos/Pods-App.build/Pods_App-all-non-framework-target-headers.hmap -ivfsoverlay /Users/lekiaprosper/Library/Developer/Xcode/DerivedData/App-bmeqrztakkzxpkcqfdhhsyyyzbjg/Build/Intermediates.noindex/ArchiveIntermediates/App/IntermediateBuildFilesPath/Pods.build/Release-iphoneos/Pods-8699adb1dd336b26511df848a716bd42-VFS-iphoneos/all-product-headers.yaml -iquote /Users/lekiaprosper/Library/Developer/Xcode/DerivedData/App-bmeqrztakkzxpkcqfdhhsyyyzbjg/Build/Intermediates.noindex/ArchiveIntermediates/App/IntermediateBuildFilesPath/Pods.build/Release-iphoneos/Pods-App.build/Pods_App-project-headers.hmap -I/Users/lekiaprosper/Library/Developer/Xcode/DerivedData/App-bmeqrztakkzxpkcqfdhhsyyyzbjg/Build/Intermediates.noindex/ArchiveIntermediates/App/BuildProductsPath/Release-iphoneos/include -I/Users/lekiaprosper/Library/Developer/Xcode/DerivedData/App-bmeqrztakkzxpkcqfdhhsyyyzbjg/Build/Intermediates.noindex/ArchiveIntermediates/App/BuildProductsPath/Release-iphoneos/Capacitor/Capacitor.framework/Headers -I/Users/lekiaprosper/Library/Developer/Xcode/DerivedData/App-bmeqrztakkzxpkcqfdhhsyyyzbjg/Build/Intermediates.noindex/ArchiveIntermediates/App/BuildProductsPath/Release-iphoneos/CapacitorCordova/Cordova.framework/Headers -I/Users/lekiaprosper/Library/Developer/Xcode/DerivedData/App-bmeqrztakkzxpkcqfdhhsyyyzbjg/Build/Intermediates.noindex/ArchiveIntermediates/App/BuildProductsPath/Release-iphoneos/CapacitorSplashScreen/CapacitorSplashScreen.framework/Headers -I/Users/lekiaprosper/Library/Developer/Xcode/DerivedData/App-bmeqrztakkzxpkcqfdhhsyyyzbjg/Build/Intermediates.noindex/ArchiveIntermediates/App/BuildProductsPath/Release-iphoneos/CapacitorStatusBar/CapacitorStatusBar.framework/Headers -I/Users/lekiaprosper/Library/Developer/Xcode/DerivedData/App-bmeqrztakkzxpkcqfdhhsyyyzbjg/Build/Intermediates.noindex/ArchiveIntermediates/App/IntermediateBuildFilesPath/Pods.build/Release-iphoneos/Pods-App.build/DerivedSources-normal/arm64 -I/Users/lekiaprosper/Library/Developer/Xcode/DerivedData/App-bmeqrztakkzxpkcqfdhhsyyyzbjg/Build/Intermediates.noindex/ArchiveIntermediates/App/IntermediateBuildFilesPath/Pods.build/Release-iphoneos/Pods-App.build/DerivedSources/arm64 -I/Users/lekiaprosper/Library/Developer/Xcode/DerivedData/App-bmeqrztakkzxpkcqfdhhsyyyzbjg/Build/Intermediates.noindex/ArchiveIntermediates/App/IntermediateBuildFilesPath/Pods.build/Release-iphoneos/Pods-App.build/DerivedSources -F/Users/lekiaprosper/Library/Developer/Xcode/DerivedData/App-bmeqrztakkzxpkcqfdhhsyyyzbjg/Build/Intermediates.noindex/ArchiveIntermediates/App/BuildProductsPath/Release-iphoneos -F/Users/lekiaprosper/Library/Developer/Xcode/DerivedData/App-bmeqrztakkzxpkcqfdhhsyyyzbjg/Build/Intermediates.noindex/ArchiveIntermediates/App/BuildProductsPath/Release-iphoneos/Capacitor -F/Users/lekiaprosper/Library/Developer/Xcode/DerivedData/App-bmeqrztakkzxpkcqfdhhsyyyzbjg/Build/Intermediates.noindex/ArchiveIntermediates/App/BuildProductsPath/Release-iphoneos/CapacitorCordova -F/Users/lekiaprosper/Library/Developer/Xcode/DerivedData/App-bmeqrztakkzxpkcqfdhhsyyyzbjg/Build/Intermediates.noindex/ArchiveIntermediates/App/BuildProductsPath/Release-iphoneos/CapacitorSplashScreen -F/Users/lekiaprosper/Library/Developer/Xcode/DerivedData/App-bmeqrztakkzxpkcqfdhhsyyyzbjg/Build/Intermediates.noindex/ArchiveIntermediates/App/BuildProductsPath/Release-iphoneos/CapacitorStatusBar

WriteAuxiliaryFile /Users/lekiaprosper/Library/Developer/Xcode/DerivedData/App-bmeqrztakkzxpkcqfdhhsyyyzbjg/Build/Intermediates.noindex/ArchiveIntermediates/App/IntermediateBuildFilesPath/Pods.build/Release-iphoneos/Pods-App.build/Objects-normal/arm64/7187679823f38a2a940e0043cdf9d637-common-args.resp (in target 'Pods-App' from project 'Pods')
    cd /Users/lekiaprosper/Documents/Dev/Connectize/Connectize-Frontend/ios/App/Pods
    write-file /Users/lekiaprosper/Library/Developer/Xcode/DerivedData/App-bmeqrztakkzxpkcqfdhhsyyyzbjg/Build/Intermediates.noindex/ArchiveIntermediates/App/IntermediateBuildFilesPath/Pods.build/Release-iphoneos/Pods-App.build/Objects-normal/arm64/7187679823f38a2a940e0043cdf9d637-common-args.resp
-target arm64-apple-ios14.0 '-std=gnu11' -fmodules -gmodules '-fmodules-cache-path=/Users/lekiaprosper/Library/Developer/Xcode/DerivedData/ModuleCache.noindex' '-fmodule-name=Pods_App' -fpascal-strings -Os -fno-common '-DPOD_CONFIGURATION_RELEASE=1' '-DCOCOAPODS=1' -isysroot /Applications/Xcode.app/Contents/Developer/Platforms/iPhoneOS.platform/Developer/SDKs/iPhoneOS26.0.sdk -g -iquote /Users/lekiaprosper/Library/Developer/Xcode/DerivedData/App-bmeqrztakkzxpkcqfdhhsyyyzbjg/Build/Intermediates.noindex/ArchiveIntermediates/App/IntermediateBuildFilesPath/Pods.build/Release-iphoneos/Pods-App.build/Pods_App-generated-files.hmap -I/Users/lekiaprosper/Library/Developer/Xcode/DerivedData/App-bmeqrztakkzxpkcqfdhhsyyyzbjg/Build/Intermediates.noindex/ArchiveIntermediates/App/IntermediateBuildFilesPath/Pods.build/Release-iphoneos/Pods-App.build/Pods_App-own-target-headers.hmap -I/Users/lekiaprosper/Library/Developer/Xcode/DerivedData/App-bmeqrztakkzxpkcqfdhhsyyyzbjg/Build/Intermediates.noindex/ArchiveIntermediates/App/IntermediateBuildFilesPath/Pods.build/Release-iphoneos/Pods-App.build/Pods_App-all-non-framework-target-headers.hmap -ivfsoverlay /Users/lekiaprosper/Library/Developer/Xcode/DerivedData/App-bmeqrztakkzxpkcqfdhhsyyyzbjg/Build/Intermediates.noindex/ArchiveIntermediates/App/IntermediateBuildFilesPath/Pods.build/Release-iphoneos/Pods-8699adb1dd336b26511df848a716bd42-VFS-iphoneos/all-product-headers.yaml -iquote /Users/lekiaprosper/Library/Developer/Xcode/DerivedData/App-bmeqrztakkzxpkcqfdhhsyyyzbjg/Build/Intermediates.noindex/ArchiveIntermediates/App/IntermediateBuildFilesPath/Pods.build/Release-iphoneos/Pods-App.build/Pods_App-project-headers.hmap -I/Users/lekiaprosper/Library/Developer/Xcode/DerivedData/App-bmeqrztakkzxpkcqfdhhsyyyzbjg/Build/Intermediates.noindex/ArchiveIntermediates/App/BuildProductsPath/Release-iphoneos/include -I/Users/lekiaprosper/Library/Developer/Xcode/DerivedData/App-bmeqrztakkzxpkcqfdhhsyyyzbjg/Build/Intermediates.noindex/ArchiveIntermediates/App/BuildProductsPath/Release-iphoneos/Capacitor/Capacitor.framework/Headers -I/Users/lekiaprosper/Library/Developer/Xcode/DerivedData/App-bmeqrztakkzxpkcqfdhhsyyyzbjg/Build/Intermediates.noindex/ArchiveIntermediates/App/BuildProductsPath/Release-iphoneos/CapacitorCordova/Cordova.framework/Headers -I/Users/lekiaprosper/Library/Developer/Xcode/DerivedData/App-bmeqrztakkzxpkcqfdhhsyyyzbjg/Build/Intermediates.noindex/ArchiveIntermediates/App/BuildProductsPath/Release-iphoneos/CapacitorSplashScreen/CapacitorSplashScreen.framework/Headers -I/Users/lekiaprosper/Library/Developer/Xcode/DerivedData/App-bmeqrztakkzxpkcqfdhhsyyyzbjg/Build/Intermediates.noindex/ArchiveIntermediates/App/BuildProductsPath/Release-iphoneos/CapacitorStatusBar/CapacitorStatusBar.framework/Headers -I/Users/lekiaprosper/Library/Developer/Xcode/DerivedData/App-bmeqrztakkzxpkcqfdhhsyyyzbjg/Build/Intermediates.noindex/ArchiveIntermediates/App/IntermediateBuildFilesPath/Pods.build/Release-iphoneos/Pods-App.build/DerivedSources-normal/arm64 -I/Users/lekiaprosper/Library/Developer/Xcode/DerivedData/App-bmeqrztakkzxpkcqfdhhsyyyzbjg/Build/Intermediates.noindex/ArchiveIntermediates/App/IntermediateBuildFilesPath/Pods.build/Release-iphoneos/Pods-App.build/DerivedSources/arm64 -I/Users/lekiaprosper/Library/Developer/Xcode/DerivedData/App-bmeqrztakkzxpkcqfdhhsyyyzbjg/Build/Intermediates.noindex/ArchiveIntermediates/App/IntermediateBuildFilesPath/Pods.build/Release-iphoneos/Pods-App.build/DerivedSources -F/Users/lekiaprosper/Library/Developer/Xcode/DerivedData/App-bmeqrztakkzxpkcqfdhhsyyyzbjg/Build/Intermediates.noindex/ArchiveIntermediates/App/BuildProductsPath/Release-iphoneos -F/Users/lekiaprosper/Library/Developer/Xcode/DerivedData/App-bmeqrztakkzxpkcqfdhhsyyyzbjg/Build/Intermediates.noindex/ArchiveIntermediates/App/BuildProductsPath/Release-iphoneos/Capacitor -F/Users/lekiaprosper/Library/Developer/Xcode/DerivedData/App-bmeqrztakkzxpkcqfdhhsyyyzbjg/Build/Intermediates.noindex/ArchiveIntermediates/App/BuildProductsPath/Release-iphoneos/CapacitorCordova -F/Users/lekiaprosper/Library/Developer/Xcode/DerivedData/App-bmeqrztakkzxpkcqfdhhsyyyzbjg/Build/Intermediates.noindex/ArchiveIntermediates/App/BuildProductsPath/Release-iphoneos/CapacitorSplashScreen -F/Users/lekiaprosper/Library/Developer/Xcode/DerivedData/App-bmeqrztakkzxpkcqfdhhsyyyzbjg/Build/Intermediates.noindex/ArchiveIntermediates/App/BuildProductsPath/Release-iphoneos/CapacitorStatusBar

WriteAuxiliaryFile /Users/lekiaprosper/Library/Developer/Xcode/DerivedData/App-bmeqrztakkzxpkcqfdhhsyyyzbjg/Build/Intermediates.noindex/ArchiveIntermediates/App/IntermediateBuildFilesPath/Pods.build/Release-iphoneos/Pods-App.build/DerivedSources/Pods_App_vers.c (in target 'Pods-App' from project 'Pods')
    cd /Users/lekiaprosper/Documents/Dev/Connectize/Connectize-Frontend/ios/App/Pods
    write-file /Users/lekiaprosper/Library/Developer/Xcode/DerivedData/App-bmeqrztakkzxpkcqfdhhsyyyzbjg/Build/Intermediates.noindex/ArchiveIntermediates/App/IntermediateBuildFilesPath/Pods.build/Release-iphoneos/Pods-App.build/DerivedSources/Pods_App_vers.c

Copy /Users/lekiaprosper/Library/Developer/Xcode/DerivedData/App-bmeqrztakkzxpkcqfdhhsyyyzbjg/Build/Intermediates.noindex/ArchiveIntermediates/App/IntermediateBuildFilesPath/Pods.build/Release-iphoneos/Pods-App.build/module.modulemap /Users/lekiaprosper/Documents/Dev/Connectize/Connectize-Frontend/ios/App/Pods/Target\ Support\ Files/Pods-App/Pods-App.modulemap (in target 'Pods-App' from project 'Pods')
    cd /Users/lekiaprosper/Documents/Dev/Connectize/Connectize-Frontend/ios/App/Pods
    builtin-copy -exclude .DS_Store -exclude CVS -exclude .svn -exclude .git -exclude .hg -resolve-src-symlinks -rename /Users/lekiaprosper/Documents/Dev/Connectize/Connectize-Frontend/ios/App/Pods/Target\ Support\ Files/Pods-App/Pods-App.modulemap /Users/lekiaprosper/Library/Developer/Xcode/DerivedData/App-bmeqrztakkzxpkcqfdhhsyyyzbjg/Build/Intermediates.noindex/ArchiveIntermediates/App/IntermediateBuildFilesPath/Pods.build/Release-iphoneos/Pods-App.build/module.modulemap

WriteAuxiliaryFile /Users/lekiaprosper/Library/Developer/Xcode/DerivedData/App-bmeqrztakkzxpkcqfdhhsyyyzbjg/Build/Intermediates.noindex/ArchiveIntermediates/App/IntermediateBuildFilesPath/App.build/Release-iphoneos/App.build/Objects-normal/arm64/App.SwiftConstValuesFileList (in target 'App' from project 'App')
    cd /Users/lekiaprosper/Documents/Dev/Connectize/Connectize-Frontend/ios/App
    write-file /Users/lekiaprosper/Library/Developer/Xcode/DerivedData/App-bmeqrztakkzxpkcqfdhhsyyyzbjg/Build/Intermediates.noindex/ArchiveIntermediates/App/IntermediateBuildFilesPath/App.build/Release-iphoneos/App.build/Objects-normal/arm64/App.SwiftConstValuesFileList

WriteAuxiliaryFile /Users/lekiaprosper/Library/Developer/Xcode/DerivedData/App-bmeqrztakkzxpkcqfdhhsyyyzbjg/Build/Intermediates.noindex/ArchiveIntermediates/App/IntermediateBuildFilesPath/App.build/Release-iphoneos/App.build/Objects-normal/arm64/App.SwiftFileList (in target 'App' from project 'App')
    cd /Users/lekiaprosper/Documents/Dev/Connectize/Connectize-Frontend/ios/App
    write-file /Users/lekiaprosper/Library/Developer/Xcode/DerivedData/App-bmeqrztakkzxpkcqfdhhsyyyzbjg/Build/Intermediates.noindex/ArchiveIntermediates/App/IntermediateBuildFilesPath/App.build/Release-iphoneos/App.build/Objects-normal/arm64/App.SwiftFileList

CpHeader /Users/lekiaprosper/Library/Developer/Xcode/DerivedData/App-bmeqrztakkzxpkcqfdhhsyyyzbjg/Build/Intermediates.noindex/ArchiveIntermediates/App/IntermediateBuildFilesPath/UninstalledProducts/iphoneos/Pods_App.framework/Headers/Pods-App-umbrella.h /Users/lekiaprosper/Documents/Dev/Connectize/Connectize-Frontend/ios/App/Pods/Target\ Support\ Files/Pods-App/Pods-App-umbrella.h (in target 'Pods-App' from project 'Pods')
    cd /Users/lekiaprosper/Documents/Dev/Connectize/Connectize-Frontend/ios/App/Pods
    builtin-copy -exclude .DS_Store -exclude CVS -exclude .svn -exclude .git -exclude .hg -resolve-src-symlinks /Users/lekiaprosper/Documents/Dev/Connectize/Connectize-Frontend/ios/App/Pods/Target\ Support\ Files/Pods-App/Pods-App-umbrella.h /Users/lekiaprosper/Library/Developer/Xcode/DerivedData/App-bmeqrztakkzxpkcqfdhhsyyyzbjg/Build/Intermediates.noindex/ArchiveIntermediates/App/IntermediateBuildFilesPath/UninstalledProducts/iphoneos/Pods_App.framework/Headers

WriteAuxiliaryFile /Users/lekiaprosper/Library/Developer/Xcode/DerivedData/App-bmeqrztakkzxpkcqfdhhsyyyzbjg/Build/Intermediates.noindex/ArchiveIntermediates/App/IntermediateBuildFilesPath/App.build/Release-iphoneos/App.build/DerivedSources/Entitlements.plist (in target 'App' from project 'App')
    cd /Users/lekiaprosper/Documents/Dev/Connectize/Connectize-Frontend/ios/App
    write-file /Users/lekiaprosper/Library/Developer/Xcode/DerivedData/App-bmeqrztakkzxpkcqfdhhsyyyzbjg/Build/Intermediates.noindex/ArchiveIntermediates/App/IntermediateBuildFilesPath/App.build/Release-iphoneos/App.build/DerivedSources/Entitlements.plist

WriteAuxiliaryFile /Users/lekiaprosper/Library/Developer/Xcode/DerivedData/App-bmeqrztakkzxpkcqfdhhsyyyzbjg/Build/Intermediates.noindex/ArchiveIntermediates/App/IntermediateBuildFilesPath/App.build/Release-iphoneos/App.build/App.hmap (in target 'App' from project 'App')
    cd /Users/lekiaprosper/Documents/Dev/Connectize/Connectize-Frontend/ios/App
    write-file /Users/lekiaprosper/Library/Developer/Xcode/DerivedData/App-bmeqrztakkzxpkcqfdhhsyyyzbjg/Build/Intermediates.noindex/ArchiveIntermediates/App/IntermediateBuildFilesPath/App.build/Release-iphoneos/App.build/App.hmap

WriteAuxiliaryFile /Users/lekiaprosper/Library/Developer/Xcode/DerivedData/App-bmeqrztakkzxpkcqfdhhsyyyzbjg/Build/Intermediates.noindex/ArchiveIntermediates/App/IntermediateBuildFilesPath/App.build/Release-iphoneos/App.build/App.DependencyStaticMetadataFileList (in target 'App' from project 'App')
    cd /Users/lekiaprosper/Documents/Dev/Connectize/Connectize-Frontend/ios/App
    write-file /Users/lekiaprosper/Library/Developer/Xcode/DerivedData/App-bmeqrztakkzxpkcqfdhhsyyyzbjg/Build/Intermediates.noindex/ArchiveIntermediates/App/IntermediateBuildFilesPath/App.build/Release-iphoneos/App.build/App.DependencyStaticMetadataFileList

WriteAuxiliaryFile /Users/lekiaprosper/Library/Developer/Xcode/DerivedData/App-bmeqrztakkzxpkcqfdhhsyyyzbjg/Build/Intermediates.noindex/ArchiveIntermediates/App/IntermediateBuildFilesPath/App.build/Release-iphoneos/App.build/App.DependencyMetadataFileList (in target 'App' from project 'App')
    cd /Users/lekiaprosper/Documents/Dev/Connectize/Connectize-Frontend/ios/App
    write-file /Users/lekiaprosper/Library/Developer/Xcode/DerivedData/App-bmeqrztakkzxpkcqfdhhsyyyzbjg/Build/Intermediates.noindex/ArchiveIntermediates/App/IntermediateBuildFilesPath/App.build/Release-iphoneos/App.build/App.DependencyMetadataFileList

WriteAuxiliaryFile /Users/lekiaprosper/Library/Developer/Xcode/DerivedData/App-bmeqrztakkzxpkcqfdhhsyyyzbjg/Build/Intermediates.noindex/ArchiveIntermediates/App/IntermediateBuildFilesPath/App.build/Release-iphoneos/App.build/App-project-headers.hmap (in target 'App' from project 'App')
    cd /Users/lekiaprosper/Documents/Dev/Connectize/Connectize-Frontend/ios/App
    write-file /Users/lekiaprosper/Library/Developer/Xcode/DerivedData/App-bmeqrztakkzxpkcqfdhhsyyyzbjg/Build/Intermediates.noindex/ArchiveIntermediates/App/IntermediateBuildFilesPath/App.build/Release-iphoneos/App.build/App-project-headers.hmap

WriteAuxiliaryFile /Users/lekiaprosper/Library/Developer/Xcode/DerivedData/App-bmeqrztakkzxpkcqfdhhsyyyzbjg/Build/Intermediates.noindex/ArchiveIntermediates/App/IntermediateBuildFilesPath/App.build/Release-iphoneos/App.build/App-own-target-headers.hmap (in target 'App' from project 'App')
    cd /Users/lekiaprosper/Documents/Dev/Connectize/Connectize-Frontend/ios/App
    write-file /Users/lekiaprosper/Library/Developer/Xcode/DerivedData/App-bmeqrztakkzxpkcqfdhhsyyyzbjg/Build/Intermediates.noindex/ArchiveIntermediates/App/IntermediateBuildFilesPath/App.build/Release-iphoneos/App.build/App-own-target-headers.hmap

WriteAuxiliaryFile /Users/lekiaprosper/Library/Developer/Xcode/DerivedData/App-bmeqrztakkzxpkcqfdhhsyyyzbjg/Build/Intermediates.noindex/ArchiveIntermediates/App/IntermediateBuildFilesPath/App.build/Release-iphoneos/App.build/App-generated-files.hmap (in target 'App' from project 'App')
    cd /Users/lekiaprosper/Documents/Dev/Connectize/Connectize-Frontend/ios/App
    write-file /Users/lekiaprosper/Library/Developer/Xcode/DerivedData/App-bmeqrztakkzxpkcqfdhhsyyyzbjg/Build/Intermediates.noindex/ArchiveIntermediates/App/IntermediateBuildFilesPath/App.build/Release-iphoneos/App.build/App-generated-files.hmap

WriteAuxiliaryFile /Users/lekiaprosper/Library/Developer/Xcode/DerivedData/App-bmeqrztakkzxpkcqfdhhsyyyzbjg/Build/Intermediates.noindex/ArchiveIntermediates/App/IntermediateBuildFilesPath/App.build/Release-iphoneos/App.build/App-all-target-headers.hmap (in target 'App' from project 'App')
    cd /Users/lekiaprosper/Documents/Dev/Connectize/Connectize-Frontend/ios/App
    write-file /Users/lekiaprosper/Library/Developer/Xcode/DerivedData/App-bmeqrztakkzxpkcqfdhhsyyyzbjg/Build/Intermediates.noindex/ArchiveIntermediates/App/IntermediateBuildFilesPath/App.build/Release-iphoneos/App.build/App-all-target-headers.hmap

WriteAuxiliaryFile /Users/lekiaprosper/Library/Developer/Xcode/DerivedData/App-bmeqrztakkzxpkcqfdhhsyyyzbjg/Build/Intermediates.noindex/ArchiveIntermediates/App/IntermediateBuildFilesPath/App.build/Release-iphoneos/App.build/App-all-non-framework-target-headers.hmap (in target 'App' from project 'App')
    cd /Users/lekiaprosper/Documents/Dev/Connectize/Connectize-Frontend/ios/App
    write-file /Users/lekiaprosper/Library/Developer/Xcode/DerivedData/App-bmeqrztakkzxpkcqfdhhsyyyzbjg/Build/Intermediates.noindex/ArchiveIntermediates/App/IntermediateBuildFilesPath/App.build/Release-iphoneos/App.build/App-all-non-framework-target-headers.hmap

SymLink /Users/lekiaprosper/Library/Developer/Xcode/DerivedData/App-bmeqrztakkzxpkcqfdhhsyyyzbjg/Build/Intermediates.noindex/ArchiveIntermediates/App/BuildProductsPath/Release-iphoneos/Pods_App.framework ../../IntermediateBuildFilesPath/UninstalledProducts/iphoneos/Pods_App.framework (in target 'Pods-App' from project 'Pods')
    cd /Users/lekiaprosper/Documents/Dev/Connectize/Connectize-Frontend/ios/App/Pods
    /bin/ln -sfh ../../IntermediateBuildFilesPath/UninstalledProducts/iphoneos/Pods_App.framework /Users/lekiaprosper/Library/Developer/Xcode/DerivedData/App-bmeqrztakkzxpkcqfdhhsyyyzbjg/Build/Intermediates.noindex/ArchiveIntermediates/App/BuildProductsPath/Release-iphoneos/Pods_App.framework

MkDir /Users/lekiaprosper/Library/Developer/Xcode/DerivedData/App-bmeqrztakkzxpkcqfdhhsyyyzbjg/Build/Intermediates.noindex/ArchiveIntermediates/App/IntermediateBuildFilesPath/UninstalledProducts/iphoneos/Pods_App.framework/Headers (in target 'Pods-App' from project 'Pods')
    cd /Users/lekiaprosper/Documents/Dev/Connectize/Connectize-Frontend/ios/App/Pods
    /bin/mkdir -p /Users/lekiaprosper/Library/Developer/Xcode/DerivedData/App-bmeqrztakkzxpkcqfdhhsyyyzbjg/Build/Intermediates.noindex/ArchiveIntermediates/App/IntermediateBuildFilesPath/UninstalledProducts/iphoneos/Pods_App.framework/Headers

MkDir /Users/lekiaprosper/Library/Developer/Xcode/DerivedData/App-bmeqrztakkzxpkcqfdhhsyyyzbjg/Build/Intermediates.noindex/ArchiveIntermediates/App/IntermediateBuildFilesPath/UninstalledProducts/iphoneos/Pods_App.framework (in target 'Pods-App' from project 'Pods')
    cd /Users/lekiaprosper/Documents/Dev/Connectize/Connectize-Frontend/ios/App/Pods
    /bin/mkdir -p /Users/lekiaprosper/Library/Developer/Xcode/DerivedData/App-bmeqrztakkzxpkcqfdhhsyyyzbjg/Build/Intermediates.noindex/ArchiveIntermediates/App/IntermediateBuildFilesPath/UninstalledProducts/iphoneos/Pods_App.framework

SymLink /Users/lekiaprosper/Library/Developer/Xcode/DerivedData/App-bmeqrztakkzxpkcqfdhhsyyyzbjg/Build/Intermediates.noindex/ArchiveIntermediates/App/BuildProductsPath/Release-iphoneos/App.app ../../InstallationBuildProductsLocation/Applications/App.app (in target 'App' from project 'App')
    cd /Users/lekiaprosper/Documents/Dev/Connectize/Connectize-Frontend/ios/App
    /bin/ln -sfh ../../InstallationBuildProductsLocation/Applications/App.app /Users/lekiaprosper/Library/Developer/Xcode/DerivedData/App-bmeqrztakkzxpkcqfdhhsyyyzbjg/Build/Intermediates.noindex/ArchiveIntermediates/App/BuildProductsPath/Release-iphoneos/App.app

WriteAuxiliaryFile /Users/lekiaprosper/Library/Developer/Xcode/DerivedData/App-bmeqrztakkzxpkcqfdhhsyyyzbjg/Build/Intermediates.noindex/ArchiveIntermediates/App/IntermediateBuildFilesPath/Pods.build/Release-iphoneos/CapacitorStatusBar.build/unextended-module-swiftunextension.modulemap (in target 'CapacitorStatusBar' from project 'Pods')
    cd /Users/lekiaprosper/Documents/Dev/Connectize/Connectize-Frontend/ios/App/Pods
    write-file /Users/lekiaprosper/Library/Developer/Xcode/DerivedData/App-bmeqrztakkzxpkcqfdhhsyyyzbjg/Build/Intermediates.noindex/ArchiveIntermediates/App/IntermediateBuildFilesPath/Pods.build/Release-iphoneos/CapacitorStatusBar.build/unextended-module-swiftunextension.modulemap

WriteAuxiliaryFile /Users/lekiaprosper/Library/Developer/Xcode/DerivedData/App-bmeqrztakkzxpkcqfdhhsyyyzbjg/Build/Intermediates.noindex/ArchiveIntermediates/App/IntermediateBuildFilesPath/Pods.build/Release-iphoneos/CapacitorStatusBar.build/unextended-module-overlay.yaml (in target 'CapacitorStatusBar' from project 'Pods')
    cd /Users/lekiaprosper/Documents/Dev/Connectize/Connectize-Frontend/ios/App/Pods
    write-file /Users/lekiaprosper/Library/Developer/Xcode/DerivedData/App-bmeqrztakkzxpkcqfdhhsyyyzbjg/Build/Intermediates.noindex/ArchiveIntermediates/App/IntermediateBuildFilesPath/Pods.build/Release-iphoneos/CapacitorStatusBar.build/unextended-module-overlay.yaml

WriteAuxiliaryFile /Users/lekiaprosper/Library/Developer/Xcode/DerivedData/App-bmeqrztakkzxpkcqfdhhsyyyzbjg/Build/Intermediates.noindex/ArchiveIntermediates/App/IntermediateBuildFilesPath/Pods.build/Release-iphoneos/CapacitorStatusBar.build/module-swiftextension.modulemap (in target 'CapacitorStatusBar' from project 'Pods')
    cd /Users/lekiaprosper/Documents/Dev/Connectize/Connectize-Frontend/ios/App/Pods
    write-file /Users/lekiaprosper/Library/Developer/Xcode/DerivedData/App-bmeqrztakkzxpkcqfdhhsyyyzbjg/Build/Intermediates.noindex/ArchiveIntermediates/App/IntermediateBuildFilesPath/Pods.build/Release-iphoneos/CapacitorStatusBar.build/module-swiftextension.modulemap

WriteAuxiliaryFile /Users/lekiaprosper/Library/Developer/Xcode/DerivedData/App-bmeqrztakkzxpkcqfdhhsyyyzbjg/Build/Intermediates.noindex/ArchiveIntermediates/App/IntermediateBuildFilesPath/Pods.build/Release-iphoneos/CapacitorStatusBar.build/Objects-normal/arm64/CapacitorStatusBar_const_extract_protocols.json (in target 'CapacitorStatusBar' from project 'Pods')
    cd /Users/lekiaprosper/Documents/Dev/Connectize/Connectize-Frontend/ios/App/Pods
    write-file /Users/lekiaprosper/Library/Developer/Xcode/DerivedData/App-bmeqrztakkzxpkcqfdhhsyyyzbjg/Build/Intermediates.noindex/ArchiveIntermediates/App/IntermediateBuildFilesPath/Pods.build/Release-iphoneos/CapacitorStatusBar.build/Objects-normal/arm64/CapacitorStatusBar_const_extract_protocols.json

WriteAuxiliaryFile /Users/lekiaprosper/Library/Developer/Xcode/DerivedData/App-bmeqrztakkzxpkcqfdhhsyyyzbjg/Build/Intermediates.noindex/ArchiveIntermediates/App/IntermediateBuildFilesPath/Pods.build/Release-iphoneos/CapacitorStatusBar.build/Objects-normal/arm64/CapacitorStatusBar.SwiftFileList (in target 'CapacitorStatusBar' from project 'Pods')
    cd /Users/lekiaprosper/Documents/Dev/Connectize/Connectize-Frontend/ios/App/Pods
    write-file /Users/lekiaprosper/Library/Developer/Xcode/DerivedData/App-bmeqrztakkzxpkcqfdhhsyyyzbjg/Build/Intermediates.noindex/ArchiveIntermediates/App/IntermediateBuildFilesPath/Pods.build/Release-iphoneos/CapacitorStatusBar.build/Objects-normal/arm64/CapacitorStatusBar.SwiftFileList

WriteAuxiliaryFile /Users/lekiaprosper/Library/Developer/Xcode/DerivedData/App-bmeqrztakkzxpkcqfdhhsyyyzbjg/Build/Intermediates.noindex/ArchiveIntermediates/App/IntermediateBuildFilesPath/Pods.build/Release-iphoneos/CapacitorStatusBar.build/Objects-normal/arm64/CapacitorStatusBar.SwiftConstValuesFileList (in target 'CapacitorStatusBar' from project 'Pods')
    cd /Users/lekiaprosper/Documents/Dev/Connectize/Connectize-Frontend/ios/App/Pods
    write-file /Users/lekiaprosper/Library/Developer/Xcode/DerivedData/App-bmeqrztakkzxpkcqfdhhsyyyzbjg/Build/Intermediates.noindex/ArchiveIntermediates/App/IntermediateBuildFilesPath/Pods.build/Release-iphoneos/CapacitorStatusBar.build/Objects-normal/arm64/CapacitorStatusBar.SwiftConstValuesFileList

WriteAuxiliaryFile /Users/lekiaprosper/Library/Developer/Xcode/DerivedData/App-bmeqrztakkzxpkcqfdhhsyyyzbjg/Build/Intermediates.noindex/ArchiveIntermediates/App/IntermediateBuildFilesPath/Pods.build/Release-iphoneos/CapacitorStatusBar.build/Objects-normal/arm64/e6072d4f65d7061329687fe24e3d63a7-common-args.resp (in target 'CapacitorStatusBar' from project 'Pods')
    cd /Users/lekiaprosper/Documents/Dev/Connectize/Connectize-Frontend/ios/App/Pods
    write-file /Users/lekiaprosper/Library/Developer/Xcode/DerivedData/App-bmeqrztakkzxpkcqfdhhsyyyzbjg/Build/Intermediates.noindex/ArchiveIntermediates/App/IntermediateBuildFilesPath/Pods.build/Release-iphoneos/CapacitorStatusBar.build/Objects-normal/arm64/e6072d4f65d7061329687fe24e3d63a7-common-args.resp
-target arm64-apple-ios14.0 '-std=gnu11' -fobjc-arc -fmodules -gmodules '-fmodules-cache-path=/Users/lekiaprosper/Library/Developer/Xcode/DerivedData/ModuleCache.noindex' '-fmodule-name=CapacitorStatusBar' -fpascal-strings -Os -fno-common '-DPOD_CONFIGURATION_RELEASE=1' '-DCOCOAPODS=1' '-DNS_BLOCK_ASSERTIONS=1' '-DOBJC_OLD_DISPATCH_PROTOTYPES=0' -isysroot /Applications/Xcode.app/Contents/Developer/Platforms/iPhoneOS.platform/Developer/SDKs/iPhoneOS26.0.sdk -g -iquote /Users/lekiaprosper/Library/Developer/Xcode/DerivedData/App-bmeqrztakkzxpkcqfdhhsyyyzbjg/Build/Intermediates.noindex/ArchiveIntermediates/App/IntermediateBuildFilesPath/Pods.build/Release-iphoneos/CapacitorStatusBar.build/CapacitorStatusBar-generated-files.hmap -I/Users/lekiaprosper/Library/Developer/Xcode/DerivedData/App-bmeqrztakkzxpkcqfdhhsyyyzbjg/Build/Intermediates.noindex/ArchiveIntermediates/App/IntermediateBuildFilesPath/Pods.build/Release-iphoneos/CapacitorStatusBar.build/CapacitorStatusBar-own-target-headers.hmap -I/Users/lekiaprosper/Library/Developer/Xcode/DerivedData/App-bmeqrztakkzxpkcqfdhhsyyyzbjg/Build/Intermediates.noindex/ArchiveIntermediates/App/IntermediateBuildFilesPath/Pods.build/Release-iphoneos/CapacitorStatusBar.build/CapacitorStatusBar-all-non-framework-target-headers.hmap -ivfsoverlay /Users/lekiaprosper/Library/Developer/Xcode/DerivedData/App-bmeqrztakkzxpkcqfdhhsyyyzbjg/Build/Intermediates.noindex/ArchiveIntermediates/App/IntermediateBuildFilesPath/Pods.build/Release-iphoneos/Pods-8699adb1dd336b26511df848a716bd42-VFS-iphoneos/all-product-headers.yaml -iquote /Users/lekiaprosper/Library/Developer/Xcode/DerivedData/App-bmeqrztakkzxpkcqfdhhsyyyzbjg/Build/Intermediates.noindex/ArchiveIntermediates/App/IntermediateBuildFilesPath/Pods.build/Release-iphoneos/CapacitorStatusBar.build/CapacitorStatusBar-project-headers.hmap -I/Users/lekiaprosper/Library/Developer/Xcode/DerivedData/App-bmeqrztakkzxpkcqfdhhsyyyzbjg/Build/Intermediates.noindex/ArchiveIntermediates/App/BuildProductsPath/Release-iphoneos/CapacitorStatusBar/include -I/Users/lekiaprosper/Library/Developer/Xcode/DerivedData/App-bmeqrztakkzxpkcqfdhhsyyyzbjg/Build/Intermediates.noindex/ArchiveIntermediates/App/IntermediateBuildFilesPath/Pods.build/Release-iphoneos/CapacitorStatusBar.build/DerivedSources-normal/arm64 -I/Users/lekiaprosper/Library/Developer/Xcode/DerivedData/App-bmeqrztakkzxpkcqfdhhsyyyzbjg/Build/Intermediates.noindex/ArchiveIntermediates/App/IntermediateBuildFilesPath/Pods.build/Release-iphoneos/CapacitorStatusBar.build/DerivedSources/arm64 -I/Users/lekiaprosper/Library/Developer/Xcode/DerivedData/App-bmeqrztakkzxpkcqfdhhsyyyzbjg/Build/Intermediates.noindex/ArchiveIntermediates/App/IntermediateBuildFilesPath/Pods.build/Release-iphoneos/CapacitorStatusBar.build/DerivedSources -F/Users/lekiaprosper/Library/Developer/Xcode/DerivedData/App-bmeqrztakkzxpkcqfdhhsyyyzbjg/Build/Intermediates.noindex/ArchiveIntermediates/App/BuildProductsPath/Release-iphoneos/CapacitorStatusBar -F/Users/lekiaprosper/Library/Developer/Xcode/DerivedData/App-bmeqrztakkzxpkcqfdhhsyyyzbjg/Build/Intermediates.noindex/ArchiveIntermediates/App/BuildProductsPath/Release-iphoneos/Capacitor -F/Users/lekiaprosper/Library/Developer/Xcode/DerivedData/App-bmeqrztakkzxpkcqfdhhsyyyzbjg/Build/Intermediates.noindex/ArchiveIntermediates/App/BuildProductsPath/Release-iphoneos/CapacitorCordova

WriteAuxiliaryFile /Users/lekiaprosper/Library/Developer/Xcode/DerivedData/App-bmeqrztakkzxpkcqfdhhsyyyzbjg/Build/Intermediates.noindex/ArchiveIntermediates/App/IntermediateBuildFilesPath/Pods.build/Release-iphoneos/CapacitorStatusBar.build/Objects-normal/arm64/CapacitorStatusBar.LinkFileList (in target 'CapacitorStatusBar' from project 'Pods')
    cd /Users/lekiaprosper/Documents/Dev/Connectize/Connectize-Frontend/ios/App/Pods
    write-file /Users/lekiaprosper/Library/Developer/Xcode/DerivedData/App-bmeqrztakkzxpkcqfdhhsyyyzbjg/Build/Intermediates.noindex/ArchiveIntermediates/App/IntermediateBuildFilesPath/Pods.build/Release-iphoneos/CapacitorStatusBar.build/Objects-normal/arm64/CapacitorStatusBar.LinkFileList

WriteAuxiliaryFile /Users/lekiaprosper/Library/Developer/Xcode/DerivedData/App-bmeqrztakkzxpkcqfdhhsyyyzbjg/Build/Intermediates.noindex/ArchiveIntermediates/App/IntermediateBuildFilesPath/Pods.build/Release-iphoneos/CapacitorStatusBar.build/Objects-normal/arm64/CapacitorStatusBar-OutputFileMap.json (in target 'CapacitorStatusBar' from project 'Pods')
    cd /Users/lekiaprosper/Documents/Dev/Connectize/Connectize-Frontend/ios/App/Pods
    write-file /Users/lekiaprosper/Library/Developer/Xcode/DerivedData/App-bmeqrztakkzxpkcqfdhhsyyyzbjg/Build/Intermediates.noindex/ArchiveIntermediates/App/IntermediateBuildFilesPath/Pods.build/Release-iphoneos/CapacitorStatusBar.build/Objects-normal/arm64/CapacitorStatusBar-OutputFileMap.json

WriteAuxiliaryFile /Users/lekiaprosper/Library/Developer/Xcode/DerivedData/App-bmeqrztakkzxpkcqfdhhsyyyzbjg/Build/Intermediates.noindex/ArchiveIntermediates/App/IntermediateBuildFilesPath/Pods.build/Release-iphoneos/CapacitorStatusBar.build/Objects-normal/arm64/7187679823f38a2a940e0043cdf9d637-common-args.resp (in target 'CapacitorStatusBar' from project 'Pods')
    cd /Users/lekiaprosper/Documents/Dev/Connectize/Connectize-Frontend/ios/App/Pods
    write-file /Users/lekiaprosper/Library/Developer/Xcode/DerivedData/App-bmeqrztakkzxpkcqfdhhsyyyzbjg/Build/Intermediates.noindex/ArchiveIntermediates/App/IntermediateBuildFilesPath/Pods.build/Release-iphoneos/CapacitorStatusBar.build/Objects-normal/arm64/7187679823f38a2a940e0043cdf9d637-common-args.resp
-target arm64-apple-ios14.0 '-std=gnu11' -fmodules -gmodules '-fmodules-cache-path=/Users/lekiaprosper/Library/Developer/Xcode/DerivedData/ModuleCache.noindex' '-fmodule-name=CapacitorStatusBar' -fpascal-strings -Os -fno-common '-DPOD_CONFIGURATION_RELEASE=1' '-DCOCOAPODS=1' -isysroot /Applications/Xcode.app/Contents/Developer/Platforms/iPhoneOS.platform/Developer/SDKs/iPhoneOS26.0.sdk -g -iquote /Users/lekiaprosper/Library/Developer/Xcode/DerivedData/App-bmeqrztakkzxpkcqfdhhsyyyzbjg/Build/Intermediates.noindex/ArchiveIntermediates/App/IntermediateBuildFilesPath/Pods.build/Release-iphoneos/CapacitorStatusBar.build/CapacitorStatusBar-generated-files.hmap -I/Users/lekiaprosper/Library/Developer/Xcode/DerivedData/App-bmeqrztakkzxpkcqfdhhsyyyzbjg/Build/Intermediates.noindex/ArchiveIntermediates/App/IntermediateBuildFilesPath/Pods.build/Release-iphoneos/CapacitorStatusBar.build/CapacitorStatusBar-own-target-headers.hmap -I/Users/lekiaprosper/Library/Developer/Xcode/DerivedData/App-bmeqrztakkzxpkcqfdhhsyyyzbjg/Build/Intermediates.noindex/ArchiveIntermediates/App/IntermediateBuildFilesPath/Pods.build/Release-iphoneos/CapacitorStatusBar.build/CapacitorStatusBar-all-non-framework-target-headers.hmap -ivfsoverlay /Users/lekiaprosper/Library/Developer/Xcode/DerivedData/App-bmeqrztakkzxpkcqfdhhsyyyzbjg/Build/Intermediates.noindex/ArchiveIntermediates/App/IntermediateBuildFilesPath/Pods.build/Release-iphoneos/Pods-8699adb1dd336b26511df848a716bd42-VFS-iphoneos/all-product-headers.yaml -iquote /Users/lekiaprosper/Library/Developer/Xcode/DerivedData/App-bmeqrztakkzxpkcqfdhhsyyyzbjg/Build/Intermediates.noindex/ArchiveIntermediates/App/IntermediateBuildFilesPath/Pods.build/Release-iphoneos/CapacitorStatusBar.build/CapacitorStatusBar-project-headers.hmap -I/Users/lekiaprosper/Library/Developer/Xcode/DerivedData/App-bmeqrztakkzxpkcqfdhhsyyyzbjg/Build/Intermediates.noindex/ArchiveIntermediates/App/BuildProductsPath/Release-iphoneos/CapacitorStatusBar/include -I/Users/lekiaprosper/Library/Developer/Xcode/DerivedData/App-bmeqrztakkzxpkcqfdhhsyyyzbjg/Build/Intermediates.noindex/ArchiveIntermediates/App/IntermediateBuildFilesPath/Pods.build/Release-iphoneos/CapacitorStatusBar.build/DerivedSources-normal/arm64 -I/Users/lekiaprosper/Library/Developer/Xcode/DerivedData/App-bmeqrztakkzxpkcqfdhhsyyyzbjg/Build/Intermediates.noindex/ArchiveIntermediates/App/IntermediateBuildFilesPath/Pods.build/Release-iphoneos/CapacitorStatusBar.build/DerivedSources/arm64 -I/Users/lekiaprosper/Library/Developer/Xcode/DerivedData/App-bmeqrztakkzxpkcqfdhhsyyyzbjg/Build/Intermediates.noindex/ArchiveIntermediates/App/IntermediateBuildFilesPath/Pods.build/Release-iphoneos/CapacitorStatusBar.build/DerivedSources -F/Users/lekiaprosper/Library/Developer/Xcode/DerivedData/App-bmeqrztakkzxpkcqfdhhsyyyzbjg/Build/Intermediates.noindex/ArchiveIntermediates/App/BuildProductsPath/Release-iphoneos/CapacitorStatusBar -F/Users/lekiaprosper/Library/Developer/Xcode/DerivedData/App-bmeqrztakkzxpkcqfdhhsyyyzbjg/Build/Intermediates.noindex/ArchiveIntermediates/App/BuildProductsPath/Release-iphoneos/Capacitor -F/Users/lekiaprosper/Library/Developer/Xcode/DerivedData/App-bmeqrztakkzxpkcqfdhhsyyyzbjg/Build/Intermediates.noindex/ArchiveIntermediates/App/BuildProductsPath/Release-iphoneos/CapacitorCordova

WriteAuxiliaryFile /Users/lekiaprosper/Library/Developer/Xcode/DerivedData/App-bmeqrztakkzxpkcqfdhhsyyyzbjg/Build/Intermediates.noindex/ArchiveIntermediates/App/IntermediateBuildFilesPath/Pods.build/Release-iphoneos/CapacitorStatusBar.build/CapacitorStatusBar.hmap (in target 'CapacitorStatusBar' from project 'Pods')
    cd /Users/lekiaprosper/Documents/Dev/Connectize/Connectize-Frontend/ios/App/Pods
    write-file /Users/lekiaprosper/Library/Developer/Xcode/DerivedData/App-bmeqrztakkzxpkcqfdhhsyyyzbjg/Build/Intermediates.noindex/ArchiveIntermediates/App/IntermediateBuildFilesPath/Pods.build/Release-iphoneos/CapacitorStatusBar.build/CapacitorStatusBar.hmap

WriteAuxiliaryFile /Users/lekiaprosper/Library/Developer/Xcode/DerivedData/App-bmeqrztakkzxpkcqfdhhsyyyzbjg/Build/Intermediates.noindex/ArchiveIntermediates/App/IntermediateBuildFilesPath/Pods.build/Release-iphoneos/CapacitorStatusBar.build/CapacitorStatusBar.DependencyStaticMetadataFileList (in target 'CapacitorStatusBar' from project 'Pods')
    cd /Users/lekiaprosper/Documents/Dev/Connectize/Connectize-Frontend/ios/App/Pods
    write-file /Users/lekiaprosper/Library/Developer/Xcode/DerivedData/App-bmeqrztakkzxpkcqfdhhsyyyzbjg/Build/Intermediates.noindex/ArchiveIntermediates/App/IntermediateBuildFilesPath/Pods.build/Release-iphoneos/CapacitorStatusBar.build/CapacitorStatusBar.DependencyStaticMetadataFileList

WriteAuxiliaryFile /Users/lekiaprosper/Library/Developer/Xcode/DerivedData/App-bmeqrztakkzxpkcqfdhhsyyyzbjg/Build/Intermediates.noindex/ArchiveIntermediates/App/IntermediateBuildFilesPath/Pods.build/Release-iphoneos/CapacitorStatusBar.build/DerivedSources/CapacitorStatusBar_vers.c (in target 'CapacitorStatusBar' from project 'Pods')
    cd /Users/lekiaprosper/Documents/Dev/Connectize/Connectize-Frontend/ios/App/Pods
    write-file /Users/lekiaprosper/Library/Developer/Xcode/DerivedData/App-bmeqrztakkzxpkcqfdhhsyyyzbjg/Build/Intermediates.noindex/ArchiveIntermediates/App/IntermediateBuildFilesPath/Pods.build/Release-iphoneos/CapacitorStatusBar.build/DerivedSources/CapacitorStatusBar_vers.c

WriteAuxiliaryFile /Users/lekiaprosper/Library/Developer/Xcode/DerivedData/App-bmeqrztakkzxpkcqfdhhsyyyzbjg/Build/Intermediates.noindex/ArchiveIntermediates/App/IntermediateBuildFilesPath/Pods.build/Release-iphoneos/CapacitorStatusBar.build/CapacitorStatusBar.DependencyMetadataFileList (in target 'CapacitorStatusBar' from project 'Pods')
    cd /Users/lekiaprosper/Documents/Dev/Connectize/Connectize-Frontend/ios/App/Pods
    write-file /Users/lekiaprosper/Library/Developer/Xcode/DerivedData/App-bmeqrztakkzxpkcqfdhhsyyyzbjg/Build/Intermediates.noindex/ArchiveIntermediates/App/IntermediateBuildFilesPath/Pods.build/Release-iphoneos/CapacitorStatusBar.build/CapacitorStatusBar.DependencyMetadataFileList

WriteAuxiliaryFile /Users/lekiaprosper/Library/Developer/Xcode/DerivedData/App-bmeqrztakkzxpkcqfdhhsyyyzbjg/Build/Intermediates.noindex/ArchiveIntermediates/App/IntermediateBuildFilesPath/Pods.build/Release-iphoneos/CapacitorStatusBar.build/CapacitorStatusBar-all-target-headers.hmap (in target 'CapacitorStatusBar' from project 'Pods')
    cd /Users/lekiaprosper/Documents/Dev/Connectize/Connectize-Frontend/ios/App/Pods
    write-file /Users/lekiaprosper/Library/Developer/Xcode/DerivedData/App-bmeqrztakkzxpkcqfdhhsyyyzbjg/Build/Intermediates.noindex/ArchiveIntermediates/App/IntermediateBuildFilesPath/Pods.build/Release-iphoneos/CapacitorStatusBar.build/CapacitorStatusBar-all-target-headers.hmap

WriteAuxiliaryFile /Users/lekiaprosper/Library/Developer/Xcode/DerivedData/App-bmeqrztakkzxpkcqfdhhsyyyzbjg/Build/Intermediates.noindex/ArchiveIntermediates/App/IntermediateBuildFilesPath/Pods.build/Release-iphoneos/CapacitorStatusBar.build/CapacitorStatusBar-generated-files.hmap (in target 'CapacitorStatusBar' from project 'Pods')
    cd /Users/lekiaprosper/Documents/Dev/Connectize/Connectize-Frontend/ios/App/Pods
    write-file /Users/lekiaprosper/Library/Developer/Xcode/DerivedData/App-bmeqrztakkzxpkcqfdhhsyyyzbjg/Build/Intermediates.noindex/ArchiveIntermediates/App/IntermediateBuildFilesPath/Pods.build/Release-iphoneos/CapacitorStatusBar.build/CapacitorStatusBar-generated-files.hmap

WriteAuxiliaryFile /Users/lekiaprosper/Library/Developer/Xcode/DerivedData/App-bmeqrztakkzxpkcqfdhhsyyyzbjg/Build/Intermediates.noindex/ArchiveIntermediates/App/IntermediateBuildFilesPath/Pods.build/Release-iphoneos/CapacitorStatusBar.build/CapacitorStatusBar-own-target-headers.hmap (in target 'CapacitorStatusBar' from project 'Pods')
    cd /Users/lekiaprosper/Documents/Dev/Connectize/Connectize-Frontend/ios/App/Pods
    write-file /Users/lekiaprosper/Library/Developer/Xcode/DerivedData/App-bmeqrztakkzxpkcqfdhhsyyyzbjg/Build/Intermediates.noindex/ArchiveIntermediates/App/IntermediateBuildFilesPath/Pods.build/Release-iphoneos/CapacitorStatusBar.build/CapacitorStatusBar-own-target-headers.hmap

WriteAuxiliaryFile /Users/lekiaprosper/Library/Developer/Xcode/DerivedData/App-bmeqrztakkzxpkcqfdhhsyyyzbjg/Build/Intermediates.noindex/ArchiveIntermediates/App/IntermediateBuildFilesPath/Pods.build/Release-iphoneos/CapacitorStatusBar.build/CapacitorStatusBar-project-headers.hmap (in target 'CapacitorStatusBar' from project 'Pods')
    cd /Users/lekiaprosper/Documents/Dev/Connectize/Connectize-Frontend/ios/App/Pods
    write-file /Users/lekiaprosper/Library/Developer/Xcode/DerivedData/App-bmeqrztakkzxpkcqfdhhsyyyzbjg/Build/Intermediates.noindex/ArchiveIntermediates/App/IntermediateBuildFilesPath/Pods.build/Release-iphoneos/CapacitorStatusBar.build/CapacitorStatusBar-project-headers.hmap

WriteAuxiliaryFile /Users/lekiaprosper/Library/Developer/Xcode/DerivedData/App-bmeqrztakkzxpkcqfdhhsyyyzbjg/Build/Intermediates.noindex/ArchiveIntermediates/App/IntermediateBuildFilesPath/Pods.build/Release-iphoneos/CapacitorStatusBar.build/CapacitorStatusBar-all-non-framework-target-headers.hmap (in target 'CapacitorStatusBar' from project 'Pods')
    cd /Users/lekiaprosper/Documents/Dev/Connectize/Connectize-Frontend/ios/App/Pods
    write-file /Users/lekiaprosper/Library/Developer/Xcode/DerivedData/App-bmeqrztakkzxpkcqfdhhsyyyzbjg/Build/Intermediates.noindex/ArchiveIntermediates/App/IntermediateBuildFilesPath/Pods.build/Release-iphoneos/CapacitorStatusBar.build/CapacitorStatusBar-all-non-framework-target-headers.hmap

Copy /Users/lekiaprosper/Library/Developer/Xcode/DerivedData/App-bmeqrztakkzxpkcqfdhhsyyyzbjg/Build/Intermediates.noindex/ArchiveIntermediates/App/IntermediateBuildFilesPath/UninstalledProducts/iphoneos/Pods_App.framework/Modules/module.modulemap /Users/lekiaprosper/Library/Developer/Xcode/DerivedData/App-bmeqrztakkzxpkcqfdhhsyyyzbjg/Build/Intermediates.noindex/ArchiveIntermediates/App/IntermediateBuildFilesPath/Pods.build/Release-iphoneos/Pods-App.build/module.modulemap (in target 'Pods-App' from project 'Pods')
    cd /Users/lekiaprosper/Documents/Dev/Connectize/Connectize-Frontend/ios/App/Pods
    builtin-copy -exclude .DS_Store -exclude CVS -exclude .svn -exclude .git -exclude .hg -resolve-src-symlinks /Users/lekiaprosper/Library/Developer/Xcode/DerivedData/App-bmeqrztakkzxpkcqfdhhsyyyzbjg/Build/Intermediates.noindex/ArchiveIntermediates/App/IntermediateBuildFilesPath/Pods.build/Release-iphoneos/Pods-App.build/module.modulemap /Users/lekiaprosper/Library/Developer/Xcode/DerivedData/App-bmeqrztakkzxpkcqfdhhsyyyzbjg/Build/Intermediates.noindex/ArchiveIntermediates/App/IntermediateBuildFilesPath/UninstalledProducts/iphoneos/Pods_App.framework/Modules

Concatenate /Users/lekiaprosper/Library/Developer/Xcode/DerivedData/App-bmeqrztakkzxpkcqfdhhsyyyzbjg/Build/Intermediates.noindex/ArchiveIntermediates/App/IntermediateBuildFilesPath/Pods.build/Release-iphoneos/CapacitorStatusBar.build/unextended-module.modulemap /Users/lekiaprosper/Documents/Dev/Connectize/Connectize-Frontend/ios/App/Pods/Target\ Support\ Files/CapacitorStatusBar/CapacitorStatusBar.modulemap /Users/lekiaprosper/Library/Developer/Xcode/DerivedData/App-bmeqrztakkzxpkcqfdhhsyyyzbjg/Build/Intermediates.noindex/ArchiveIntermediates/App/IntermediateBuildFilesPath/Pods.build/Release-iphoneos/CapacitorStatusBar.build/unextended-module-swiftunextension.modulemap (in target 'CapacitorStatusBar' from project 'Pods')
    cd /Users/lekiaprosper/Documents/Dev/Connectize/Connectize-Frontend/ios/App/Pods
    builtin-concatenate /Users/lekiaprosper/Library/Developer/Xcode/DerivedData/App-bmeqrztakkzxpkcqfdhhsyyyzbjg/Build/Intermediates.noindex/ArchiveIntermediates/App/IntermediateBuildFilesPath/Pods.build/Release-iphoneos/CapacitorStatusBar.build/unextended-module.modulemap /Users/lekiaprosper/Documents/Dev/Connectize/Connectize-Frontend/ios/App/Pods/Target\ Support\ Files/CapacitorStatusBar/CapacitorStatusBar.modulemap /Users/lekiaprosper/Library/Developer/Xcode/DerivedData/App-bmeqrztakkzxpkcqfdhhsyyyzbjg/Build/Intermediates.noindex/ArchiveIntermediates/App/IntermediateBuildFilesPath/Pods.build/Release-iphoneos/CapacitorStatusBar.build/unextended-module-swiftunextension.modulemap

CpHeader /Users/lekiaprosper/Library/Developer/Xcode/DerivedData/App-bmeqrztakkzxpkcqfdhhsyyyzbjg/Build/Intermediates.noindex/ArchiveIntermediates/App/IntermediateBuildFilesPath/UninstalledProducts/iphoneos/CapacitorStatusBar.framework/Headers/CapacitorStatusBar-umbrella.h /Users/lekiaprosper/Documents/Dev/Connectize/Connectize-Frontend/ios/App/Pods/Target\ Support\ Files/CapacitorStatusBar/CapacitorStatusBar-umbrella.h (in target 'CapacitorStatusBar' from project 'Pods')
    cd /Users/lekiaprosper/Documents/Dev/Connectize/Connectize-Frontend/ios/App/Pods
    builtin-copy -exclude .DS_Store -exclude CVS -exclude .svn -exclude .git -exclude .hg -resolve-src-symlinks /Users/lekiaprosper/Documents/Dev/Connectize/Connectize-Frontend/ios/App/Pods/Target\ Support\ Files/CapacitorStatusBar/CapacitorStatusBar-umbrella.h /Users/lekiaprosper/Library/Developer/Xcode/DerivedData/App-bmeqrztakkzxpkcqfdhhsyyyzbjg/Build/Intermediates.noindex/ArchiveIntermediates/App/IntermediateBuildFilesPath/UninstalledProducts/iphoneos/CapacitorStatusBar.framework/Headers

Concatenate /Users/lekiaprosper/Library/Developer/Xcode/DerivedData/App-bmeqrztakkzxpkcqfdhhsyyyzbjg/Build/Intermediates.noindex/ArchiveIntermediates/App/IntermediateBuildFilesPath/Pods.build/Release-iphoneos/CapacitorStatusBar.build/module.modulemap /Users/lekiaprosper/Documents/Dev/Connectize/Connectize-Frontend/ios/App/Pods/Target\ Support\ Files/CapacitorStatusBar/CapacitorStatusBar.modulemap /Users/lekiaprosper/Library/Developer/Xcode/DerivedData/App-bmeqrztakkzxpkcqfdhhsyyyzbjg/Build/Intermediates.noindex/ArchiveIntermediates/App/IntermediateBuildFilesPath/Pods.build/Release-iphoneos/CapacitorStatusBar.build/module-swiftextension.modulemap (in target 'CapacitorStatusBar' from project 'Pods')
    cd /Users/lekiaprosper/Documents/Dev/Connectize/Connectize-Frontend/ios/App/Pods
    builtin-concatenate /Users/lekiaprosper/Library/Developer/Xcode/DerivedData/App-bmeqrztakkzxpkcqfdhhsyyyzbjg/Build/Intermediates.noindex/ArchiveIntermediates/App/IntermediateBuildFilesPath/Pods.build/Release-iphoneos/CapacitorStatusBar.build/module.modulemap /Users/lekiaprosper/Documents/Dev/Connectize/Connectize-Frontend/ios/App/Pods/Target\ Support\ Files/CapacitorStatusBar/CapacitorStatusBar.modulemap /Users/lekiaprosper/Library/Developer/Xcode/DerivedData/App-bmeqrztakkzxpkcqfdhhsyyyzbjg/Build/Intermediates.noindex/ArchiveIntermediates/App/IntermediateBuildFilesPath/Pods.build/Release-iphoneos/CapacitorStatusBar.build/module-swiftextension.modulemap

WriteAuxiliaryFile /Users/lekiaprosper/Library/Developer/Xcode/DerivedData/App-bmeqrztakkzxpkcqfdhhsyyyzbjg/Build/Intermediates.noindex/ArchiveIntermediates/App/IntermediateBuildFilesPath/Pods.build/Release-iphoneos/CapacitorSplashScreen.build/unextended-module-overlay.yaml (in target 'CapacitorSplashScreen' from project 'Pods')
    cd /Users/lekiaprosper/Documents/Dev/Connectize/Connectize-Frontend/ios/App/Pods
    write-file /Users/lekiaprosper/Library/Developer/Xcode/DerivedData/App-bmeqrztakkzxpkcqfdhhsyyyzbjg/Build/Intermediates.noindex/ArchiveIntermediates/App/IntermediateBuildFilesPath/Pods.build/Release-iphoneos/CapacitorSplashScreen.build/unextended-module-overlay.yaml

WriteAuxiliaryFile /Users/lekiaprosper/Library/Developer/Xcode/DerivedData/App-bmeqrztakkzxpkcqfdhhsyyyzbjg/Build/Intermediates.noindex/ArchiveIntermediates/App/IntermediateBuildFilesPath/Pods.build/Release-iphoneos/CapacitorSplashScreen.build/unextended-module-swiftunextension.modulemap (in target 'CapacitorSplashScreen' from project 'Pods')
    cd /Users/lekiaprosper/Documents/Dev/Connectize/Connectize-Frontend/ios/App/Pods
    write-file /Users/lekiaprosper/Library/Developer/Xcode/DerivedData/App-bmeqrztakkzxpkcqfdhhsyyyzbjg/Build/Intermediates.noindex/ArchiveIntermediates/App/IntermediateBuildFilesPath/Pods.build/Release-iphoneos/CapacitorSplashScreen.build/unextended-module-swiftunextension.modulemap

WriteAuxiliaryFile /Users/lekiaprosper/Library/Developer/Xcode/DerivedData/App-bmeqrztakkzxpkcqfdhhsyyyzbjg/Build/Intermediates.noindex/ArchiveIntermediates/App/IntermediateBuildFilesPath/Pods.build/Release-iphoneos/CapacitorSplashScreen.build/module-swiftextension.modulemap (in target 'CapacitorSplashScreen' from project 'Pods')
    cd /Users/lekiaprosper/Documents/Dev/Connectize/Connectize-Frontend/ios/App/Pods
    write-file /Users/lekiaprosper/Library/Developer/Xcode/DerivedData/App-bmeqrztakkzxpkcqfdhhsyyyzbjg/Build/Intermediates.noindex/ArchiveIntermediates/App/IntermediateBuildFilesPath/Pods.build/Release-iphoneos/CapacitorSplashScreen.build/module-swiftextension.modulemap

WriteAuxiliaryFile /Users/lekiaprosper/Library/Developer/Xcode/DerivedData/App-bmeqrztakkzxpkcqfdhhsyyyzbjg/Build/Intermediates.noindex/ArchiveIntermediates/App/IntermediateBuildFilesPath/Pods.build/Release-iphoneos/CapacitorSplashScreen.build/Objects-normal/arm64/CapacitorSplashScreen_const_extract_protocols.json (in target 'CapacitorSplashScreen' from project 'Pods')
    cd /Users/lekiaprosper/Documents/Dev/Connectize/Connectize-Frontend/ios/App/Pods
    write-file /Users/lekiaprosper/Library/Developer/Xcode/DerivedData/App-bmeqrztakkzxpkcqfdhhsyyyzbjg/Build/Intermediates.noindex/ArchiveIntermediates/App/IntermediateBuildFilesPath/Pods.build/Release-iphoneos/CapacitorSplashScreen.build/Objects-normal/arm64/CapacitorSplashScreen_const_extract_protocols.json

WriteAuxiliaryFile /Users/lekiaprosper/Library/Developer/Xcode/DerivedData/App-bmeqrztakkzxpkcqfdhhsyyyzbjg/Build/Intermediates.noindex/ArchiveIntermediates/App/IntermediateBuildFilesPath/Pods.build/Release-iphoneos/CapacitorSplashScreen.build/Objects-normal/arm64/e6072d4f65d7061329687fe24e3d63a7-common-args.resp (in target 'CapacitorSplashScreen' from project 'Pods')
    cd /Users/lekiaprosper/Documents/Dev/Connectize/Connectize-Frontend/ios/App/Pods
    write-file /Users/lekiaprosper/Library/Developer/Xcode/DerivedData/App-bmeqrztakkzxpkcqfdhhsyyyzbjg/Build/Intermediates.noindex/ArchiveIntermediates/App/IntermediateBuildFilesPath/Pods.build/Release-iphoneos/CapacitorSplashScreen.build/Objects-normal/arm64/e6072d4f65d7061329687fe24e3d63a7-common-args.resp
-target arm64-apple-ios14.0 '-std=gnu11' -fobjc-arc -fmodules -gmodules '-fmodules-cache-path=/Users/lekiaprosper/Library/Developer/Xcode/DerivedData/ModuleCache.noindex' '-fmodule-name=CapacitorSplashScreen' -fpascal-strings -Os -fno-common '-DPOD_CONFIGURATION_RELEASE=1' '-DCOCOAPODS=1' '-DNS_BLOCK_ASSERTIONS=1' '-DOBJC_OLD_DISPATCH_PROTOTYPES=0' -isysroot /Applications/Xcode.app/Contents/Developer/Platforms/iPhoneOS.platform/Developer/SDKs/iPhoneOS26.0.sdk -g -iquote /Users/lekiaprosper/Library/Developer/Xcode/DerivedData/App-bmeqrztakkzxpkcqfdhhsyyyzbjg/Build/Intermediates.noindex/ArchiveIntermediates/App/IntermediateBuildFilesPath/Pods.build/Release-iphoneos/CapacitorSplashScreen.build/CapacitorSplashScreen-generated-files.hmap -I/Users/lekiaprosper/Library/Developer/Xcode/DerivedData/App-bmeqrztakkzxpkcqfdhhsyyyzbjg/Build/Intermediates.noindex/ArchiveIntermediates/App/IntermediateBuildFilesPath/Pods.build/Release-iphoneos/CapacitorSplashScreen.build/CapacitorSplashScreen-own-target-headers.hmap -I/Users/lekiaprosper/Library/Developer/Xcode/DerivedData/App-bmeqrztakkzxpkcqfdhhsyyyzbjg/Build/Intermediates.noindex/ArchiveIntermediates/App/IntermediateBuildFilesPath/Pods.build/Release-iphoneos/CapacitorSplashScreen.build/CapacitorSplashScreen-all-non-framework-target-headers.hmap -ivfsoverlay /Users/lekiaprosper/Library/Developer/Xcode/DerivedData/App-bmeqrztakkzxpkcqfdhhsyyyzbjg/Build/Intermediates.noindex/ArchiveIntermediates/App/IntermediateBuildFilesPath/Pods.build/Release-iphoneos/Pods-8699adb1dd336b26511df848a716bd42-VFS-iphoneos/all-product-headers.yaml -iquote /Users/lekiaprosper/Library/Developer/Xcode/DerivedData/App-bmeqrztakkzxpkcqfdhhsyyyzbjg/Build/Intermediates.noindex/ArchiveIntermediates/App/IntermediateBuildFilesPath/Pods.build/Release-iphoneos/CapacitorSplashScreen.build/CapacitorSplashScreen-project-headers.hmap -I/Users/lekiaprosper/Library/Developer/Xcode/DerivedData/App-bmeqrztakkzxpkcqfdhhsyyyzbjg/Build/Intermediates.noindex/ArchiveIntermediates/App/BuildProductsPath/Release-iphoneos/CapacitorSplashScreen/include -I/Users/lekiaprosper/Library/Developer/Xcode/DerivedData/App-bmeqrztakkzxpkcqfdhhsyyyzbjg/Build/Intermediates.noindex/ArchiveIntermediates/App/IntermediateBuildFilesPath/Pods.build/Release-iphoneos/CapacitorSplashScreen.build/DerivedSources-normal/arm64 -I/Users/lekiaprosper/Library/Developer/Xcode/DerivedData/App-bmeqrztakkzxpkcqfdhhsyyyzbjg/Build/Intermediates.noindex/ArchiveIntermediates/App/IntermediateBuildFilesPath/Pods.build/Release-iphoneos/CapacitorSplashScreen.build/DerivedSources/arm64 -I/Users/lekiaprosper/Library/Developer/Xcode/DerivedData/App-bmeqrztakkzxpkcqfdhhsyyyzbjg/Build/Intermediates.noindex/ArchiveIntermediates/App/IntermediateBuildFilesPath/Pods.build/Release-iphoneos/CapacitorSplashScreen.build/DerivedSources -F/Users/lekiaprosper/Library/Developer/Xcode/DerivedData/App-bmeqrztakkzxpkcqfdhhsyyyzbjg/Build/Intermediates.noindex/ArchiveIntermediates/App/BuildProductsPath/Release-iphoneos/CapacitorSplashScreen -F/Users/lekiaprosper/Library/Developer/Xcode/DerivedData/App-bmeqrztakkzxpkcqfdhhsyyyzbjg/Build/Intermediates.noindex/ArchiveIntermediates/App/BuildProductsPath/Release-iphoneos/Capacitor -F/Users/lekiaprosper/Library/Developer/Xcode/DerivedData/App-bmeqrztakkzxpkcqfdhhsyyyzbjg/Build/Intermediates.noindex/ArchiveIntermediates/App/BuildProductsPath/Release-iphoneos/CapacitorCordova

WriteAuxiliaryFile /Users/lekiaprosper/Library/Developer/Xcode/DerivedData/App-bmeqrztakkzxpkcqfdhhsyyyzbjg/Build/Intermediates.noindex/ArchiveIntermediates/App/IntermediateBuildFilesPath/Pods.build/Release-iphoneos/CapacitorSplashScreen.build/Objects-normal/arm64/CapacitorSplashScreen.SwiftFileList (in target 'CapacitorSplashScreen' from project 'Pods')
    cd /Users/lekiaprosper/Documents/Dev/Connectize/Connectize-Frontend/ios/App/Pods
    write-file /Users/lekiaprosper/Library/Developer/Xcode/DerivedData/App-bmeqrztakkzxpkcqfdhhsyyyzbjg/Build/Intermediates.noindex/ArchiveIntermediates/App/IntermediateBuildFilesPath/Pods.build/Release-iphoneos/CapacitorSplashScreen.build/Objects-normal/arm64/CapacitorSplashScreen.SwiftFileList

WriteAuxiliaryFile /Users/lekiaprosper/Library/Developer/Xcode/DerivedData/App-bmeqrztakkzxpkcqfdhhsyyyzbjg/Build/Intermediates.noindex/ArchiveIntermediates/App/IntermediateBuildFilesPath/Pods.build/Release-iphoneos/CapacitorSplashScreen.build/Objects-normal/arm64/CapacitorSplashScreen.SwiftConstValuesFileList (in target 'CapacitorSplashScreen' from project 'Pods')
    cd /Users/lekiaprosper/Documents/Dev/Connectize/Connectize-Frontend/ios/App/Pods
    write-file /Users/lekiaprosper/Library/Developer/Xcode/DerivedData/App-bmeqrztakkzxpkcqfdhhsyyyzbjg/Build/Intermediates.noindex/ArchiveIntermediates/App/IntermediateBuildFilesPath/Pods.build/Release-iphoneos/CapacitorSplashScreen.build/Objects-normal/arm64/CapacitorSplashScreen.SwiftConstValuesFileList

WriteAuxiliaryFile /Users/lekiaprosper/Library/Developer/Xcode/DerivedData/App-bmeqrztakkzxpkcqfdhhsyyyzbjg/Build/Intermediates.noindex/ArchiveIntermediates/App/IntermediateBuildFilesPath/Pods.build/Release-iphoneos/CapacitorSplashScreen.build/Objects-normal/arm64/CapacitorSplashScreen.LinkFileList (in target 'CapacitorSplashScreen' from project 'Pods')
    cd /Users/lekiaprosper/Documents/Dev/Connectize/Connectize-Frontend/ios/App/Pods
    write-file /Users/lekiaprosper/Library/Developer/Xcode/DerivedData/App-bmeqrztakkzxpkcqfdhhsyyyzbjg/Build/Intermediates.noindex/ArchiveIntermediates/App/IntermediateBuildFilesPath/Pods.build/Release-iphoneos/CapacitorSplashScreen.build/Objects-normal/arm64/CapacitorSplashScreen.LinkFileList

WriteAuxiliaryFile /Users/lekiaprosper/Library/Developer/Xcode/DerivedData/App-bmeqrztakkzxpkcqfdhhsyyyzbjg/Build/Intermediates.noindex/ArchiveIntermediates/App/IntermediateBuildFilesPath/Pods.build/Release-iphoneos/CapacitorSplashScreen.build/Objects-normal/arm64/CapacitorSplashScreen-OutputFileMap.json (in target 'CapacitorSplashScreen' from project 'Pods')
    cd /Users/lekiaprosper/Documents/Dev/Connectize/Connectize-Frontend/ios/App/Pods
    write-file /Users/lekiaprosper/Library/Developer/Xcode/DerivedData/App-bmeqrztakkzxpkcqfdhhsyyyzbjg/Build/Intermediates.noindex/ArchiveIntermediates/App/IntermediateBuildFilesPath/Pods.build/Release-iphoneos/CapacitorSplashScreen.build/Objects-normal/arm64/CapacitorSplashScreen-OutputFileMap.json

Copy /Users/lekiaprosper/Library/Developer/Xcode/DerivedData/App-bmeqrztakkzxpkcqfdhhsyyyzbjg/Build/Intermediates.noindex/ArchiveIntermediates/App/IntermediateBuildFilesPath/UninstalledProducts/iphoneos/CapacitorStatusBar.framework/Modules/module.modulemap /Users/lekiaprosper/Library/Developer/Xcode/DerivedData/App-bmeqrztakkzxpkcqfdhhsyyyzbjg/Build/Intermediates.noindex/ArchiveIntermediates/App/IntermediateBuildFilesPath/Pods.build/Release-iphoneos/CapacitorStatusBar.build/module.modulemap (in target 'CapacitorStatusBar' from project 'Pods')
    cd /Users/lekiaprosper/Documents/Dev/Connectize/Connectize-Frontend/ios/App/Pods
    builtin-copy -exclude .DS_Store -exclude CVS -exclude .svn -exclude .git -exclude .hg -resolve-src-symlinks /Users/lekiaprosper/Library/Developer/Xcode/DerivedData/App-bmeqrztakkzxpkcqfdhhsyyyzbjg/Build/Intermediates.noindex/ArchiveIntermediates/App/IntermediateBuildFilesPath/Pods.build/Release-iphoneos/CapacitorStatusBar.build/module.modulemap /Users/lekiaprosper/Library/Developer/Xcode/DerivedData/App-bmeqrztakkzxpkcqfdhhsyyyzbjg/Build/Intermediates.noindex/ArchiveIntermediates/App/IntermediateBuildFilesPath/UninstalledProducts/iphoneos/CapacitorStatusBar.framework/Modules

WriteAuxiliaryFile /Users/lekiaprosper/Library/Developer/Xcode/DerivedData/App-bmeqrztakkzxpkcqfdhhsyyyzbjg/Build/Intermediates.noindex/ArchiveIntermediates/App/IntermediateBuildFilesPath/Pods.build/Release-iphoneos/CapacitorSplashScreen.build/Objects-normal/arm64/7187679823f38a2a940e0043cdf9d637-common-args.resp (in target 'CapacitorSplashScreen' from project 'Pods')
    cd /Users/lekiaprosper/Documents/Dev/Connectize/Connectize-Frontend/ios/App/Pods
    write-file /Users/lekiaprosper/Library/Developer/Xcode/DerivedData/App-bmeqrztakkzxpkcqfdhhsyyyzbjg/Build/Intermediates.noindex/ArchiveIntermediates/App/IntermediateBuildFilesPath/Pods.build/Release-iphoneos/CapacitorSplashScreen.build/Objects-normal/arm64/7187679823f38a2a940e0043cdf9d637-common-args.resp
-target arm64-apple-ios14.0 '-std=gnu11' -fmodules -gmodules '-fmodules-cache-path=/Users/lekiaprosper/Library/Developer/Xcode/DerivedData/ModuleCache.noindex' '-fmodule-name=CapacitorSplashScreen' -fpascal-strings -Os -fno-common '-DPOD_CONFIGURATION_RELEASE=1' '-DCOCOAPODS=1' -isysroot /Applications/Xcode.app/Contents/Developer/Platforms/iPhoneOS.platform/Developer/SDKs/iPhoneOS26.0.sdk -g -iquote /Users/lekiaprosper/Library/Developer/Xcode/DerivedData/App-bmeqrztakkzxpkcqfdhhsyyyzbjg/Build/Intermediates.noindex/ArchiveIntermediates/App/IntermediateBuildFilesPath/Pods.build/Release-iphoneos/CapacitorSplashScreen.build/CapacitorSplashScreen-generated-files.hmap -I/Users/lekiaprosper/Library/Developer/Xcode/DerivedData/App-bmeqrztakkzxpkcqfdhhsyyyzbjg/Build/Intermediates.noindex/ArchiveIntermediates/App/IntermediateBuildFilesPath/Pods.build/Release-iphoneos/CapacitorSplashScreen.build/CapacitorSplashScreen-own-target-headers.hmap -I/Users/lekiaprosper/Library/Developer/Xcode/DerivedData/App-bmeqrztakkzxpkcqfdhhsyyyzbjg/Build/Intermediates.noindex/ArchiveIntermediates/App/IntermediateBuildFilesPath/Pods.build/Release-iphoneos/CapacitorSplashScreen.build/CapacitorSplashScreen-all-non-framework-target-headers.hmap -ivfsoverlay /Users/lekiaprosper/Library/Developer/Xcode/DerivedData/App-bmeqrztakkzxpkcqfdhhsyyyzbjg/Build/Intermediates.noindex/ArchiveIntermediates/App/IntermediateBuildFilesPath/Pods.build/Release-iphoneos/Pods-8699adb1dd336b26511df848a716bd42-VFS-iphoneos/all-product-headers.yaml -iquote /Users/lekiaprosper/Library/Developer/Xcode/DerivedData/App-bmeqrztakkzxpkcqfdhhsyyyzbjg/Build/Intermediates.noindex/ArchiveIntermediates/App/IntermediateBuildFilesPath/Pods.build/Release-iphoneos/CapacitorSplashScreen.build/CapacitorSplashScreen-project-headers.hmap -I/Users/lekiaprosper/Library/Developer/Xcode/DerivedData/App-bmeqrztakkzxpkcqfdhhsyyyzbjg/Build/Intermediates.noindex/ArchiveIntermediates/App/BuildProductsPath/Release-iphoneos/CapacitorSplashScreen/include -I/Users/lekiaprosper/Library/Developer/Xcode/DerivedData/App-bmeqrztakkzxpkcqfdhhsyyyzbjg/Build/Intermediates.noindex/ArchiveIntermediates/App/IntermediateBuildFilesPath/Pods.build/Release-iphoneos/CapacitorSplashScreen.build/DerivedSources-normal/arm64 -I/Users/lekiaprosper/Library/Developer/Xcode/DerivedData/App-bmeqrztakkzxpkcqfdhhsyyyzbjg/Build/Intermediates.noindex/ArchiveIntermediates/App/IntermediateBuildFilesPath/Pods.build/Release-iphoneos/CapacitorSplashScreen.build/DerivedSources/arm64 -I/Users/lekiaprosper/Library/Developer/Xcode/DerivedData/App-bmeqrztakkzxpkcqfdhhsyyyzbjg/Build/Intermediates.noindex/ArchiveIntermediates/App/IntermediateBuildFilesPath/Pods.build/Release-iphoneos/CapacitorSplashScreen.build/DerivedSources -F/Users/lekiaprosper/Library/Developer/Xcode/DerivedData/App-bmeqrztakkzxpkcqfdhhsyyyzbjg/Build/Intermediates.noindex/ArchiveIntermediates/App/BuildProductsPath/Release-iphoneos/CapacitorSplashScreen -F/Users/lekiaprosper/Library/Developer/Xcode/DerivedData/App-bmeqrztakkzxpkcqfdhhsyyyzbjg/Build/Intermediates.noindex/ArchiveIntermediates/App/BuildProductsPath/Release-iphoneos/Capacitor -F/Users/lekiaprosper/Library/Developer/Xcode/DerivedData/App-bmeqrztakkzxpkcqfdhhsyyyzbjg/Build/Intermediates.noindex/ArchiveIntermediates/App/BuildProductsPath/Release-iphoneos/CapacitorCordova

WriteAuxiliaryFile /Users/lekiaprosper/Library/Developer/Xcode/DerivedData/App-bmeqrztakkzxpkcqfdhhsyyyzbjg/Build/Intermediates.noindex/ArchiveIntermediates/App/IntermediateBuildFilesPath/Pods.build/Release-iphoneos/CapacitorSplashScreen.build/CapacitorSplashScreen.hmap (in target 'CapacitorSplashScreen' from project 'Pods')
    cd /Users/lekiaprosper/Documents/Dev/Connectize/Connectize-Frontend/ios/App/Pods
    write-file /Users/lekiaprosper/Library/Developer/Xcode/DerivedData/App-bmeqrztakkzxpkcqfdhhsyyyzbjg/Build/Intermediates.noindex/ArchiveIntermediates/App/IntermediateBuildFilesPath/Pods.build/Release-iphoneos/CapacitorSplashScreen.build/CapacitorSplashScreen.hmap

WriteAuxiliaryFile /Users/lekiaprosper/Library/Developer/Xcode/DerivedData/App-bmeqrztakkzxpkcqfdhhsyyyzbjg/Build/Intermediates.noindex/ArchiveIntermediates/App/IntermediateBuildFilesPath/Pods.build/Release-iphoneos/CapacitorSplashScreen.build/CapacitorSplashScreen.DependencyStaticMetadataFileList (in target 'CapacitorSplashScreen' from project 'Pods')
    cd /Users/lekiaprosper/Documents/Dev/Connectize/Connectize-Frontend/ios/App/Pods
    write-file /Users/lekiaprosper/Library/Developer/Xcode/DerivedData/App-bmeqrztakkzxpkcqfdhhsyyyzbjg/Build/Intermediates.noindex/ArchiveIntermediates/App/IntermediateBuildFilesPath/Pods.build/Release-iphoneos/CapacitorSplashScreen.build/CapacitorSplashScreen.DependencyStaticMetadataFileList

WriteAuxiliaryFile /Users/lekiaprosper/Library/Developer/Xcode/DerivedData/App-bmeqrztakkzxpkcqfdhhsyyyzbjg/Build/Intermediates.noindex/ArchiveIntermediates/App/IntermediateBuildFilesPath/Pods.build/Release-iphoneos/CapacitorSplashScreen.build/DerivedSources/CapacitorSplashScreen_vers.c (in target 'CapacitorSplashScreen' from project 'Pods')
    cd /Users/lekiaprosper/Documents/Dev/Connectize/Connectize-Frontend/ios/App/Pods
    write-file /Users/lekiaprosper/Library/Developer/Xcode/DerivedData/App-bmeqrztakkzxpkcqfdhhsyyyzbjg/Build/Intermediates.noindex/ArchiveIntermediates/App/IntermediateBuildFilesPath/Pods.build/Release-iphoneos/CapacitorSplashScreen.build/DerivedSources/CapacitorSplashScreen_vers.c

WriteAuxiliaryFile /Users/lekiaprosper/Library/Developer/Xcode/DerivedData/App-bmeqrztakkzxpkcqfdhhsyyyzbjg/Build/Intermediates.noindex/ArchiveIntermediates/App/IntermediateBuildFilesPath/Pods.build/Release-iphoneos/CapacitorSplashScreen.build/CapacitorSplashScreen.DependencyMetadataFileList (in target 'CapacitorSplashScreen' from project 'Pods')
    cd /Users/lekiaprosper/Documents/Dev/Connectize/Connectize-Frontend/ios/App/Pods
    write-file /Users/lekiaprosper/Library/Developer/Xcode/DerivedData/App-bmeqrztakkzxpkcqfdhhsyyyzbjg/Build/Intermediates.noindex/ArchiveIntermediates/App/IntermediateBuildFilesPath/Pods.build/Release-iphoneos/CapacitorSplashScreen.build/CapacitorSplashScreen.DependencyMetadataFileList

WriteAuxiliaryFile /Users/lekiaprosper/Library/Developer/Xcode/DerivedData/App-bmeqrztakkzxpkcqfdhhsyyyzbjg/Build/Intermediates.noindex/ArchiveIntermediates/App/IntermediateBuildFilesPath/Pods.build/Release-iphoneos/CapacitorSplashScreen.build/CapacitorSplashScreen-project-headers.hmap (in target 'CapacitorSplashScreen' from project 'Pods')
    cd /Users/lekiaprosper/Documents/Dev/Connectize/Connectize-Frontend/ios/App/Pods
    write-file /Users/lekiaprosper/Library/Developer/Xcode/DerivedData/App-bmeqrztakkzxpkcqfdhhsyyyzbjg/Build/Intermediates.noindex/ArchiveIntermediates/App/IntermediateBuildFilesPath/Pods.build/Release-iphoneos/CapacitorSplashScreen.build/CapacitorSplashScreen-project-headers.hmap

WriteAuxiliaryFile /Users/lekiaprosper/Library/Developer/Xcode/DerivedData/App-bmeqrztakkzxpkcqfdhhsyyyzbjg/Build/Intermediates.noindex/ArchiveIntermediates/App/IntermediateBuildFilesPath/Pods.build/Release-iphoneos/CapacitorSplashScreen.build/CapacitorSplashScreen-own-target-headers.hmap (in target 'CapacitorSplashScreen' from project 'Pods')
    cd /Users/lekiaprosper/Documents/Dev/Connectize/Connectize-Frontend/ios/App/Pods
    write-file /Users/lekiaprosper/Library/Developer/Xcode/DerivedData/App-bmeqrztakkzxpkcqfdhhsyyyzbjg/Build/Intermediates.noindex/ArchiveIntermediates/App/IntermediateBuildFilesPath/Pods.build/Release-iphoneos/CapacitorSplashScreen.build/CapacitorSplashScreen-own-target-headers.hmap

WriteAuxiliaryFile /Users/lekiaprosper/Library/Developer/Xcode/DerivedData/App-bmeqrztakkzxpkcqfdhhsyyyzbjg/Build/Intermediates.noindex/ArchiveIntermediates/App/IntermediateBuildFilesPath/Pods.build/Release-iphoneos/CapacitorSplashScreen.build/CapacitorSplashScreen-generated-files.hmap (in target 'CapacitorSplashScreen' from project 'Pods')
    cd /Users/lekiaprosper/Documents/Dev/Connectize/Connectize-Frontend/ios/App/Pods
    write-file /Users/lekiaprosper/Library/Developer/Xcode/DerivedData/App-bmeqrztakkzxpkcqfdhhsyyyzbjg/Build/Intermediates.noindex/ArchiveIntermediates/App/IntermediateBuildFilesPath/Pods.build/Release-iphoneos/CapacitorSplashScreen.build/CapacitorSplashScreen-generated-files.hmap

WriteAuxiliaryFile /Users/lekiaprosper/Library/Developer/Xcode/DerivedData/App-bmeqrztakkzxpkcqfdhhsyyyzbjg/Build/Intermediates.noindex/ArchiveIntermediates/App/IntermediateBuildFilesPath/Pods.build/Release-iphoneos/CapacitorSplashScreen.build/CapacitorSplashScreen-all-target-headers.hmap (in target 'CapacitorSplashScreen' from project 'Pods')
    cd /Users/lekiaprosper/Documents/Dev/Connectize/Connectize-Frontend/ios/App/Pods
    write-file /Users/lekiaprosper/Library/Developer/Xcode/DerivedData/App-bmeqrztakkzxpkcqfdhhsyyyzbjg/Build/Intermediates.noindex/ArchiveIntermediates/App/IntermediateBuildFilesPath/Pods.build/Release-iphoneos/CapacitorSplashScreen.build/CapacitorSplashScreen-all-target-headers.hmap

WriteAuxiliaryFile /Users/lekiaprosper/Library/Developer/Xcode/DerivedData/App-bmeqrztakkzxpkcqfdhhsyyyzbjg/Build/Intermediates.noindex/ArchiveIntermediates/App/IntermediateBuildFilesPath/Pods.build/Release-iphoneos/CapacitorSplashScreen.build/CapacitorSplashScreen-all-non-framework-target-headers.hmap (in target 'CapacitorSplashScreen' from project 'Pods')
    cd /Users/lekiaprosper/Documents/Dev/Connectize/Connectize-Frontend/ios/App/Pods
    write-file /Users/lekiaprosper/Library/Developer/Xcode/DerivedData/App-bmeqrztakkzxpkcqfdhhsyyyzbjg/Build/Intermediates.noindex/ArchiveIntermediates/App/IntermediateBuildFilesPath/Pods.build/Release-iphoneos/CapacitorSplashScreen.build/CapacitorSplashScreen-all-non-framework-target-headers.hmap

CpHeader /Users/lekiaprosper/Library/Developer/Xcode/DerivedData/App-bmeqrztakkzxpkcqfdhhsyyyzbjg/Build/Intermediates.noindex/ArchiveIntermediates/App/IntermediateBuildFilesPath/UninstalledProducts/iphoneos/CapacitorSplashScreen.framework/Headers/CapacitorSplashScreen-umbrella.h /Users/lekiaprosper/Documents/Dev/Connectize/Connectize-Frontend/ios/App/Pods/Target\ Support\ Files/CapacitorSplashScreen/CapacitorSplashScreen-umbrella.h (in target 'CapacitorSplashScreen' from project 'Pods')
    cd /Users/lekiaprosper/Documents/Dev/Connectize/Connectize-Frontend/ios/App/Pods
    builtin-copy -exclude .DS_Store -exclude CVS -exclude .svn -exclude .git -exclude .hg -resolve-src-symlinks /Users/lekiaprosper/Documents/Dev/Connectize/Connectize-Frontend/ios/App/Pods/Target\ Support\ Files/CapacitorSplashScreen/CapacitorSplashScreen-umbrella.h /Users/lekiaprosper/Library/Developer/Xcode/DerivedData/App-bmeqrztakkzxpkcqfdhhsyyyzbjg/Build/Intermediates.noindex/ArchiveIntermediates/App/IntermediateBuildFilesPath/UninstalledProducts/iphoneos/CapacitorSplashScreen.framework/Headers

Concatenate /Users/lekiaprosper/Library/Developer/Xcode/DerivedData/App-bmeqrztakkzxpkcqfdhhsyyyzbjg/Build/Intermediates.noindex/ArchiveIntermediates/App/IntermediateBuildFilesPath/Pods.build/Release-iphoneos/CapacitorSplashScreen.build/unextended-module.modulemap /Users/lekiaprosper/Documents/Dev/Connectize/Connectize-Frontend/ios/App/Pods/Target\ Support\ Files/CapacitorSplashScreen/CapacitorSplashScreen.modulemap /Users/lekiaprosper/Library/Developer/Xcode/DerivedData/App-bmeqrztakkzxpkcqfdhhsyyyzbjg/Build/Intermediates.noindex/ArchiveIntermediates/App/IntermediateBuildFilesPath/Pods.build/Release-iphoneos/CapacitorSplashScreen.build/unextended-module-swiftunextension.modulemap (in target 'CapacitorSplashScreen' from project 'Pods')
    cd /Users/lekiaprosper/Documents/Dev/Connectize/Connectize-Frontend/ios/App/Pods
    builtin-concatenate /Users/lekiaprosper/Library/Developer/Xcode/DerivedData/App-bmeqrztakkzxpkcqfdhhsyyyzbjg/Build/Intermediates.noindex/ArchiveIntermediates/App/IntermediateBuildFilesPath/Pods.build/Release-iphoneos/CapacitorSplashScreen.build/unextended-module.modulemap /Users/lekiaprosper/Documents/Dev/Connectize/Connectize-Frontend/ios/App/Pods/Target\ Support\ Files/CapacitorSplashScreen/CapacitorSplashScreen.modulemap /Users/lekiaprosper/Library/Developer/Xcode/DerivedData/App-bmeqrztakkzxpkcqfdhhsyyyzbjg/Build/Intermediates.noindex/ArchiveIntermediates/App/IntermediateBuildFilesPath/Pods.build/Release-iphoneos/CapacitorSplashScreen.build/unextended-module-swiftunextension.modulemap

Concatenate /Users/lekiaprosper/Library/Developer/Xcode/DerivedData/App-bmeqrztakkzxpkcqfdhhsyyyzbjg/Build/Intermediates.noindex/ArchiveIntermediates/App/IntermediateBuildFilesPath/Pods.build/Release-iphoneos/CapacitorSplashScreen.build/module.modulemap /Users/lekiaprosper/Documents/Dev/Connectize/Connectize-Frontend/ios/App/Pods/Target\ Support\ Files/CapacitorSplashScreen/CapacitorSplashScreen.modulemap /Users/lekiaprosper/Library/Developer/Xcode/DerivedData/App-bmeqrztakkzxpkcqfdhhsyyyzbjg/Build/Intermediates.noindex/ArchiveIntermediates/App/IntermediateBuildFilesPath/Pods.build/Release-iphoneos/CapacitorSplashScreen.build/module-swiftextension.modulemap (in target 'CapacitorSplashScreen' from project 'Pods')
    cd /Users/lekiaprosper/Documents/Dev/Connectize/Connectize-Frontend/ios/App/Pods
    builtin-concatenate /Users/lekiaprosper/Library/Developer/Xcode/DerivedData/App-bmeqrztakkzxpkcqfdhhsyyyzbjg/Build/Intermediates.noindex/ArchiveIntermediates/App/IntermediateBuildFilesPath/Pods.build/Release-iphoneos/CapacitorSplashScreen.build/module.modulemap /Users/lekiaprosper/Documents/Dev/Connectize/Connectize-Frontend/ios/App/Pods/Target\ Support\ Files/CapacitorSplashScreen/CapacitorSplashScreen.modulemap /Users/lekiaprosper/Library/Developer/Xcode/DerivedData/App-bmeqrztakkzxpkcqfdhhsyyyzbjg/Build/Intermediates.noindex/ArchiveIntermediates/App/IntermediateBuildFilesPath/Pods.build/Release-iphoneos/CapacitorSplashScreen.build/module-swiftextension.modulemap

WriteAuxiliaryFile /Users/lekiaprosper/Library/Developer/Xcode/DerivedData/App-bmeqrztakkzxpkcqfdhhsyyyzbjg/Build/Intermediates.noindex/ArchiveIntermediates/App/IntermediateBuildFilesPath/Pods.build/Release-iphoneos/CapacitorCordova.build/Objects-normal/arm64/7187679823f38a2a940e0043cdf9d637-common-args.resp (in target 'CapacitorCordova' from project 'Pods')
    cd /Users/lekiaprosper/Documents/Dev/Connectize/Connectize-Frontend/ios/App/Pods
    write-file /Users/lekiaprosper/Library/Developer/Xcode/DerivedData/App-bmeqrztakkzxpkcqfdhhsyyyzbjg/Build/Intermediates.noindex/ArchiveIntermediates/App/IntermediateBuildFilesPath/Pods.build/Release-iphoneos/CapacitorCordova.build/Objects-normal/arm64/7187679823f38a2a940e0043cdf9d637-common-args.resp
-target arm64-apple-ios14.0 '-std=gnu11' -fmodules -gmodules '-fmodules-cache-path=/Users/lekiaprosper/Library/Developer/Xcode/DerivedData/ModuleCache.noindex' '-fmodule-name=Cordova' -fpascal-strings -Os -fno-common '-DPOD_CONFIGURATION_RELEASE=1' '-DCOCOAPODS=1' -isysroot /Applications/Xcode.app/Contents/Developer/Platforms/iPhoneOS.platform/Developer/SDKs/iPhoneOS26.0.sdk -g -iquote /Users/lekiaprosper/Library/Developer/Xcode/DerivedData/App-bmeqrztakkzxpkcqfdhhsyyyzbjg/Build/Intermediates.noindex/ArchiveIntermediates/App/IntermediateBuildFilesPath/Pods.build/Release-iphoneos/CapacitorCordova.build/Cordova-generated-files.hmap -I/Users/lekiaprosper/Library/Developer/Xcode/DerivedData/App-bmeqrztakkzxpkcqfdhhsyyyzbjg/Build/Intermediates.noindex/ArchiveIntermediates/App/IntermediateBuildFilesPath/Pods.build/Release-iphoneos/CapacitorCordova.build/Cordova-own-target-headers.hmap -I/Users/lekiaprosper/Library/Developer/Xcode/DerivedData/App-bmeqrztakkzxpkcqfdhhsyyyzbjg/Build/Intermediates.noindex/ArchiveIntermediates/App/IntermediateBuildFilesPath/Pods.build/Release-iphoneos/CapacitorCordova.build/Cordova-all-non-framework-target-headers.hmap -ivfsoverlay /Users/lekiaprosper/Library/Developer/Xcode/DerivedData/App-bmeqrztakkzxpkcqfdhhsyyyzbjg/Build/Intermediates.noindex/ArchiveIntermediates/App/IntermediateBuildFilesPath/Pods.build/Release-iphoneos/Pods-8699adb1dd336b26511df848a716bd42-VFS-iphoneos/all-product-headers.yaml -iquote /Users/lekiaprosper/Library/Developer/Xcode/DerivedData/App-bmeqrztakkzxpkcqfdhhsyyyzbjg/Build/Intermediates.noindex/ArchiveIntermediates/App/IntermediateBuildFilesPath/Pods.build/Release-iphoneos/CapacitorCordova.build/Cordova-project-headers.hmap -I/Users/lekiaprosper/Library/Developer/Xcode/DerivedData/App-bmeqrztakkzxpkcqfdhhsyyyzbjg/Build/Intermediates.noindex/ArchiveIntermediates/App/BuildProductsPath/Release-iphoneos/CapacitorCordova/include -I/Users/lekiaprosper/Library/Developer/Xcode/DerivedData/App-bmeqrztakkzxpkcqfdhhsyyyzbjg/Build/Intermediates.noindex/ArchiveIntermediates/App/IntermediateBuildFilesPath/Pods.build/Release-iphoneos/CapacitorCordova.build/DerivedSources-normal/arm64 -I/Users/lekiaprosper/Library/Developer/Xcode/DerivedData/App-bmeqrztakkzxpkcqfdhhsyyyzbjg/Build/Intermediates.noindex/ArchiveIntermediates/App/IntermediateBuildFilesPath/Pods.build/Release-iphoneos/CapacitorCordova.build/DerivedSources/arm64 -I/Users/lekiaprosper/Library/Developer/Xcode/DerivedData/App-bmeqrztakkzxpkcqfdhhsyyyzbjg/Build/Intermediates.noindex/ArchiveIntermediates/App/IntermediateBuildFilesPath/Pods.build/Release-iphoneos/CapacitorCordova.build/DerivedSources -F/Users/lekiaprosper/Library/Developer/Xcode/DerivedData/App-bmeqrztakkzxpkcqfdhhsyyyzbjg/Build/Intermediates.noindex/ArchiveIntermediates/App/BuildProductsPath/Release-iphoneos/CapacitorCordova

WriteAuxiliaryFile /Users/lekiaprosper/Library/Developer/Xcode/DerivedData/App-bmeqrztakkzxpkcqfdhhsyyyzbjg/Build/Intermediates.noindex/ArchiveIntermediates/App/IntermediateBuildFilesPath/Pods.build/Release-iphoneos/CapacitorCordova.build/Objects-normal/arm64/e6072d4f65d7061329687fe24e3d63a7-common-args.resp (in target 'CapacitorCordova' from project 'Pods')
    cd /Users/lekiaprosper/Documents/Dev/Connectize/Connectize-Frontend/ios/App/Pods
    write-file /Users/lekiaprosper/Library/Developer/Xcode/DerivedData/App-bmeqrztakkzxpkcqfdhhsyyyzbjg/Build/Intermediates.noindex/ArchiveIntermediates/App/IntermediateBuildFilesPath/Pods.build/Release-iphoneos/CapacitorCordova.build/Objects-normal/arm64/e6072d4f65d7061329687fe24e3d63a7-common-args.resp
-target arm64-apple-ios14.0 '-std=gnu11' -fobjc-arc -fmodules -gmodules '-fmodules-cache-path=/Users/lekiaprosper/Library/Developer/Xcode/DerivedData/ModuleCache.noindex' '-fmodule-name=Cordova' -fpascal-strings -Os -fno-common '-DPOD_CONFIGURATION_RELEASE=1' '-DCOCOAPODS=1' '-DNS_BLOCK_ASSERTIONS=1' '-DOBJC_OLD_DISPATCH_PROTOTYPES=0' -isysroot /Applications/Xcode.app/Contents/Developer/Platforms/iPhoneOS.platform/Developer/SDKs/iPhoneOS26.0.sdk -g -iquote /Users/lekiaprosper/Library/Developer/Xcode/DerivedData/App-bmeqrztakkzxpkcqfdhhsyyyzbjg/Build/Intermediates.noindex/ArchiveIntermediates/App/IntermediateBuildFilesPath/Pods.build/Release-iphoneos/CapacitorCordova.build/Cordova-generated-files.hmap -I/Users/lekiaprosper/Library/Developer/Xcode/DerivedData/App-bmeqrztakkzxpkcqfdhhsyyyzbjg/Build/Intermediates.noindex/ArchiveIntermediates/App/IntermediateBuildFilesPath/Pods.build/Release-iphoneos/CapacitorCordova.build/Cordova-own-target-headers.hmap -I/Users/lekiaprosper/Library/Developer/Xcode/DerivedData/App-bmeqrztakkzxpkcqfdhhsyyyzbjg/Build/Intermediates.noindex/ArchiveIntermediates/App/IntermediateBuildFilesPath/Pods.build/Release-iphoneos/CapacitorCordova.build/Cordova-all-non-framework-target-headers.hmap -ivfsoverlay /Users/lekiaprosper/Library/Developer/Xcode/DerivedData/App-bmeqrztakkzxpkcqfdhhsyyyzbjg/Build/Intermediates.noindex/ArchiveIntermediates/App/IntermediateBuildFilesPath/Pods.build/Release-iphoneos/Pods-8699adb1dd336b26511df848a716bd42-VFS-iphoneos/all-product-headers.yaml -iquote /Users/lekiaprosper/Library/Developer/Xcode/DerivedData/App-bmeqrztakkzxpkcqfdhhsyyyzbjg/Build/Intermediates.noindex/ArchiveIntermediates/App/IntermediateBuildFilesPath/Pods.build/Release-iphoneos/CapacitorCordova.build/Cordova-project-headers.hmap -I/Users/lekiaprosper/Library/Developer/Xcode/DerivedData/App-bmeqrztakkzxpkcqfdhhsyyyzbjg/Build/Intermediates.noindex/ArchiveIntermediates/App/BuildProductsPath/Release-iphoneos/CapacitorCordova/include -I/Users/lekiaprosper/Library/Developer/Xcode/DerivedData/App-bmeqrztakkzxpkcqfdhhsyyyzbjg/Build/Intermediates.noindex/ArchiveIntermediates/App/IntermediateBuildFilesPath/Pods.build/Release-iphoneos/CapacitorCordova.build/DerivedSources-normal/arm64 -I/Users/lekiaprosper/Library/Developer/Xcode/DerivedData/App-bmeqrztakkzxpkcqfdhhsyyyzbjg/Build/Intermediates.noindex/ArchiveIntermediates/App/IntermediateBuildFilesPath/Pods.build/Release-iphoneos/CapacitorCordova.build/DerivedSources/arm64 -I/Users/lekiaprosper/Library/Developer/Xcode/DerivedData/App-bmeqrztakkzxpkcqfdhhsyyyzbjg/Build/Intermediates.noindex/ArchiveIntermediates/App/IntermediateBuildFilesPath/Pods.build/Release-iphoneos/CapacitorCordova.build/DerivedSources -F/Users/lekiaprosper/Library/Developer/Xcode/DerivedData/App-bmeqrztakkzxpkcqfdhhsyyyzbjg/Build/Intermediates.noindex/ArchiveIntermediates/App/BuildProductsPath/Release-iphoneos/CapacitorCordova

WriteAuxiliaryFile /Users/lekiaprosper/Library/Developer/Xcode/DerivedData/App-bmeqrztakkzxpkcqfdhhsyyyzbjg/Build/Intermediates.noindex/ArchiveIntermediates/App/IntermediateBuildFilesPath/Pods.build/Release-iphoneos/CapacitorCordova.build/Objects-normal/arm64/Cordova.LinkFileList (in target 'CapacitorCordova' from project 'Pods')
    cd /Users/lekiaprosper/Documents/Dev/Connectize/Connectize-Frontend/ios/App/Pods
    write-file /Users/lekiaprosper/Library/Developer/Xcode/DerivedData/App-bmeqrztakkzxpkcqfdhhsyyyzbjg/Build/Intermediates.noindex/ArchiveIntermediates/App/IntermediateBuildFilesPath/Pods.build/Release-iphoneos/CapacitorCordova.build/Objects-normal/arm64/Cordova.LinkFileList

WriteAuxiliaryFile /Users/lekiaprosper/Library/Developer/Xcode/DerivedData/App-bmeqrztakkzxpkcqfdhhsyyyzbjg/Build/Intermediates.noindex/ArchiveIntermediates/App/IntermediateBuildFilesPath/Pods.build/Release-iphoneos/CapacitorCordova.build/DerivedSources/Cordova_vers.c (in target 'CapacitorCordova' from project 'Pods')
    cd /Users/lekiaprosper/Documents/Dev/Connectize/Connectize-Frontend/ios/App/Pods
    write-file /Users/lekiaprosper/Library/Developer/Xcode/DerivedData/App-bmeqrztakkzxpkcqfdhhsyyyzbjg/Build/Intermediates.noindex/ArchiveIntermediates/App/IntermediateBuildFilesPath/Pods.build/Release-iphoneos/CapacitorCordova.build/DerivedSources/Cordova_vers.c

WriteAuxiliaryFile /Users/lekiaprosper/Library/Developer/Xcode/DerivedData/App-bmeqrztakkzxpkcqfdhhsyyyzbjg/Build/Intermediates.noindex/ArchiveIntermediates/App/IntermediateBuildFilesPath/Pods.build/Release-iphoneos/CapacitorCordova.build/Cordova.hmap (in target 'CapacitorCordova' from project 'Pods')
    cd /Users/lekiaprosper/Documents/Dev/Connectize/Connectize-Frontend/ios/App/Pods
    write-file /Users/lekiaprosper/Library/Developer/Xcode/DerivedData/App-bmeqrztakkzxpkcqfdhhsyyyzbjg/Build/Intermediates.noindex/ArchiveIntermediates/App/IntermediateBuildFilesPath/Pods.build/Release-iphoneos/CapacitorCordova.build/Cordova.hmap

WriteAuxiliaryFile /Users/lekiaprosper/Library/Developer/Xcode/DerivedData/App-bmeqrztakkzxpkcqfdhhsyyyzbjg/Build/Intermediates.noindex/ArchiveIntermediates/App/IntermediateBuildFilesPath/Pods.build/Release-iphoneos/CapacitorCordova.build/Cordova.DependencyStaticMetadataFileList (in target 'CapacitorCordova' from project 'Pods')
    cd /Users/lekiaprosper/Documents/Dev/Connectize/Connectize-Frontend/ios/App/Pods
    write-file /Users/lekiaprosper/Library/Developer/Xcode/DerivedData/App-bmeqrztakkzxpkcqfdhhsyyyzbjg/Build/Intermediates.noindex/ArchiveIntermediates/App/IntermediateBuildFilesPath/Pods.build/Release-iphoneos/CapacitorCordova.build/Cordova.DependencyStaticMetadataFileList

WriteAuxiliaryFile /Users/lekiaprosper/Library/Developer/Xcode/DerivedData/App-bmeqrztakkzxpkcqfdhhsyyyzbjg/Build/Intermediates.noindex/ArchiveIntermediates/App/IntermediateBuildFilesPath/Pods.build/Release-iphoneos/CapacitorCordova.build/Cordova.DependencyMetadataFileList (in target 'CapacitorCordova' from project 'Pods')
    cd /Users/lekiaprosper/Documents/Dev/Connectize/Connectize-Frontend/ios/App/Pods
    write-file /Users/lekiaprosper/Library/Developer/Xcode/DerivedData/App-bmeqrztakkzxpkcqfdhhsyyyzbjg/Build/Intermediates.noindex/ArchiveIntermediates/App/IntermediateBuildFilesPath/Pods.build/Release-iphoneos/CapacitorCordova.build/Cordova.DependencyMetadataFileList

WriteAuxiliaryFile /Users/lekiaprosper/Library/Developer/Xcode/DerivedData/App-bmeqrztakkzxpkcqfdhhsyyyzbjg/Build/Intermediates.noindex/ArchiveIntermediates/App/IntermediateBuildFilesPath/Pods.build/Release-iphoneos/CapacitorCordova.build/Cordova-own-target-headers.hmap (in target 'CapacitorCordova' from project 'Pods')
    cd /Users/lekiaprosper/Documents/Dev/Connectize/Connectize-Frontend/ios/App/Pods
    write-file /Users/lekiaprosper/Library/Developer/Xcode/DerivedData/App-bmeqrztakkzxpkcqfdhhsyyyzbjg/Build/Intermediates.noindex/ArchiveIntermediates/App/IntermediateBuildFilesPath/Pods.build/Release-iphoneos/CapacitorCordova.build/Cordova-own-target-headers.hmap

WriteAuxiliaryFile /Users/lekiaprosper/Library/Developer/Xcode/DerivedData/App-bmeqrztakkzxpkcqfdhhsyyyzbjg/Build/Intermediates.noindex/ArchiveIntermediates/App/IntermediateBuildFilesPath/Pods.build/Release-iphoneos/CapacitorCordova.build/Cordova-project-headers.hmap (in target 'CapacitorCordova' from project 'Pods')
    cd /Users/lekiaprosper/Documents/Dev/Connectize/Connectize-Frontend/ios/App/Pods
    write-file /Users/lekiaprosper/Library/Developer/Xcode/DerivedData/App-bmeqrztakkzxpkcqfdhhsyyyzbjg/Build/Intermediates.noindex/ArchiveIntermediates/App/IntermediateBuildFilesPath/Pods.build/Release-iphoneos/CapacitorCordova.build/Cordova-project-headers.hmap

Copy /Users/lekiaprosper/Library/Developer/Xcode/DerivedData/App-bmeqrztakkzxpkcqfdhhsyyyzbjg/Build/Intermediates.noindex/ArchiveIntermediates/App/IntermediateBuildFilesPath/UninstalledProducts/iphoneos/CapacitorSplashScreen.framework/Modules/module.modulemap /Users/lekiaprosper/Library/Developer/Xcode/DerivedData/App-bmeqrztakkzxpkcqfdhhsyyyzbjg/Build/Intermediates.noindex/ArchiveIntermediates/App/IntermediateBuildFilesPath/Pods.build/Release-iphoneos/CapacitorSplashScreen.build/module.modulemap (in target 'CapacitorSplashScreen' from project 'Pods')
    cd /Users/lekiaprosper/Documents/Dev/Connectize/Connectize-Frontend/ios/App/Pods
    builtin-copy -exclude .DS_Store -exclude CVS -exclude .svn -exclude .git -exclude .hg -resolve-src-symlinks /Users/lekiaprosper/Library/Developer/Xcode/DerivedData/App-bmeqrztakkzxpkcqfdhhsyyyzbjg/Build/Intermediates.noindex/ArchiveIntermediates/App/IntermediateBuildFilesPath/Pods.build/Release-iphoneos/CapacitorSplashScreen.build/module.modulemap /Users/lekiaprosper/Library/Developer/Xcode/DerivedData/App-bmeqrztakkzxpkcqfdhhsyyyzbjg/Build/Intermediates.noindex/ArchiveIntermediates/App/IntermediateBuildFilesPath/UninstalledProducts/iphoneos/CapacitorSplashScreen.framework/Modules

WriteAuxiliaryFile /Users/lekiaprosper/Library/Developer/Xcode/DerivedData/App-bmeqrztakkzxpkcqfdhhsyyyzbjg/Build/Intermediates.noindex/ArchiveIntermediates/App/IntermediateBuildFilesPath/Pods.build/Release-iphoneos/CapacitorCordova.build/Cordova-generated-files.hmap (in target 'CapacitorCordova' from project 'Pods')
    cd /Users/lekiaprosper/Documents/Dev/Connectize/Connectize-Frontend/ios/App/Pods
    write-file /Users/lekiaprosper/Library/Developer/Xcode/DerivedData/App-bmeqrztakkzxpkcqfdhhsyyyzbjg/Build/Intermediates.noindex/ArchiveIntermediates/App/IntermediateBuildFilesPath/Pods.build/Release-iphoneos/CapacitorCordova.build/Cordova-generated-files.hmap

WriteAuxiliaryFile /Users/lekiaprosper/Library/Developer/Xcode/DerivedData/App-bmeqrztakkzxpkcqfdhhsyyyzbjg/Build/Intermediates.noindex/ArchiveIntermediates/App/IntermediateBuildFilesPath/Pods.build/Release-iphoneos/CapacitorCordova.build/Cordova-all-target-headers.hmap (in target 'CapacitorCordova' from project 'Pods')
    cd /Users/lekiaprosper/Documents/Dev/Connectize/Connectize-Frontend/ios/App/Pods
    write-file /Users/lekiaprosper/Library/Developer/Xcode/DerivedData/App-bmeqrztakkzxpkcqfdhhsyyyzbjg/Build/Intermediates.noindex/ArchiveIntermediates/App/IntermediateBuildFilesPath/Pods.build/Release-iphoneos/CapacitorCordova.build/Cordova-all-target-headers.hmap

WriteAuxiliaryFile /Users/lekiaprosper/Library/Developer/Xcode/DerivedData/App-bmeqrztakkzxpkcqfdhhsyyyzbjg/Build/Intermediates.noindex/ArchiveIntermediates/App/IntermediateBuildFilesPath/Pods.build/Release-iphoneos/CapacitorCordova.build/Cordova-all-non-framework-target-headers.hmap (in target 'CapacitorCordova' from project 'Pods')
    cd /Users/lekiaprosper/Documents/Dev/Connectize/Connectize-Frontend/ios/App/Pods
    write-file /Users/lekiaprosper/Library/Developer/Xcode/DerivedData/App-bmeqrztakkzxpkcqfdhhsyyyzbjg/Build/Intermediates.noindex/ArchiveIntermediates/App/IntermediateBuildFilesPath/Pods.build/Release-iphoneos/CapacitorCordova.build/Cordova-all-non-framework-target-headers.hmap

CpHeader /Users/lekiaprosper/Library/Developer/Xcode/DerivedData/App-bmeqrztakkzxpkcqfdhhsyyyzbjg/Build/Intermediates.noindex/ArchiveIntermediates/App/IntermediateBuildFilesPath/UninstalledProducts/iphoneos/Cordova.framework/Headers/NSDictionary+CordovaPreferences.h /Users/lekiaprosper/Documents/Dev/Connectize/Connectize-Frontend/node_modules/@capacitor/ios/CapacitorCordova/CapacitorCordova/Classes/Public/NSDictionary+CordovaPreferences.h (in target 'CapacitorCordova' from project 'Pods')
    cd /Users/lekiaprosper/Documents/Dev/Connectize/Connectize-Frontend/ios/App/Pods
    builtin-copy -exclude .DS_Store -exclude CVS -exclude .svn -exclude .git -exclude .hg -resolve-src-symlinks /Users/lekiaprosper/Documents/Dev/Connectize/Connectize-Frontend/node_modules/@capacitor/ios/CapacitorCordova/CapacitorCordova/Classes/Public/NSDictionary+CordovaPreferences.h /Users/lekiaprosper/Library/Developer/Xcode/DerivedData/App-bmeqrztakkzxpkcqfdhhsyyyzbjg/Build/Intermediates.noindex/ArchiveIntermediates/App/IntermediateBuildFilesPath/UninstalledProducts/iphoneos/Cordova.framework/Headers

CpHeader /Users/lekiaprosper/Library/Developer/Xcode/DerivedData/App-bmeqrztakkzxpkcqfdhhsyyyzbjg/Build/Intermediates.noindex/ArchiveIntermediates/App/IntermediateBuildFilesPath/UninstalledProducts/iphoneos/Cordova.framework/Headers/CapacitorCordova.h /Users/lekiaprosper/Documents/Dev/Connectize/Connectize-Frontend/node_modules/@capacitor/ios/CapacitorCordova/CapacitorCordova/CapacitorCordova.h (in target 'CapacitorCordova' from project 'Pods')
    cd /Users/lekiaprosper/Documents/Dev/Connectize/Connectize-Frontend/ios/App/Pods
    builtin-copy -exclude .DS_Store -exclude CVS -exclude .svn -exclude .git -exclude .hg -resolve-src-symlinks /Users/lekiaprosper/Documents/Dev/Connectize/Connectize-Frontend/node_modules/@capacitor/ios/CapacitorCordova/CapacitorCordova/CapacitorCordova.h /Users/lekiaprosper/Library/Developer/Xcode/DerivedData/App-bmeqrztakkzxpkcqfdhhsyyyzbjg/Build/Intermediates.noindex/ArchiveIntermediates/App/IntermediateBuildFilesPath/UninstalledProducts/iphoneos/Cordova.framework/Headers

CpHeader /Users/lekiaprosper/Library/Developer/Xcode/DerivedData/App-bmeqrztakkzxpkcqfdhhsyyyzbjg/Build/Intermediates.noindex/ArchiveIntermediates/App/IntermediateBuildFilesPath/UninstalledProducts/iphoneos/Cordova.framework/Headers/CDVWebViewProcessPoolFactory.h /Users/lekiaprosper/Documents/Dev/Connectize/Connectize-Frontend/node_modules/@capacitor/ios/CapacitorCordova/CapacitorCordova/Classes/Public/CDVWebViewProcessPoolFactory.h (in target 'CapacitorCordova' from project 'Pods')
    cd /Users/lekiaprosper/Documents/Dev/Connectize/Connectize-Frontend/ios/App/Pods
    builtin-copy -exclude .DS_Store -exclude CVS -exclude .svn -exclude .git -exclude .hg -resolve-src-symlinks /Users/lekiaprosper/Documents/Dev/Connectize/Connectize-Frontend/node_modules/@capacitor/ios/CapacitorCordova/CapacitorCordova/Classes/Public/CDVWebViewProcessPoolFactory.h /Users/lekiaprosper/Library/Developer/Xcode/DerivedData/App-bmeqrztakkzxpkcqfdhhsyyyzbjg/Build/Intermediates.noindex/ArchiveIntermediates/App/IntermediateBuildFilesPath/UninstalledProducts/iphoneos/Cordova.framework/Headers

CpHeader /Users/lekiaprosper/Library/Developer/Xcode/DerivedData/App-bmeqrztakkzxpkcqfdhhsyyyzbjg/Build/Intermediates.noindex/ArchiveIntermediates/App/IntermediateBuildFilesPath/UninstalledProducts/iphoneos/Cordova.framework/Headers/CDVViewController.h /Users/lekiaprosper/Documents/Dev/Connectize/Connectize-Frontend/node_modules/@capacitor/ios/CapacitorCordova/CapacitorCordova/Classes/Public/CDVViewController.h (in target 'CapacitorCordova' from project 'Pods')
    cd /Users/lekiaprosper/Documents/Dev/Connectize/Connectize-Frontend/ios/App/Pods
    builtin-copy -exclude .DS_Store -exclude CVS -exclude .svn -exclude .git -exclude .hg -resolve-src-symlinks /Users/lekiaprosper/Documents/Dev/Connectize/Connectize-Frontend/node_modules/@capacitor/ios/CapacitorCordova/CapacitorCordova/Classes/Public/CDVViewController.h /Users/lekiaprosper/Library/Developer/Xcode/DerivedData/App-bmeqrztakkzxpkcqfdhhsyyyzbjg/Build/Intermediates.noindex/ArchiveIntermediates/App/IntermediateBuildFilesPath/UninstalledProducts/iphoneos/Cordova.framework/Headers

CpHeader /Users/lekiaprosper/Library/Developer/Xcode/DerivedData/App-bmeqrztakkzxpkcqfdhhsyyyzbjg/Build/Intermediates.noindex/ArchiveIntermediates/App/IntermediateBuildFilesPath/UninstalledProducts/iphoneos/Cordova.framework/Headers/CDVURLProtocol.h /Users/lekiaprosper/Documents/Dev/Connectize/Connectize-Frontend/node_modules/@capacitor/ios/CapacitorCordova/CapacitorCordova/Classes/Public/CDVURLProtocol.h (in target 'CapacitorCordova' from project 'Pods')
    cd /Users/lekiaprosper/Documents/Dev/Connectize/Connectize-Frontend/ios/App/Pods
    builtin-copy -exclude .DS_Store -exclude CVS -exclude .svn -exclude .git -exclude .hg -resolve-src-symlinks /Users/lekiaprosper/Documents/Dev/Connectize/Connectize-Frontend/node_modules/@capacitor/ios/CapacitorCordova/CapacitorCordova/Classes/Public/CDVURLProtocol.h /Users/lekiaprosper/Library/Developer/Xcode/DerivedData/App-bmeqrztakkzxpkcqfdhhsyyyzbjg/Build/Intermediates.noindex/ArchiveIntermediates/App/IntermediateBuildFilesPath/UninstalledProducts/iphoneos/Cordova.framework/Headers

CpHeader /Users/lekiaprosper/Library/Developer/Xcode/DerivedData/App-bmeqrztakkzxpkcqfdhhsyyyzbjg/Build/Intermediates.noindex/ArchiveIntermediates/App/IntermediateBuildFilesPath/UninstalledProducts/iphoneos/Cordova.framework/Headers/CDVScreenOrientationDelegate.h /Users/lekiaprosper/Documents/Dev/Connectize/Connectize-Frontend/node_modules/@capacitor/ios/CapacitorCordova/CapacitorCordova/Classes/Public/CDVScreenOrientationDelegate.h (in target 'CapacitorCordova' from project 'Pods')
    cd /Users/lekiaprosper/Documents/Dev/Connectize/Connectize-Frontend/ios/App/Pods
    builtin-copy -exclude .DS_Store -exclude CVS -exclude .svn -exclude .git -exclude .hg -resolve-src-symlinks /Users/lekiaprosper/Documents/Dev/Connectize/Connectize-Frontend/node_modules/@capacitor/ios/CapacitorCordova/CapacitorCordova/Classes/Public/CDVScreenOrientationDelegate.h /Users/lekiaprosper/Library/Developer/Xcode/DerivedData/App-bmeqrztakkzxpkcqfdhhsyyyzbjg/Build/Intermediates.noindex/ArchiveIntermediates/App/IntermediateBuildFilesPath/UninstalledProducts/iphoneos/Cordova.framework/Headers

CpHeader /Users/lekiaprosper/Library/Developer/Xcode/DerivedData/App-bmeqrztakkzxpkcqfdhhsyyyzbjg/Build/Intermediates.noindex/ArchiveIntermediates/App/IntermediateBuildFilesPath/UninstalledProducts/iphoneos/Cordova.framework/Headers/CDVPluginResult.h /Users/lekiaprosper/Documents/Dev/Connectize/Connectize-Frontend/node_modules/@capacitor/ios/CapacitorCordova/CapacitorCordova/Classes/Public/CDVPluginResult.h (in target 'CapacitorCordova' from project 'Pods')
    cd /Users/lekiaprosper/Documents/Dev/Connectize/Connectize-Frontend/ios/App/Pods
    builtin-copy -exclude .DS_Store -exclude CVS -exclude .svn -exclude .git -exclude .hg -resolve-src-symlinks /Users/lekiaprosper/Documents/Dev/Connectize/Connectize-Frontend/node_modules/@capacitor/ios/CapacitorCordova/CapacitorCordova/Classes/Public/CDVPluginResult.h /Users/lekiaprosper/Library/Developer/Xcode/DerivedData/App-bmeqrztakkzxpkcqfdhhsyyyzbjg/Build/Intermediates.noindex/ArchiveIntermediates/App/IntermediateBuildFilesPath/UninstalledProducts/iphoneos/Cordova.framework/Headers

CpHeader /Users/lekiaprosper/Library/Developer/Xcode/DerivedData/App-bmeqrztakkzxpkcqfdhhsyyyzbjg/Build/Intermediates.noindex/ArchiveIntermediates/App/IntermediateBuildFilesPath/UninstalledProducts/iphoneos/Cordova.framework/Headers/CDVPluginManager.h /Users/lekiaprosper/Documents/Dev/Connectize/Connectize-Frontend/node_modules/@capacitor/ios/CapacitorCordova/CapacitorCordova/Classes/Public/CDVPluginManager.h (in target 'CapacitorCordova' from project 'Pods')
    cd /Users/lekiaprosper/Documents/Dev/Connectize/Connectize-Frontend/ios/App/Pods
    builtin-copy -exclude .DS_Store -exclude CVS -exclude .svn -exclude .git -exclude .hg -resolve-src-symlinks /Users/lekiaprosper/Documents/Dev/Connectize/Connectize-Frontend/node_modules/@capacitor/ios/CapacitorCordova/CapacitorCordova/Classes/Public/CDVPluginManager.h /Users/lekiaprosper/Library/Developer/Xcode/DerivedData/App-bmeqrztakkzxpkcqfdhhsyyyzbjg/Build/Intermediates.noindex/ArchiveIntermediates/App/IntermediateBuildFilesPath/UninstalledProducts/iphoneos/Cordova.framework/Headers

CpHeader /Users/lekiaprosper/Library/Developer/Xcode/DerivedData/App-bmeqrztakkzxpkcqfdhhsyyyzbjg/Build/Intermediates.noindex/ArchiveIntermediates/App/IntermediateBuildFilesPath/UninstalledProducts/iphoneos/Cordova.framework/Headers/CDVPlugin.h /Users/lekiaprosper/Documents/Dev/Connectize/Connectize-Frontend/node_modules/@capacitor/ios/CapacitorCordova/CapacitorCordova/Classes/Public/CDVPlugin.h (in target 'CapacitorCordova' from project 'Pods')
    cd /Users/lekiaprosper/Documents/Dev/Connectize/Connectize-Frontend/ios/App/Pods
    builtin-copy -exclude .DS_Store -exclude CVS -exclude .svn -exclude .git -exclude .hg -resolve-src-symlinks /Users/lekiaprosper/Documents/Dev/Connectize/Connectize-Frontend/node_modules/@capacitor/ios/CapacitorCordova/CapacitorCordova/Classes/Public/CDVPlugin.h /Users/lekiaprosper/Library/Developer/Xcode/DerivedData/App-bmeqrztakkzxpkcqfdhhsyyyzbjg/Build/Intermediates.noindex/ArchiveIntermediates/App/IntermediateBuildFilesPath/UninstalledProducts/iphoneos/Cordova.framework/Headers

CpHeader /Users/lekiaprosper/Library/Developer/Xcode/DerivedData/App-bmeqrztakkzxpkcqfdhhsyyyzbjg/Build/Intermediates.noindex/ArchiveIntermediates/App/IntermediateBuildFilesPath/UninstalledProducts/iphoneos/Cordova.framework/Headers/CDVPlugin+Resources.h /Users/lekiaprosper/Documents/Dev/Connectize/Connectize-Frontend/node_modules/@capacitor/ios/CapacitorCordova/CapacitorCordova/Classes/Public/CDVPlugin+Resources.h (in target 'CapacitorCordova' from project 'Pods')
    cd /Users/lekiaprosper/Documents/Dev/Connectize/Connectize-Frontend/ios/App/Pods
    builtin-copy -exclude .DS_Store -exclude CVS -exclude .svn -exclude .git -exclude .hg -resolve-src-symlinks /Users/lekiaprosper/Documents/Dev/Connectize/Connectize-Frontend/node_modules/@capacitor/ios/CapacitorCordova/CapacitorCordova/Classes/Public/CDVPlugin+Resources.h /Users/lekiaprosper/Library/Developer/Xcode/DerivedData/App-bmeqrztakkzxpkcqfdhhsyyyzbjg/Build/Intermediates.noindex/ArchiveIntermediates/App/IntermediateBuildFilesPath/UninstalledProducts/iphoneos/Cordova.framework/Headers

CpHeader /Users/lekiaprosper/Library/Developer/Xcode/DerivedData/App-bmeqrztakkzxpkcqfdhhsyyyzbjg/Build/Intermediates.noindex/ArchiveIntermediates/App/IntermediateBuildFilesPath/UninstalledProducts/iphoneos/Cordova.framework/Headers/CDVInvokedUrlCommand.h /Users/lekiaprosper/Documents/Dev/Connectize/Connectize-Frontend/node_modules/@capacitor/ios/CapacitorCordova/CapacitorCordova/Classes/Public/CDVInvokedUrlCommand.h (in target 'CapacitorCordova' from project 'Pods')
    cd /Users/lekiaprosper/Documents/Dev/Connectize/Connectize-Frontend/ios/App/Pods
    builtin-copy -exclude .DS_Store -exclude CVS -exclude .svn -exclude .git -exclude .hg -resolve-src-symlinks /Users/lekiaprosper/Documents/Dev/Connectize/Connectize-Frontend/node_modules/@capacitor/ios/CapacitorCordova/CapacitorCordova/Classes/Public/CDVInvokedUrlCommand.h /Users/lekiaprosper/Library/Developer/Xcode/DerivedData/App-bmeqrztakkzxpkcqfdhhsyyyzbjg/Build/Intermediates.noindex/ArchiveIntermediates/App/IntermediateBuildFilesPath/UninstalledProducts/iphoneos/Cordova.framework/Headers

CpHeader /Users/lekiaprosper/Library/Developer/Xcode/DerivedData/App-bmeqrztakkzxpkcqfdhhsyyyzbjg/Build/Intermediates.noindex/ArchiveIntermediates/App/IntermediateBuildFilesPath/UninstalledProducts/iphoneos/Cordova.framework/Headers/CDVConfigParser.h /Users/lekiaprosper/Documents/Dev/Connectize/Connectize-Frontend/node_modules/@capacitor/ios/CapacitorCordova/CapacitorCordova/Classes/Public/CDVConfigParser.h (in target 'CapacitorCordova' from project 'Pods')
    cd /Users/lekiaprosper/Documents/Dev/Connectize/Connectize-Frontend/ios/App/Pods
    builtin-copy -exclude .DS_Store -exclude CVS -exclude .svn -exclude .git -exclude .hg -resolve-src-symlinks /Users/lekiaprosper/Documents/Dev/Connectize/Connectize-Frontend/node_modules/@capacitor/ios/CapacitorCordova/CapacitorCordova/Classes/Public/CDVConfigParser.h /Users/lekiaprosper/Library/Developer/Xcode/DerivedData/App-bmeqrztakkzxpkcqfdhhsyyyzbjg/Build/Intermediates.noindex/ArchiveIntermediates/App/IntermediateBuildFilesPath/UninstalledProducts/iphoneos/Cordova.framework/Headers

CpHeader /Users/lekiaprosper/Library/Developer/Xcode/DerivedData/App-bmeqrztakkzxpkcqfdhhsyyyzbjg/Build/Intermediates.noindex/ArchiveIntermediates/App/IntermediateBuildFilesPath/UninstalledProducts/iphoneos/Cordova.framework/Headers/CDVCommandDelegate.h /Users/lekiaprosper/Documents/Dev/Connectize/Connectize-Frontend/node_modules/@capacitor/ios/CapacitorCordova/CapacitorCordova/Classes/Public/CDVCommandDelegate.h (in target 'CapacitorCordova' from project 'Pods')
    cd /Users/lekiaprosper/Documents/Dev/Connectize/Connectize-Frontend/ios/App/Pods
    builtin-copy -exclude .DS_Store -exclude CVS -exclude .svn -exclude .git -exclude .hg -resolve-src-symlinks /Users/lekiaprosper/Documents/Dev/Connectize/Connectize-Frontend/node_modules/@capacitor/ios/CapacitorCordova/CapacitorCordova/Classes/Public/CDVCommandDelegate.h /Users/lekiaprosper/Library/Developer/Xcode/DerivedData/App-bmeqrztakkzxpkcqfdhhsyyyzbjg/Build/Intermediates.noindex/ArchiveIntermediates/App/IntermediateBuildFilesPath/UninstalledProducts/iphoneos/Cordova.framework/Headers

CpHeader /Users/lekiaprosper/Library/Developer/Xcode/DerivedData/App-bmeqrztakkzxpkcqfdhhsyyyzbjg/Build/Intermediates.noindex/ArchiveIntermediates/App/IntermediateBuildFilesPath/UninstalledProducts/iphoneos/Cordova.framework/Headers/CDVCommandDelegateImpl.h /Users/lekiaprosper/Documents/Dev/Connectize/Connectize-Frontend/node_modules/@capacitor/ios/CapacitorCordova/CapacitorCordova/Classes/Public/CDVCommandDelegateImpl.h (in target 'CapacitorCordova' from project 'Pods')
    cd /Users/lekiaprosper/Documents/Dev/Connectize/Connectize-Frontend/ios/App/Pods
    builtin-copy -exclude .DS_Store -exclude CVS -exclude .svn -exclude .git -exclude .hg -resolve-src-symlinks /Users/lekiaprosper/Documents/Dev/Connectize/Connectize-Frontend/node_modules/@capacitor/ios/CapacitorCordova/CapacitorCordova/Classes/Public/CDVCommandDelegateImpl.h /Users/lekiaprosper/Library/Developer/Xcode/DerivedData/App-bmeqrztakkzxpkcqfdhhsyyyzbjg/Build/Intermediates.noindex/ArchiveIntermediates/App/IntermediateBuildFilesPath/UninstalledProducts/iphoneos/Cordova.framework/Headers

CpHeader /Users/lekiaprosper/Library/Developer/Xcode/DerivedData/App-bmeqrztakkzxpkcqfdhhsyyyzbjg/Build/Intermediates.noindex/ArchiveIntermediates/App/IntermediateBuildFilesPath/UninstalledProducts/iphoneos/Cordova.framework/Headers/CDVAvailability.h /Users/lekiaprosper/Documents/Dev/Connectize/Connectize-Frontend/node_modules/@capacitor/ios/CapacitorCordova/CapacitorCordova/Classes/Public/CDVAvailability.h (in target 'CapacitorCordova' from project 'Pods')
    cd /Users/lekiaprosper/Documents/Dev/Connectize/Connectize-Frontend/ios/App/Pods
    builtin-copy -exclude .DS_Store -exclude CVS -exclude .svn -exclude .git -exclude .hg -resolve-src-symlinks /Users/lekiaprosper/Documents/Dev/Connectize/Connectize-Frontend/node_modules/@capacitor/ios/CapacitorCordova/CapacitorCordova/Classes/Public/CDVAvailability.h /Users/lekiaprosper/Library/Developer/Xcode/DerivedData/App-bmeqrztakkzxpkcqfdhhsyyyzbjg/Build/Intermediates.noindex/ArchiveIntermediates/App/IntermediateBuildFilesPath/UninstalledProducts/iphoneos/Cordova.framework/Headers

CpHeader /Users/lekiaprosper/Library/Developer/Xcode/DerivedData/App-bmeqrztakkzxpkcqfdhhsyyyzbjg/Build/Intermediates.noindex/ArchiveIntermediates/App/IntermediateBuildFilesPath/UninstalledProducts/iphoneos/Cordova.framework/Headers/CDV.h /Users/lekiaprosper/Documents/Dev/Connectize/Connectize-Frontend/node_modules/@capacitor/ios/CapacitorCordova/CapacitorCordova/Classes/Public/CDV.h (in target 'CapacitorCordova' from project 'Pods')
    cd /Users/lekiaprosper/Documents/Dev/Connectize/Connectize-Frontend/ios/App/Pods
    builtin-copy -exclude .DS_Store -exclude CVS -exclude .svn -exclude .git -exclude .hg -resolve-src-symlinks /Users/lekiaprosper/Documents/Dev/Connectize/Connectize-Frontend/node_modules/@capacitor/ios/CapacitorCordova/CapacitorCordova/Classes/Public/CDV.h /Users/lekiaprosper/Library/Developer/Xcode/DerivedData/App-bmeqrztakkzxpkcqfdhhsyyyzbjg/Build/Intermediates.noindex/ArchiveIntermediates/App/IntermediateBuildFilesPath/UninstalledProducts/iphoneos/Cordova.framework/Headers

CpHeader /Users/lekiaprosper/Library/Developer/Xcode/DerivedData/App-bmeqrztakkzxpkcqfdhhsyyyzbjg/Build/Intermediates.noindex/ArchiveIntermediates/App/IntermediateBuildFilesPath/UninstalledProducts/iphoneos/Cordova.framework/Headers/AppDelegate.h /Users/lekiaprosper/Documents/Dev/Connectize/Connectize-Frontend/node_modules/@capacitor/ios/CapacitorCordova/CapacitorCordova/Classes/Public/AppDelegate.h (in target 'CapacitorCordova' from project 'Pods')
    cd /Users/lekiaprosper/Documents/Dev/Connectize/Connectize-Frontend/ios/App/Pods
    builtin-copy -exclude .DS_Store -exclude CVS -exclude .svn -exclude .git -exclude .hg -resolve-src-symlinks /Users/lekiaprosper/Documents/Dev/Connectize/Connectize-Frontend/node_modules/@capacitor/ios/CapacitorCordova/CapacitorCordova/Classes/Public/AppDelegate.h /Users/lekiaprosper/Library/Developer/Xcode/DerivedData/App-bmeqrztakkzxpkcqfdhhsyyyzbjg/Build/Intermediates.noindex/ArchiveIntermediates/App/IntermediateBuildFilesPath/UninstalledProducts/iphoneos/Cordova.framework/Headers

Copy /Users/lekiaprosper/Library/Developer/Xcode/DerivedData/App-bmeqrztakkzxpkcqfdhhsyyyzbjg/Build/Intermediates.noindex/ArchiveIntermediates/App/IntermediateBuildFilesPath/Pods.build/Release-iphoneos/CapacitorCordova.build/module.modulemap /Users/lekiaprosper/Documents/Dev/Connectize/Connectize-Frontend/ios/App/Pods/Target\ Support\ Files/CapacitorCordova/CapacitorCordova.modulemap (in target 'CapacitorCordova' from project 'Pods')
    cd /Users/lekiaprosper/Documents/Dev/Connectize/Connectize-Frontend/ios/App/Pods
    builtin-copy -exclude .DS_Store -exclude CVS -exclude .svn -exclude .git -exclude .hg -resolve-src-symlinks -rename /Users/lekiaprosper/Documents/Dev/Connectize/Connectize-Frontend/ios/App/Pods/Target\ Support\ Files/CapacitorCordova/CapacitorCordova.modulemap /Users/lekiaprosper/Library/Developer/Xcode/DerivedData/App-bmeqrztakkzxpkcqfdhhsyyyzbjg/Build/Intermediates.noindex/ArchiveIntermediates/App/IntermediateBuildFilesPath/Pods.build/Release-iphoneos/CapacitorCordova.build/module.modulemap

WriteAuxiliaryFile /Users/lekiaprosper/Library/Developer/Xcode/DerivedData/App-bmeqrztakkzxpkcqfdhhsyyyzbjg/Build/Intermediates.noindex/ArchiveIntermediates/App/IntermediateBuildFilesPath/Pods.build/Release-iphoneos/Capacitor.build/unextended-module-swiftunextension.modulemap (in target 'Capacitor' from project 'Pods')
    cd /Users/lekiaprosper/Documents/Dev/Connectize/Connectize-Frontend/ios/App/Pods
    write-file /Users/lekiaprosper/Library/Developer/Xcode/DerivedData/App-bmeqrztakkzxpkcqfdhhsyyyzbjg/Build/Intermediates.noindex/ArchiveIntermediates/App/IntermediateBuildFilesPath/Pods.build/Release-iphoneos/Capacitor.build/unextended-module-swiftunextension.modulemap

WriteAuxiliaryFile /Users/lekiaprosper/Library/Developer/Xcode/DerivedData/App-bmeqrztakkzxpkcqfdhhsyyyzbjg/Build/Intermediates.noindex/ArchiveIntermediates/App/IntermediateBuildFilesPath/Pods.build/Release-iphoneos/Capacitor.build/unextended-module-overlay.yaml (in target 'Capacitor' from project 'Pods')
    cd /Users/lekiaprosper/Documents/Dev/Connectize/Connectize-Frontend/ios/App/Pods
    write-file /Users/lekiaprosper/Library/Developer/Xcode/DerivedData/App-bmeqrztakkzxpkcqfdhhsyyyzbjg/Build/Intermediates.noindex/ArchiveIntermediates/App/IntermediateBuildFilesPath/Pods.build/Release-iphoneos/Capacitor.build/unextended-module-overlay.yaml

WriteAuxiliaryFile /Users/lekiaprosper/Library/Developer/Xcode/DerivedData/App-bmeqrztakkzxpkcqfdhhsyyyzbjg/Build/Intermediates.noindex/ArchiveIntermediates/App/IntermediateBuildFilesPath/Pods.build/Release-iphoneos/Capacitor.build/module-swiftextension.modulemap (in target 'Capacitor' from project 'Pods')
    cd /Users/lekiaprosper/Documents/Dev/Connectize/Connectize-Frontend/ios/App/Pods
    write-file /Users/lekiaprosper/Library/Developer/Xcode/DerivedData/App-bmeqrztakkzxpkcqfdhhsyyyzbjg/Build/Intermediates.noindex/ArchiveIntermediates/App/IntermediateBuildFilesPath/Pods.build/Release-iphoneos/Capacitor.build/module-swiftextension.modulemap

WriteAuxiliaryFile /Users/lekiaprosper/Library/Developer/Xcode/DerivedData/App-bmeqrztakkzxpkcqfdhhsyyyzbjg/Build/Intermediates.noindex/ArchiveIntermediates/App/IntermediateBuildFilesPath/Pods.build/Release-iphoneos/Capacitor.build/Objects-normal/arm64/Capacitor_const_extract_protocols.json (in target 'Capacitor' from project 'Pods')
    cd /Users/lekiaprosper/Documents/Dev/Connectize/Connectize-Frontend/ios/App/Pods
    write-file /Users/lekiaprosper/Library/Developer/Xcode/DerivedData/App-bmeqrztakkzxpkcqfdhhsyyyzbjg/Build/Intermediates.noindex/ArchiveIntermediates/App/IntermediateBuildFilesPath/Pods.build/Release-iphoneos/Capacitor.build/Objects-normal/arm64/Capacitor_const_extract_protocols.json

WriteAuxiliaryFile /Users/lekiaprosper/Library/Developer/Xcode/DerivedData/App-bmeqrztakkzxpkcqfdhhsyyyzbjg/Build/Intermediates.noindex/ArchiveIntermediates/App/IntermediateBuildFilesPath/Pods.build/Release-iphoneos/Capacitor.build/Objects-normal/arm64/Capacitor.SwiftFileList (in target 'Capacitor' from project 'Pods')
    cd /Users/lekiaprosper/Documents/Dev/Connectize/Connectize-Frontend/ios/App/Pods
    write-file /Users/lekiaprosper/Library/Developer/Xcode/DerivedData/App-bmeqrztakkzxpkcqfdhhsyyyzbjg/Build/Intermediates.noindex/ArchiveIntermediates/App/IntermediateBuildFilesPath/Pods.build/Release-iphoneos/Capacitor.build/Objects-normal/arm64/Capacitor.SwiftFileList

WriteAuxiliaryFile /Users/lekiaprosper/Library/Developer/Xcode/DerivedData/App-bmeqrztakkzxpkcqfdhhsyyyzbjg/Build/Intermediates.noindex/ArchiveIntermediates/App/IntermediateBuildFilesPath/Pods.build/Release-iphoneos/Capacitor.build/Objects-normal/arm64/Capacitor.SwiftConstValuesFileList (in target 'Capacitor' from project 'Pods')
    cd /Users/lekiaprosper/Documents/Dev/Connectize/Connectize-Frontend/ios/App/Pods
    write-file /Users/lekiaprosper/Library/Developer/Xcode/DerivedData/App-bmeqrztakkzxpkcqfdhhsyyyzbjg/Build/Intermediates.noindex/ArchiveIntermediates/App/IntermediateBuildFilesPath/Pods.build/Release-iphoneos/Capacitor.build/Objects-normal/arm64/Capacitor.SwiftConstValuesFileList

WriteAuxiliaryFile /Users/lekiaprosper/Library/Developer/Xcode/DerivedData/App-bmeqrztakkzxpkcqfdhhsyyyzbjg/Build/Intermediates.noindex/ArchiveIntermediates/App/IntermediateBuildFilesPath/Pods.build/Release-iphoneos/Capacitor.build/Objects-normal/arm64/e6072d4f65d7061329687fe24e3d63a7-common-args.resp (in target 'Capacitor' from project 'Pods')
    cd /Users/lekiaprosper/Documents/Dev/Connectize/Connectize-Frontend/ios/App/Pods
    write-file /Users/lekiaprosper/Library/Developer/Xcode/DerivedData/App-bmeqrztakkzxpkcqfdhhsyyyzbjg/Build/Intermediates.noindex/ArchiveIntermediates/App/IntermediateBuildFilesPath/Pods.build/Release-iphoneos/Capacitor.build/Objects-normal/arm64/e6072d4f65d7061329687fe24e3d63a7-common-args.resp
-target arm64-apple-ios14.0 '-std=gnu11' -fobjc-arc -fmodules -gmodules '-fmodules-cache-path=/Users/lekiaprosper/Library/Developer/Xcode/DerivedData/ModuleCache.noindex' '-fmodule-name=Capacitor' -fpascal-strings -Os -fno-common '-DPOD_CONFIGURATION_RELEASE=1' '-DCOCOAPODS=1' '-DNS_BLOCK_ASSERTIONS=1' '-DOBJC_OLD_DISPATCH_PROTOTYPES=0' -isysroot /Applications/Xcode.app/Contents/Developer/Platforms/iPhoneOS.platform/Developer/SDKs/iPhoneOS26.0.sdk -g -iquote /Users/lekiaprosper/Library/Developer/Xcode/DerivedData/App-bmeqrztakkzxpkcqfdhhsyyyzbjg/Build/Intermediates.noindex/ArchiveIntermediates/App/IntermediateBuildFilesPath/Pods.build/Release-iphoneos/Capacitor.build/Capacitor-generated-files.hmap -I/Users/lekiaprosper/Library/Developer/Xcode/DerivedData/App-bmeqrztakkzxpkcqfdhhsyyyzbjg/Build/Intermediates.noindex/ArchiveIntermediates/App/IntermediateBuildFilesPath/Pods.build/Release-iphoneos/Capacitor.build/Capacitor-own-target-headers.hmap -I/Users/lekiaprosper/Library/Developer/Xcode/DerivedData/App-bmeqrztakkzxpkcqfdhhsyyyzbjg/Build/Intermediates.noindex/ArchiveIntermediates/App/IntermediateBuildFilesPath/Pods.build/Release-iphoneos/Capacitor.build/Capacitor-all-non-framework-target-headers.hmap -ivfsoverlay /Users/lekiaprosper/Library/Developer/Xcode/DerivedData/App-bmeqrztakkzxpkcqfdhhsyyyzbjg/Build/Intermediates.noindex/ArchiveIntermediates/App/IntermediateBuildFilesPath/Pods.build/Release-iphoneos/Pods-8699adb1dd336b26511df848a716bd42-VFS-iphoneos/all-product-headers.yaml -iquote /Users/lekiaprosper/Library/Developer/Xcode/DerivedData/App-bmeqrztakkzxpkcqfdhhsyyyzbjg/Build/Intermediates.noindex/ArchiveIntermediates/App/IntermediateBuildFilesPath/Pods.build/Release-iphoneos/Capacitor.build/Capacitor-project-headers.hmap -I/Users/lekiaprosper/Library/Developer/Xcode/DerivedData/App-bmeqrztakkzxpkcqfdhhsyyyzbjg/Build/Intermediates.noindex/ArchiveIntermediates/App/BuildProductsPath/Release-iphoneos/Capacitor/include -I/Users/lekiaprosper/Library/Developer/Xcode/DerivedData/App-bmeqrztakkzxpkcqfdhhsyyyzbjg/Build/Intermediates.noindex/ArchiveIntermediates/App/IntermediateBuildFilesPath/Pods.build/Release-iphoneos/Capacitor.build/DerivedSources-normal/arm64 -I/Users/lekiaprosper/Library/Developer/Xcode/DerivedData/App-bmeqrztakkzxpkcqfdhhsyyyzbjg/Build/Intermediates.noindex/ArchiveIntermediates/App/IntermediateBuildFilesPath/Pods.build/Release-iphoneos/Capacitor.build/DerivedSources/arm64 -I/Users/lekiaprosper/Library/Developer/Xcode/DerivedData/App-bmeqrztakkzxpkcqfdhhsyyyzbjg/Build/Intermediates.noindex/ArchiveIntermediates/App/IntermediateBuildFilesPath/Pods.build/Release-iphoneos/Capacitor.build/DerivedSources -F/Users/lekiaprosper/Library/Developer/Xcode/DerivedData/App-bmeqrztakkzxpkcqfdhhsyyyzbjg/Build/Intermediates.noindex/ArchiveIntermediates/App/BuildProductsPath/Release-iphoneos/Capacitor -F/Users/lekiaprosper/Library/Developer/Xcode/DerivedData/App-bmeqrztakkzxpkcqfdhhsyyyzbjg/Build/Intermediates.noindex/ArchiveIntermediates/App/BuildProductsPath/Release-iphoneos/CapacitorCordova

WriteAuxiliaryFile /Users/lekiaprosper/Library/Developer/Xcode/DerivedData/App-bmeqrztakkzxpkcqfdhhsyyyzbjg/Build/Intermediates.noindex/ArchiveIntermediates/App/IntermediateBuildFilesPath/Pods.build/Release-iphoneos/Capacitor.build/Objects-normal/arm64/Capacitor.LinkFileList (in target 'Capacitor' from project 'Pods')
    cd /Users/lekiaprosper/Documents/Dev/Connectize/Connectize-Frontend/ios/App/Pods
    write-file /Users/lekiaprosper/Library/Developer/Xcode/DerivedData/App-bmeqrztakkzxpkcqfdhhsyyyzbjg/Build/Intermediates.noindex/ArchiveIntermediates/App/IntermediateBuildFilesPath/Pods.build/Release-iphoneos/Capacitor.build/Objects-normal/arm64/Capacitor.LinkFileList

WriteAuxiliaryFile /Users/lekiaprosper/Library/Developer/Xcode/DerivedData/App-bmeqrztakkzxpkcqfdhhsyyyzbjg/Build/Intermediates.noindex/ArchiveIntermediates/App/IntermediateBuildFilesPath/Pods.build/Release-iphoneos/Capacitor.build/Objects-normal/arm64/Capacitor-OutputFileMap.json (in target 'Capacitor' from project 'Pods')
    cd /Users/lekiaprosper/Documents/Dev/Connectize/Connectize-Frontend/ios/App/Pods
    write-file /Users/lekiaprosper/Library/Developer/Xcode/DerivedData/App-bmeqrztakkzxpkcqfdhhsyyyzbjg/Build/Intermediates.noindex/ArchiveIntermediates/App/IntermediateBuildFilesPath/Pods.build/Release-iphoneos/Capacitor.build/Objects-normal/arm64/Capacitor-OutputFileMap.json

WriteAuxiliaryFile /Users/lekiaprosper/Library/Developer/Xcode/DerivedData/App-bmeqrztakkzxpkcqfdhhsyyyzbjg/Build/Intermediates.noindex/ArchiveIntermediates/App/IntermediateBuildFilesPath/Pods.build/Release-iphoneos/Capacitor.build/Objects-normal/arm64/7187679823f38a2a940e0043cdf9d637-common-args.resp (in target 'Capacitor' from project 'Pods')
    cd /Users/lekiaprosper/Documents/Dev/Connectize/Connectize-Frontend/ios/App/Pods
    write-file /Users/lekiaprosper/Library/Developer/Xcode/DerivedData/App-bmeqrztakkzxpkcqfdhhsyyyzbjg/Build/Intermediates.noindex/ArchiveIntermediates/App/IntermediateBuildFilesPath/Pods.build/Release-iphoneos/Capacitor.build/Objects-normal/arm64/7187679823f38a2a940e0043cdf9d637-common-args.resp
-target arm64-apple-ios14.0 '-std=gnu11' -fmodules -gmodules '-fmodules-cache-path=/Users/lekiaprosper/Library/Developer/Xcode/DerivedData/ModuleCache.noindex' '-fmodule-name=Capacitor' -fpascal-strings -Os -fno-common '-DPOD_CONFIGURATION_RELEASE=1' '-DCOCOAPODS=1' -isysroot /Applications/Xcode.app/Contents/Developer/Platforms/iPhoneOS.platform/Developer/SDKs/iPhoneOS26.0.sdk -g -iquote /Users/lekiaprosper/Library/Developer/Xcode/DerivedData/App-bmeqrztakkzxpkcqfdhhsyyyzbjg/Build/Intermediates.noindex/ArchiveIntermediates/App/IntermediateBuildFilesPath/Pods.build/Release-iphoneos/Capacitor.build/Capacitor-generated-files.hmap -I/Users/lekiaprosper/Library/Developer/Xcode/DerivedData/App-bmeqrztakkzxpkcqfdhhsyyyzbjg/Build/Intermediates.noindex/ArchiveIntermediates/App/IntermediateBuildFilesPath/Pods.build/Release-iphoneos/Capacitor.build/Capacitor-own-target-headers.hmap -I/Users/lekiaprosper/Library/Developer/Xcode/DerivedData/App-bmeqrztakkzxpkcqfdhhsyyyzbjg/Build/Intermediates.noindex/ArchiveIntermediates/App/IntermediateBuildFilesPath/Pods.build/Release-iphoneos/Capacitor.build/Capacitor-all-non-framework-target-headers.hmap -ivfsoverlay /Users/lekiaprosper/Library/Developer/Xcode/DerivedData/App-bmeqrztakkzxpkcqfdhhsyyyzbjg/Build/Intermediates.noindex/ArchiveIntermediates/App/IntermediateBuildFilesPath/Pods.build/Release-iphoneos/Pods-8699adb1dd336b26511df848a716bd42-VFS-iphoneos/all-product-headers.yaml -iquote /Users/lekiaprosper/Library/Developer/Xcode/DerivedData/App-bmeqrztakkzxpkcqfdhhsyyyzbjg/Build/Intermediates.noindex/ArchiveIntermediates/App/IntermediateBuildFilesPath/Pods.build/Release-iphoneos/Capacitor.build/Capacitor-project-headers.hmap -I/Users/lekiaprosper/Library/Developer/Xcode/DerivedData/App-bmeqrztakkzxpkcqfdhhsyyyzbjg/Build/Intermediates.noindex/ArchiveIntermediates/App/BuildProductsPath/Release-iphoneos/Capacitor/include -I/Users/lekiaprosper/Library/Developer/Xcode/DerivedData/App-bmeqrztakkzxpkcqfdhhsyyyzbjg/Build/Intermediates.noindex/ArchiveIntermediates/App/IntermediateBuildFilesPath/Pods.build/Release-iphoneos/Capacitor.build/DerivedSources-normal/arm64 -I/Users/lekiaprosper/Library/Developer/Xcode/DerivedData/App-bmeqrztakkzxpkcqfdhhsyyyzbjg/Build/Intermediates.noindex/ArchiveIntermediates/App/IntermediateBuildFilesPath/Pods.build/Release-iphoneos/Capacitor.build/DerivedSources/arm64 -I/Users/lekiaprosper/Library/Developer/Xcode/DerivedData/App-bmeqrztakkzxpkcqfdhhsyyyzbjg/Build/Intermediates.noindex/ArchiveIntermediates/App/IntermediateBuildFilesPath/Pods.build/Release-iphoneos/Capacitor.build/DerivedSources -F/Users/lekiaprosper/Library/Developer/Xcode/DerivedData/App-bmeqrztakkzxpkcqfdhhsyyyzbjg/Build/Intermediates.noindex/ArchiveIntermediates/App/BuildProductsPath/Release-iphoneos/Capacitor -F/Users/lekiaprosper/Library/Developer/Xcode/DerivedData/App-bmeqrztakkzxpkcqfdhhsyyyzbjg/Build/Intermediates.noindex/ArchiveIntermediates/App/BuildProductsPath/Release-iphoneos/CapacitorCordova

Copy /Users/lekiaprosper/Library/Developer/Xcode/DerivedData/App-bmeqrztakkzxpkcqfdhhsyyyzbjg/Build/Intermediates.noindex/ArchiveIntermediates/App/IntermediateBuildFilesPath/UninstalledProducts/iphoneos/Cordova.framework/Modules/module.modulemap /Users/lekiaprosper/Library/Developer/Xcode/DerivedData/App-bmeqrztakkzxpkcqfdhhsyyyzbjg/Build/Intermediates.noindex/ArchiveIntermediates/App/IntermediateBuildFilesPath/Pods.build/Release-iphoneos/CapacitorCordova.build/module.modulemap (in target 'CapacitorCordova' from project 'Pods')
    cd /Users/lekiaprosper/Documents/Dev/Connectize/Connectize-Frontend/ios/App/Pods
    builtin-copy -exclude .DS_Store -exclude CVS -exclude .svn -exclude .git -exclude .hg -resolve-src-symlinks /Users/lekiaprosper/Library/Developer/Xcode/DerivedData/App-bmeqrztakkzxpkcqfdhhsyyyzbjg/Build/Intermediates.noindex/ArchiveIntermediates/App/IntermediateBuildFilesPath/Pods.build/Release-iphoneos/CapacitorCordova.build/module.modulemap /Users/lekiaprosper/Library/Developer/Xcode/DerivedData/App-bmeqrztakkzxpkcqfdhhsyyyzbjg/Build/Intermediates.noindex/ArchiveIntermediates/App/IntermediateBuildFilesPath/UninstalledProducts/iphoneos/Cordova.framework/Modules

WriteAuxiliaryFile /Users/lekiaprosper/Library/Developer/Xcode/DerivedData/App-bmeqrztakkzxpkcqfdhhsyyyzbjg/Build/Intermediates.noindex/ArchiveIntermediates/App/IntermediateBuildFilesPath/Pods.build/Release-iphoneos/Capacitor.build/DerivedSources/Capacitor_vers.c (in target 'Capacitor' from project 'Pods')
    cd /Users/lekiaprosper/Documents/Dev/Connectize/Connectize-Frontend/ios/App/Pods
    write-file /Users/lekiaprosper/Library/Developer/Xcode/DerivedData/App-bmeqrztakkzxpkcqfdhhsyyyzbjg/Build/Intermediates.noindex/ArchiveIntermediates/App/IntermediateBuildFilesPath/Pods.build/Release-iphoneos/Capacitor.build/DerivedSources/Capacitor_vers.c

WriteAuxiliaryFile /Users/lekiaprosper/Library/Developer/Xcode/DerivedData/App-bmeqrztakkzxpkcqfdhhsyyyzbjg/Build/Intermediates.noindex/ArchiveIntermediates/App/IntermediateBuildFilesPath/Pods.build/Release-iphoneos/Capacitor.build/Capacitor.hmap (in target 'Capacitor' from project 'Pods')
    cd /Users/lekiaprosper/Documents/Dev/Connectize/Connectize-Frontend/ios/App/Pods
    write-file /Users/lekiaprosper/Library/Developer/Xcode/DerivedData/App-bmeqrztakkzxpkcqfdhhsyyyzbjg/Build/Intermediates.noindex/ArchiveIntermediates/App/IntermediateBuildFilesPath/Pods.build/Release-iphoneos/Capacitor.build/Capacitor.hmap

WriteAuxiliaryFile /Users/lekiaprosper/Library/Developer/Xcode/DerivedData/App-bmeqrztakkzxpkcqfdhhsyyyzbjg/Build/Intermediates.noindex/ArchiveIntermediates/App/IntermediateBuildFilesPath/Pods.build/Release-iphoneos/Capacitor.build/Capacitor.DependencyStaticMetadataFileList (in target 'Capacitor' from project 'Pods')
    cd /Users/lekiaprosper/Documents/Dev/Connectize/Connectize-Frontend/ios/App/Pods
    write-file /Users/lekiaprosper/Library/Developer/Xcode/DerivedData/App-bmeqrztakkzxpkcqfdhhsyyyzbjg/Build/Intermediates.noindex/ArchiveIntermediates/App/IntermediateBuildFilesPath/Pods.build/Release-iphoneos/Capacitor.build/Capacitor.DependencyStaticMetadataFileList

WriteAuxiliaryFile /Users/lekiaprosper/Library/Developer/Xcode/DerivedData/App-bmeqrztakkzxpkcqfdhhsyyyzbjg/Build/Intermediates.noindex/ArchiveIntermediates/App/IntermediateBuildFilesPath/Pods.build/Release-iphoneos/Capacitor.build/Capacitor.DependencyMetadataFileList (in target 'Capacitor' from project 'Pods')
    cd /Users/lekiaprosper/Documents/Dev/Connectize/Connectize-Frontend/ios/App/Pods
    write-file /Users/lekiaprosper/Library/Developer/Xcode/DerivedData/App-bmeqrztakkzxpkcqfdhhsyyyzbjg/Build/Intermediates.noindex/ArchiveIntermediates/App/IntermediateBuildFilesPath/Pods.build/Release-iphoneos/Capacitor.build/Capacitor.DependencyMetadataFileList

WriteAuxiliaryFile /Users/lekiaprosper/Library/Developer/Xcode/DerivedData/App-bmeqrztakkzxpkcqfdhhsyyyzbjg/Build/Intermediates.noindex/ArchiveIntermediates/App/IntermediateBuildFilesPath/Pods.build/Release-iphoneos/Capacitor.build/Capacitor-project-headers.hmap (in target 'Capacitor' from project 'Pods')
    cd /Users/lekiaprosper/Documents/Dev/Connectize/Connectize-Frontend/ios/App/Pods
    write-file /Users/lekiaprosper/Library/Developer/Xcode/DerivedData/App-bmeqrztakkzxpkcqfdhhsyyyzbjg/Build/Intermediates.noindex/ArchiveIntermediates/App/IntermediateBuildFilesPath/Pods.build/Release-iphoneos/Capacitor.build/Capacitor-project-headers.hmap

WriteAuxiliaryFile /Users/lekiaprosper/Library/Developer/Xcode/DerivedData/App-bmeqrztakkzxpkcqfdhhsyyyzbjg/Build/Intermediates.noindex/ArchiveIntermediates/App/IntermediateBuildFilesPath/Pods.build/Release-iphoneos/Capacitor.build/Capacitor-own-target-headers.hmap (in target 'Capacitor' from project 'Pods')
    cd /Users/lekiaprosper/Documents/Dev/Connectize/Connectize-Frontend/ios/App/Pods
    write-file /Users/lekiaprosper/Library/Developer/Xcode/DerivedData/App-bmeqrztakkzxpkcqfdhhsyyyzbjg/Build/Intermediates.noindex/ArchiveIntermediates/App/IntermediateBuildFilesPath/Pods.build/Release-iphoneos/Capacitor.build/Capacitor-own-target-headers.hmap

WriteAuxiliaryFile /Users/lekiaprosper/Library/Developer/Xcode/DerivedData/App-bmeqrztakkzxpkcqfdhhsyyyzbjg/Build/Intermediates.noindex/ArchiveIntermediates/App/IntermediateBuildFilesPath/Pods.build/Release-iphoneos/Capacitor.build/Capacitor-all-target-headers.hmap (in target 'Capacitor' from project 'Pods')
    cd /Users/lekiaprosper/Documents/Dev/Connectize/Connectize-Frontend/ios/App/Pods
    write-file /Users/lekiaprosper/Library/Developer/Xcode/DerivedData/App-bmeqrztakkzxpkcqfdhhsyyyzbjg/Build/Intermediates.noindex/ArchiveIntermediates/App/IntermediateBuildFilesPath/Pods.build/Release-iphoneos/Capacitor.build/Capacitor-all-target-headers.hmap

WriteAuxiliaryFile /Users/lekiaprosper/Library/Developer/Xcode/DerivedData/App-bmeqrztakkzxpkcqfdhhsyyyzbjg/Build/Intermediates.noindex/ArchiveIntermediates/App/IntermediateBuildFilesPath/Pods.build/Release-iphoneos/Capacitor.build/Capacitor-generated-files.hmap (in target 'Capacitor' from project 'Pods')
    cd /Users/lekiaprosper/Documents/Dev/Connectize/Connectize-Frontend/ios/App/Pods
    write-file /Users/lekiaprosper/Library/Developer/Xcode/DerivedData/App-bmeqrztakkzxpkcqfdhhsyyyzbjg/Build/Intermediates.noindex/ArchiveIntermediates/App/IntermediateBuildFilesPath/Pods.build/Release-iphoneos/Capacitor.build/Capacitor-generated-files.hmap

WriteAuxiliaryFile /Users/lekiaprosper/Library/Developer/Xcode/DerivedData/App-bmeqrztakkzxpkcqfdhhsyyyzbjg/Build/Intermediates.noindex/ArchiveIntermediates/App/IntermediateBuildFilesPath/Pods.build/Release-iphoneos/Capacitor.build/Capacitor-all-non-framework-target-headers.hmap (in target 'Capacitor' from project 'Pods')
    cd /Users/lekiaprosper/Documents/Dev/Connectize/Connectize-Frontend/ios/App/Pods
    write-file /Users/lekiaprosper/Library/Developer/Xcode/DerivedData/App-bmeqrztakkzxpkcqfdhhsyyyzbjg/Build/Intermediates.noindex/ArchiveIntermediates/App/IntermediateBuildFilesPath/Pods.build/Release-iphoneos/Capacitor.build/Capacitor-all-non-framework-target-headers.hmap

CpHeader /Users/lekiaprosper/Library/Developer/Xcode/DerivedData/App-bmeqrztakkzxpkcqfdhhsyyyzbjg/Build/Intermediates.noindex/ArchiveIntermediates/App/IntermediateBuildFilesPath/UninstalledProducts/iphoneos/Capacitor.framework/Headers/CAPPluginMethod.h /Users/lekiaprosper/Documents/Dev/Connectize/Connectize-Frontend/node_modules/@capacitor/ios/Capacitor/Capacitor/CAPPluginMethod.h (in target 'Capacitor' from project 'Pods')
    cd /Users/lekiaprosper/Documents/Dev/Connectize/Connectize-Frontend/ios/App/Pods
    builtin-copy -exclude .DS_Store -exclude CVS -exclude .svn -exclude .git -exclude .hg -resolve-src-symlinks /Users/lekiaprosper/Documents/Dev/Connectize/Connectize-Frontend/node_modules/@capacitor/ios/Capacitor/Capacitor/CAPPluginMethod.h /Users/lekiaprosper/Library/Developer/Xcode/DerivedData/App-bmeqrztakkzxpkcqfdhhsyyyzbjg/Build/Intermediates.noindex/ArchiveIntermediates/App/IntermediateBuildFilesPath/UninstalledProducts/iphoneos/Capacitor.framework/Headers

CpHeader /Users/lekiaprosper/Library/Developer/Xcode/DerivedData/App-bmeqrztakkzxpkcqfdhhsyyyzbjg/Build/Intermediates.noindex/ArchiveIntermediates/App/IntermediateBuildFilesPath/UninstalledProducts/iphoneos/Capacitor.framework/Headers/Capacitor.h /Users/lekiaprosper/Documents/Dev/Connectize/Connectize-Frontend/node_modules/@capacitor/ios/Capacitor/Capacitor/Capacitor.h (in target 'Capacitor' from project 'Pods')
    cd /Users/lekiaprosper/Documents/Dev/Connectize/Connectize-Frontend/ios/App/Pods
    builtin-copy -exclude .DS_Store -exclude CVS -exclude .svn -exclude .git -exclude .hg -resolve-src-symlinks /Users/lekiaprosper/Documents/Dev/Connectize/Connectize-Frontend/node_modules/@capacitor/ios/Capacitor/Capacitor/Capacitor.h /Users/lekiaprosper/Library/Developer/Xcode/DerivedData/App-bmeqrztakkzxpkcqfdhhsyyyzbjg/Build/Intermediates.noindex/ArchiveIntermediates/App/IntermediateBuildFilesPath/UninstalledProducts/iphoneos/Capacitor.framework/Headers

CpHeader /Users/lekiaprosper/Library/Developer/Xcode/DerivedData/App-bmeqrztakkzxpkcqfdhhsyyyzbjg/Build/Intermediates.noindex/ArchiveIntermediates/App/IntermediateBuildFilesPath/UninstalledProducts/iphoneos/Capacitor.framework/Headers/CAPPluginCall.h /Users/lekiaprosper/Documents/Dev/Connectize/Connectize-Frontend/node_modules/@capacitor/ios/Capacitor/Capacitor/CAPPluginCall.h (in target 'Capacitor' from project 'Pods')
    cd /Users/lekiaprosper/Documents/Dev/Connectize/Connectize-Frontend/ios/App/Pods
    builtin-copy -exclude .DS_Store -exclude CVS -exclude .svn -exclude .git -exclude .hg -resolve-src-symlinks /Users/lekiaprosper/Documents/Dev/Connectize/Connectize-Frontend/node_modules/@capacitor/ios/Capacitor/Capacitor/CAPPluginCall.h /Users/lekiaprosper/Library/Developer/Xcode/DerivedData/App-bmeqrztakkzxpkcqfdhhsyyyzbjg/Build/Intermediates.noindex/ArchiveIntermediates/App/IntermediateBuildFilesPath/UninstalledProducts/iphoneos/Capacitor.framework/Headers

CpHeader /Users/lekiaprosper/Library/Developer/Xcode/DerivedData/App-bmeqrztakkzxpkcqfdhhsyyyzbjg/Build/Intermediates.noindex/ArchiveIntermediates/App/IntermediateBuildFilesPath/UninstalledProducts/iphoneos/Capacitor.framework/Headers/CAPPlugin.h /Users/lekiaprosper/Documents/Dev/Connectize/Connectize-Frontend/node_modules/@capacitor/ios/Capacitor/Capacitor/CAPPlugin.h (in target 'Capacitor' from project 'Pods')
    cd /Users/lekiaprosper/Documents/Dev/Connectize/Connectize-Frontend/ios/App/Pods
    builtin-copy -exclude .DS_Store -exclude CVS -exclude .svn -exclude .git -exclude .hg -resolve-src-symlinks /Users/lekiaprosper/Documents/Dev/Connectize/Connectize-Frontend/node_modules/@capacitor/ios/Capacitor/Capacitor/CAPPlugin.h /Users/lekiaprosper/Library/Developer/Xcode/DerivedData/App-bmeqrztakkzxpkcqfdhhsyyyzbjg/Build/Intermediates.noindex/ArchiveIntermediates/App/IntermediateBuildFilesPath/UninstalledProducts/iphoneos/Capacitor.framework/Headers

CpHeader /Users/lekiaprosper/Library/Developer/Xcode/DerivedData/App-bmeqrztakkzxpkcqfdhhsyyyzbjg/Build/Intermediates.noindex/ArchiveIntermediates/App/IntermediateBuildFilesPath/UninstalledProducts/iphoneos/Capacitor.framework/Headers/CAPInstanceDescriptor.h /Users/lekiaprosper/Documents/Dev/Connectize/Connectize-Frontend/node_modules/@capacitor/ios/Capacitor/Capacitor/CAPInstanceDescriptor.h (in target 'Capacitor' from project 'Pods')
    cd /Users/lekiaprosper/Documents/Dev/Connectize/Connectize-Frontend/ios/App/Pods
    builtin-copy -exclude .DS_Store -exclude CVS -exclude .svn -exclude .git -exclude .hg -resolve-src-symlinks /Users/lekiaprosper/Documents/Dev/Connectize/Connectize-Frontend/node_modules/@capacitor/ios/Capacitor/Capacitor/CAPInstanceDescriptor.h /Users/lekiaprosper/Library/Developer/Xcode/DerivedData/App-bmeqrztakkzxpkcqfdhhsyyyzbjg/Build/Intermediates.noindex/ArchiveIntermediates/App/IntermediateBuildFilesPath/UninstalledProducts/iphoneos/Capacitor.framework/Headers

CpHeader /Users/lekiaprosper/Library/Developer/Xcode/DerivedData/App-bmeqrztakkzxpkcqfdhhsyyyzbjg/Build/Intermediates.noindex/ArchiveIntermediates/App/IntermediateBuildFilesPath/UninstalledProducts/iphoneos/Capacitor.framework/Headers/CAPInstanceConfiguration.h /Users/lekiaprosper/Documents/Dev/Connectize/Connectize-Frontend/node_modules/@capacitor/ios/Capacitor/Capacitor/CAPInstanceConfiguration.h (in target 'Capacitor' from project 'Pods')
    cd /Users/lekiaprosper/Documents/Dev/Connectize/Connectize-Frontend/ios/App/Pods
    builtin-copy -exclude .DS_Store -exclude CVS -exclude .svn -exclude .git -exclude .hg -resolve-src-symlinks /Users/lekiaprosper/Documents/Dev/Connectize/Connectize-Frontend/node_modules/@capacitor/ios/Capacitor/Capacitor/CAPInstanceConfiguration.h /Users/lekiaprosper/Library/Developer/Xcode/DerivedData/App-bmeqrztakkzxpkcqfdhhsyyyzbjg/Build/Intermediates.noindex/ArchiveIntermediates/App/IntermediateBuildFilesPath/UninstalledProducts/iphoneos/Capacitor.framework/Headers

CpHeader /Users/lekiaprosper/Library/Developer/Xcode/DerivedData/App-bmeqrztakkzxpkcqfdhhsyyyzbjg/Build/Intermediates.noindex/ArchiveIntermediates/App/IntermediateBuildFilesPath/UninstalledProducts/iphoneos/Capacitor.framework/Headers/CAPBridgedPlugin.h /Users/lekiaprosper/Documents/Dev/Connectize/Connectize-Frontend/node_modules/@capacitor/ios/Capacitor/Capacitor/CAPBridgedPlugin.h (in target 'Capacitor' from project 'Pods')
    cd /Users/lekiaprosper/Documents/Dev/Connectize/Connectize-Frontend/ios/App/Pods
    builtin-copy -exclude .DS_Store -exclude CVS -exclude .svn -exclude .git -exclude .hg -resolve-src-symlinks /Users/lekiaprosper/Documents/Dev/Connectize/Connectize-Frontend/node_modules/@capacitor/ios/Capacitor/Capacitor/CAPBridgedPlugin.h /Users/lekiaprosper/Library/Developer/Xcode/DerivedData/App-bmeqrztakkzxpkcqfdhhsyyyzbjg/Build/Intermediates.noindex/ArchiveIntermediates/App/IntermediateBuildFilesPath/UninstalledProducts/iphoneos/Capacitor.framework/Headers

CpHeader /Users/lekiaprosper/Library/Developer/Xcode/DerivedData/App-bmeqrztakkzxpkcqfdhhsyyyzbjg/Build/Intermediates.noindex/ArchiveIntermediates/App/IntermediateBuildFilesPath/UninstalledProducts/iphoneos/Capacitor.framework/Headers/CAPBridgeViewController+CDVScreenOrientationDelegate.h /Users/lekiaprosper/Documents/Dev/Connectize/Connectize-Frontend/node_modules/@capacitor/ios/Capacitor/Capacitor/CAPBridgeViewController+CDVScreenOrientationDelegate.h (in target 'Capacitor' from project 'Pods')
    cd /Users/lekiaprosper/Documents/Dev/Connectize/Connectize-Frontend/ios/App/Pods
    builtin-copy -exclude .DS_Store -exclude CVS -exclude .svn -exclude .git -exclude .hg -resolve-src-symlinks /Users/lekiaprosper/Documents/Dev/Connectize/Connectize-Frontend/node_modules/@capacitor/ios/Capacitor/Capacitor/CAPBridgeViewController+CDVScreenOrientationDelegate.h /Users/lekiaprosper/Library/Developer/Xcode/DerivedData/App-bmeqrztakkzxpkcqfdhhsyyyzbjg/Build/Intermediates.noindex/ArchiveIntermediates/App/IntermediateBuildFilesPath/UninstalledProducts/iphoneos/Capacitor.framework/Headers

CpHeader /Users/lekiaprosper/Library/Developer/Xcode/DerivedData/App-bmeqrztakkzxpkcqfdhhsyyyzbjg/Build/Intermediates.noindex/ArchiveIntermediates/App/IntermediateBuildFilesPath/UninstalledProducts/iphoneos/Capacitor.framework/Headers/CAPBridgedJSTypes.h /Users/lekiaprosper/Documents/Dev/Connectize/Connectize-Frontend/node_modules/@capacitor/ios/Capacitor/Capacitor/CAPBridgedJSTypes.h (in target 'Capacitor' from project 'Pods')
    cd /Users/lekiaprosper/Documents/Dev/Connectize/Connectize-Frontend/ios/App/Pods
    builtin-copy -exclude .DS_Store -exclude CVS -exclude .svn -exclude .git -exclude .hg -resolve-src-symlinks /Users/lekiaprosper/Documents/Dev/Connectize/Connectize-Frontend/node_modules/@capacitor/ios/Capacitor/Capacitor/CAPBridgedJSTypes.h /Users/lekiaprosper/Library/Developer/Xcode/DerivedData/App-bmeqrztakkzxpkcqfdhhsyyyzbjg/Build/Intermediates.noindex/ArchiveIntermediates/App/IntermediateBuildFilesPath/UninstalledProducts/iphoneos/Capacitor.framework/Headers

Concatenate /Users/lekiaprosper/Library/Developer/Xcode/DerivedData/App-bmeqrztakkzxpkcqfdhhsyyyzbjg/Build/Intermediates.noindex/ArchiveIntermediates/App/IntermediateBuildFilesPath/Pods.build/Release-iphoneos/Capacitor.build/unextended-module.modulemap /Users/lekiaprosper/Documents/Dev/Connectize/Connectize-Frontend/ios/App/Pods/Target\ Support\ Files/Capacitor/Capacitor.modulemap /Users/lekiaprosper/Library/Developer/Xcode/DerivedData/App-bmeqrztakkzxpkcqfdhhsyyyzbjg/Build/Intermediates.noindex/ArchiveIntermediates/App/IntermediateBuildFilesPath/Pods.build/Release-iphoneos/Capacitor.build/unextended-module-swiftunextension.modulemap (in target 'Capacitor' from project 'Pods')
    cd /Users/lekiaprosper/Documents/Dev/Connectize/Connectize-Frontend/ios/App/Pods
    builtin-concatenate /Users/lekiaprosper/Library/Developer/Xcode/DerivedData/App-bmeqrztakkzxpkcqfdhhsyyyzbjg/Build/Intermediates.noindex/ArchiveIntermediates/App/IntermediateBuildFilesPath/Pods.build/Release-iphoneos/Capacitor.build/unextended-module.modulemap /Users/lekiaprosper/Documents/Dev/Connectize/Connectize-Frontend/ios/App/Pods/Target\ Support\ Files/Capacitor/Capacitor.modulemap /Users/lekiaprosper/Library/Developer/Xcode/DerivedData/App-bmeqrztakkzxpkcqfdhhsyyyzbjg/Build/Intermediates.noindex/ArchiveIntermediates/App/IntermediateBuildFilesPath/Pods.build/Release-iphoneos/Capacitor.build/unextended-module-swiftunextension.modulemap

SymLink /Users/lekiaprosper/Library/Developer/Xcode/DerivedData/App-bmeqrztakkzxpkcqfdhhsyyyzbjg/Build/Intermediates.noindex/ArchiveIntermediates/App/BuildProductsPath/Release-iphoneos/CapacitorStatusBar/CapacitorStatusBar.framework ../../../IntermediateBuildFilesPath/UninstalledProducts/iphoneos/CapacitorStatusBar.framework (in target 'CapacitorStatusBar' from project 'Pods')
    cd /Users/lekiaprosper/Documents/Dev/Connectize/Connectize-Frontend/ios/App/Pods
    /bin/ln -sfh ../../../IntermediateBuildFilesPath/UninstalledProducts/iphoneos/CapacitorStatusBar.framework /Users/lekiaprosper/Library/Developer/Xcode/DerivedData/App-bmeqrztakkzxpkcqfdhhsyyyzbjg/Build/Intermediates.noindex/ArchiveIntermediates/App/BuildProductsPath/Release-iphoneos/CapacitorStatusBar/CapacitorStatusBar.framework

Concatenate /Users/lekiaprosper/Library/Developer/Xcode/DerivedData/App-bmeqrztakkzxpkcqfdhhsyyyzbjg/Build/Intermediates.noindex/ArchiveIntermediates/App/IntermediateBuildFilesPath/Pods.build/Release-iphoneos/Capacitor.build/module.modulemap /Users/lekiaprosper/Documents/Dev/Connectize/Connectize-Frontend/ios/App/Pods/Target\ Support\ Files/Capacitor/Capacitor.modulemap /Users/lekiaprosper/Library/Developer/Xcode/DerivedData/App-bmeqrztakkzxpkcqfdhhsyyyzbjg/Build/Intermediates.noindex/ArchiveIntermediates/App/IntermediateBuildFilesPath/Pods.build/Release-iphoneos/Capacitor.build/module-swiftextension.modulemap (in target 'Capacitor' from project 'Pods')
    cd /Users/lekiaprosper/Documents/Dev/Connectize/Connectize-Frontend/ios/App/Pods
    builtin-concatenate /Users/lekiaprosper/Library/Developer/Xcode/DerivedData/App-bmeqrztakkzxpkcqfdhhsyyyzbjg/Build/Intermediates.noindex/ArchiveIntermediates/App/IntermediateBuildFilesPath/Pods.build/Release-iphoneos/Capacitor.build/module.modulemap /Users/lekiaprosper/Documents/Dev/Connectize/Connectize-Frontend/ios/App/Pods/Target\ Support\ Files/Capacitor/Capacitor.modulemap /Users/lekiaprosper/Library/Developer/Xcode/DerivedData/App-bmeqrztakkzxpkcqfdhhsyyyzbjg/Build/Intermediates.noindex/ArchiveIntermediates/App/IntermediateBuildFilesPath/Pods.build/Release-iphoneos/Capacitor.build/module-swiftextension.modulemap

MkDir /Users/lekiaprosper/Library/Developer/Xcode/DerivedData/App-bmeqrztakkzxpkcqfdhhsyyyzbjg/Build/Intermediates.noindex/ArchiveIntermediates/App/IntermediateBuildFilesPath/UninstalledProducts/iphoneos/CapacitorStatusBar.framework/Headers (in target 'CapacitorStatusBar' from project 'Pods')
    cd /Users/lekiaprosper/Documents/Dev/Connectize/Connectize-Frontend/ios/App/Pods
    /bin/mkdir -p /Users/lekiaprosper/Library/Developer/Xcode/DerivedData/App-bmeqrztakkzxpkcqfdhhsyyyzbjg/Build/Intermediates.noindex/ArchiveIntermediates/App/IntermediateBuildFilesPath/UninstalledProducts/iphoneos/CapacitorStatusBar.framework/Headers

MkDir /Users/lekiaprosper/Library/Developer/Xcode/DerivedData/App-bmeqrztakkzxpkcqfdhhsyyyzbjg/Build/Intermediates.noindex/ArchiveIntermediates/App/IntermediateBuildFilesPath/UninstalledProducts/iphoneos/CapacitorStatusBar.framework (in target 'CapacitorStatusBar' from project 'Pods')
    cd /Users/lekiaprosper/Documents/Dev/Connectize/Connectize-Frontend/ios/App/Pods
    /bin/mkdir -p /Users/lekiaprosper/Library/Developer/Xcode/DerivedData/App-bmeqrztakkzxpkcqfdhhsyyyzbjg/Build/Intermediates.noindex/ArchiveIntermediates/App/IntermediateBuildFilesPath/UninstalledProducts/iphoneos/CapacitorStatusBar.framework

SymLink /Users/lekiaprosper/Library/Developer/Xcode/DerivedData/App-bmeqrztakkzxpkcqfdhhsyyyzbjg/Build/Intermediates.noindex/ArchiveIntermediates/App/BuildProductsPath/Release-iphoneos/CapacitorSplashScreen/CapacitorSplashScreen.framework ../../../IntermediateBuildFilesPath/UninstalledProducts/iphoneos/CapacitorSplashScreen.framework (in target 'CapacitorSplashScreen' from project 'Pods')
    cd /Users/lekiaprosper/Documents/Dev/Connectize/Connectize-Frontend/ios/App/Pods
    /bin/ln -sfh ../../../IntermediateBuildFilesPath/UninstalledProducts/iphoneos/CapacitorSplashScreen.framework /Users/lekiaprosper/Library/Developer/Xcode/DerivedData/App-bmeqrztakkzxpkcqfdhhsyyyzbjg/Build/Intermediates.noindex/ArchiveIntermediates/App/BuildProductsPath/Release-iphoneos/CapacitorSplashScreen/CapacitorSplashScreen.framework

MkDir /Users/lekiaprosper/Library/Developer/Xcode/DerivedData/App-bmeqrztakkzxpkcqfdhhsyyyzbjg/Build/Intermediates.noindex/ArchiveIntermediates/App/IntermediateBuildFilesPath/UninstalledProducts/iphoneos/CapacitorSplashScreen.framework/Headers (in target 'CapacitorSplashScreen' from project 'Pods')
    cd /Users/lekiaprosper/Documents/Dev/Connectize/Connectize-Frontend/ios/App/Pods
    /bin/mkdir -p /Users/lekiaprosper/Library/Developer/Xcode/DerivedData/App-bmeqrztakkzxpkcqfdhhsyyyzbjg/Build/Intermediates.noindex/ArchiveIntermediates/App/IntermediateBuildFilesPath/UninstalledProducts/iphoneos/CapacitorSplashScreen.framework/Headers

MkDir /Users/lekiaprosper/Library/Developer/Xcode/DerivedData/App-bmeqrztakkzxpkcqfdhhsyyyzbjg/Build/Intermediates.noindex/ArchiveIntermediates/App/IntermediateBuildFilesPath/UninstalledProducts/iphoneos/CapacitorSplashScreen.framework (in target 'CapacitorSplashScreen' from project 'Pods')
    cd /Users/lekiaprosper/Documents/Dev/Connectize/Connectize-Frontend/ios/App/Pods
    /bin/mkdir -p /Users/lekiaprosper/Library/Developer/Xcode/DerivedData/App-bmeqrztakkzxpkcqfdhhsyyyzbjg/Build/Intermediates.noindex/ArchiveIntermediates/App/IntermediateBuildFilesPath/UninstalledProducts/iphoneos/CapacitorSplashScreen.framework

SymLink /Users/lekiaprosper/Library/Developer/Xcode/DerivedData/App-bmeqrztakkzxpkcqfdhhsyyyzbjg/Build/Intermediates.noindex/ArchiveIntermediates/App/BuildProductsPath/Release-iphoneos/CapacitorCordova/Cordova.framework ../../../IntermediateBuildFilesPath/UninstalledProducts/iphoneos/Cordova.framework (in target 'CapacitorCordova' from project 'Pods')
    cd /Users/lekiaprosper/Documents/Dev/Connectize/Connectize-Frontend/ios/App/Pods
    /bin/ln -sfh ../../../IntermediateBuildFilesPath/UninstalledProducts/iphoneos/Cordova.framework /Users/lekiaprosper/Library/Developer/Xcode/DerivedData/App-bmeqrztakkzxpkcqfdhhsyyyzbjg/Build/Intermediates.noindex/ArchiveIntermediates/App/BuildProductsPath/Release-iphoneos/CapacitorCordova/Cordova.framework

MkDir /Users/lekiaprosper/Library/Developer/Xcode/DerivedData/App-bmeqrztakkzxpkcqfdhhsyyyzbjg/Build/Intermediates.noindex/ArchiveIntermediates/App/IntermediateBuildFilesPath/UninstalledProducts/iphoneos/Cordova.framework/Headers (in target 'CapacitorCordova' from project 'Pods')
    cd /Users/lekiaprosper/Documents/Dev/Connectize/Connectize-Frontend/ios/App/Pods
    /bin/mkdir -p /Users/lekiaprosper/Library/Developer/Xcode/DerivedData/App-bmeqrztakkzxpkcqfdhhsyyyzbjg/Build/Intermediates.noindex/ArchiveIntermediates/App/IntermediateBuildFilesPath/UninstalledProducts/iphoneos/Cordova.framework/Headers

MkDir /Users/lekiaprosper/Library/Developer/Xcode/DerivedData/App-bmeqrztakkzxpkcqfdhhsyyyzbjg/Build/Intermediates.noindex/ArchiveIntermediates/App/IntermediateBuildFilesPath/UninstalledProducts/iphoneos/Cordova.framework (in target 'CapacitorCordova' from project 'Pods')
    cd /Users/lekiaprosper/Documents/Dev/Connectize/Connectize-Frontend/ios/App/Pods
    /bin/mkdir -p /Users/lekiaprosper/Library/Developer/Xcode/DerivedData/App-bmeqrztakkzxpkcqfdhhsyyyzbjg/Build/Intermediates.noindex/ArchiveIntermediates/App/IntermediateBuildFilesPath/UninstalledProducts/iphoneos/Cordova.framework

SymLink /Users/lekiaprosper/Library/Developer/Xcode/DerivedData/App-bmeqrztakkzxpkcqfdhhsyyyzbjg/Build/Intermediates.noindex/ArchiveIntermediates/App/BuildProductsPath/Release-iphoneos/Capacitor/Capacitor.framework ../../../IntermediateBuildFilesPath/UninstalledProducts/iphoneos/Capacitor.framework (in target 'Capacitor' from project 'Pods')
    cd /Users/lekiaprosper/Documents/Dev/Connectize/Connectize-Frontend/ios/App/Pods
    /bin/ln -sfh ../../../IntermediateBuildFilesPath/UninstalledProducts/iphoneos/Capacitor.framework /Users/lekiaprosper/Library/Developer/Xcode/DerivedData/App-bmeqrztakkzxpkcqfdhhsyyyzbjg/Build/Intermediates.noindex/ArchiveIntermediates/App/BuildProductsPath/Release-iphoneos/Capacitor/Capacitor.framework

MkDir /Users/lekiaprosper/Library/Developer/Xcode/DerivedData/App-bmeqrztakkzxpkcqfdhhsyyyzbjg/Build/Intermediates.noindex/ArchiveIntermediates/App/IntermediateBuildFilesPath/UninstalledProducts/iphoneos/Capacitor.framework/Headers (in target 'Capacitor' from project 'Pods')
    cd /Users/lekiaprosper/Documents/Dev/Connectize/Connectize-Frontend/ios/App/Pods
    /bin/mkdir -p /Users/lekiaprosper/Library/Developer/Xcode/DerivedData/App-bmeqrztakkzxpkcqfdhhsyyyzbjg/Build/Intermediates.noindex/ArchiveIntermediates/App/IntermediateBuildFilesPath/UninstalledProducts/iphoneos/Capacitor.framework/Headers

MkDir /Users/lekiaprosper/Library/Developer/Xcode/DerivedData/App-bmeqrztakkzxpkcqfdhhsyyyzbjg/Build/Intermediates.noindex/ArchiveIntermediates/App/IntermediateBuildFilesPath/UninstalledProducts/iphoneos/Capacitor.framework (in target 'Capacitor' from project 'Pods')
    cd /Users/lekiaprosper/Documents/Dev/Connectize/Connectize-Frontend/ios/App/Pods
    /bin/mkdir -p /Users/lekiaprosper/Library/Developer/Xcode/DerivedData/App-bmeqrztakkzxpkcqfdhhsyyyzbjg/Build/Intermediates.noindex/ArchiveIntermediates/App/IntermediateBuildFilesPath/UninstalledProducts/iphoneos/Capacitor.framework

MkDir /Users/lekiaprosper/Library/Developer/Xcode/DerivedData/App-bmeqrztakkzxpkcqfdhhsyyyzbjg/Build/Intermediates.noindex/ArchiveIntermediates/App/InstallationBuildProductsLocation/Applications/App.app (in target 'App' from project 'App')
    cd /Users/lekiaprosper/Documents/Dev/Connectize/Connectize-Frontend/ios/App
    /bin/mkdir -p /Users/lekiaprosper/Library/Developer/Xcode/DerivedData/App-bmeqrztakkzxpkcqfdhhsyyyzbjg/Build/Intermediates.noindex/ArchiveIntermediates/App/InstallationBuildProductsLocation/Applications/App.app

Copy /Users/lekiaprosper/Library/Developer/Xcode/DerivedData/App-bmeqrztakkzxpkcqfdhhsyyyzbjg/Build/Intermediates.noindex/ArchiveIntermediates/App/IntermediateBuildFilesPath/UninstalledProducts/iphoneos/Capacitor.framework/Modules/module.modulemap /Users/lekiaprosper/Library/Developer/Xcode/DerivedData/App-bmeqrztakkzxpkcqfdhhsyyyzbjg/Build/Intermediates.noindex/ArchiveIntermediates/App/IntermediateBuildFilesPath/Pods.build/Release-iphoneos/Capacitor.build/module.modulemap (in target 'Capacitor' from project 'Pods')
    cd /Users/lekiaprosper/Documents/Dev/Connectize/Connectize-Frontend/ios/App/Pods
    builtin-copy -exclude .DS_Store -exclude CVS -exclude .svn -exclude .git -exclude .hg -resolve-src-symlinks /Users/lekiaprosper/Library/Developer/Xcode/DerivedData/App-bmeqrztakkzxpkcqfdhhsyyyzbjg/Build/Intermediates.noindex/ArchiveIntermediates/App/IntermediateBuildFilesPath/Pods.build/Release-iphoneos/Capacitor.build/module.modulemap /Users/lekiaprosper/Library/Developer/Xcode/DerivedData/App-bmeqrztakkzxpkcqfdhhsyyyzbjg/Build/Intermediates.noindex/ArchiveIntermediates/App/IntermediateBuildFilesPath/UninstalledProducts/iphoneos/Capacitor.framework/Modules

ProcessInfoPlistFile /Users/lekiaprosper/Library/Developer/Xcode/DerivedData/App-bmeqrztakkzxpkcqfdhhsyyyzbjg/Build/Intermediates.noindex/ArchiveIntermediates/App/IntermediateBuildFilesPath/UninstalledProducts/iphoneos/Cordova.framework/Info.plist /Users/lekiaprosper/Documents/Dev/Connectize/Connectize-Frontend/ios/App/Pods/Target\ Support\ Files/CapacitorCordova/CapacitorCordova-Info.plist (in target 'CapacitorCordova' from project 'Pods')
    cd /Users/lekiaprosper/Documents/Dev/Connectize/Connectize-Frontend/ios/App/Pods
    builtin-infoPlistUtility /Users/lekiaprosper/Documents/Dev/Connectize/Connectize-Frontend/ios/App/Pods/Target\ Support\ Files/CapacitorCordova/CapacitorCordova-Info.plist -producttype com.apple.product-type.framework -expandbuildsettings -format binary -platform iphoneos -requiredArchitecture arm64 -o /Users/lekiaprosper/Library/Developer/Xcode/DerivedData/App-bmeqrztakkzxpkcqfdhhsyyyzbjg/Build/Intermediates.noindex/ArchiveIntermediates/App/IntermediateBuildFilesPath/UninstalledProducts/iphoneos/Cordova.framework/Info.plist

ScanDependencies /Users/lekiaprosper/Library/Developer/Xcode/DerivedData/App-bmeqrztakkzxpkcqfdhhsyyyzbjg/Build/Intermediates.noindex/ArchiveIntermediates/App/IntermediateBuildFilesPath/Pods.build/Release-iphoneos/CapacitorCordova.build/Objects-normal/arm64/CDVWebViewProcessPoolFactory.o /Users/lekiaprosper/Documents/Dev/Connectize/Connectize-Frontend/node_modules/@capacitor/ios/CapacitorCordova/CapacitorCordova/Classes/Public/CDVWebViewProcessPoolFactory.m normal arm64 objective-c com.apple.compilers.llvm.clang.1_0.compiler (in target 'CapacitorCordova' from project 'Pods')
    cd /Users/lekiaprosper/Documents/Dev/Connectize/Connectize-Frontend/ios/App/Pods
    
    Using response file: /Users/lekiaprosper/Library/Developer/Xcode/DerivedData/App-bmeqrztakkzxpkcqfdhhsyyyzbjg/Build/Intermediates.noindex/ArchiveIntermediates/App/IntermediateBuildFilesPath/Pods.build/Release-iphoneos/CapacitorCordova.build/Objects-normal/arm64/e6072d4f65d7061329687fe24e3d63a7-common-args.resp
    
    builtin-ScanDependencies -o /Users/lekiaprosper/Library/Developer/Xcode/DerivedData/App-bmeqrztakkzxpkcqfdhhsyyyzbjg/Build/Intermediates.noindex/ArchiveIntermediates/App/IntermediateBuildFilesPath/Pods.build/Release-iphoneos/CapacitorCordova.build/Objects-normal/arm64/CDVWebViewProcessPoolFactory.o.scan -- /Applications/Xcode.app/Contents/Developer/Toolchains/XcodeDefault.xctoolchain/usr/bin/clang -x objective-c -ivfsstatcache /Users/lekiaprosper/Library/Developer/Xcode/DerivedData/SDKStatCaches.noindex/iphoneos26.0-23A339-81ce72e5b06c9602b9d30b56f2eed08a.sdkstatcache -fmessage-length\=0 -fdiagnostics-show-note-include-stack -fmacro-backtrace-limit\=0 -fno-color-diagnostics -fmodules-prune-interval\=86400 -fmodules-prune-after\=345600 -fbuild-session-file\=/Users/lekiaprosper/Library/Developer/Xcode/DerivedData/ModuleCache.noindex/Session.modulevalidation -fmodules-validate-once-per-build-session -Wnon-modular-include-in-framework-module -Werror\=non-modular-include-in-framework-module -Wno-trigraphs -Wno-missing-field-initializers -Wno-missing-prototypes -Werror\=return-type -Wdocumentation -Wunreachable-code -Wno-implicit-atomic-properties -Werror\=deprecated-objc-isa-usage -Wno-objc-interface-ivars -Werror\=objc-root-class -Wno-arc-repeated-use-of-weak -Wimplicit-retain-self -Wduplicate-method-match -Wno-missing-braces -Wparentheses -Wswitch -Wunused-function -Wno-unused-label -Wno-unused-parameter -Wunused-variable -Wunused-value -Wempty-body -Wuninitialized -Wconditional-uninitialized -Wno-unknown-pragmas -Wno-shadow -Wno-four-char-constants -Wno-conversion -Wconstant-conversion -Wint-conversion -Wbool-conversion -Wenum-conversion -Wno-float-conversion -Wnon-literal-null-conversion -Wobjc-literal-conversion -Wshorten-64-to-32 -Wpointer-sign -Wno-newline-eof -Wno-selector -Wno-strict-selector-match -Wundeclared-selector -Wdeprecated-implementations -Wno-implicit-fallthrough -fstrict-aliasing -Wprotocol -Wdeprecated-declarations -Wno-sign-conversion -Winfinite-recursion -Wcomma -Wblock-capture-autoreleasing -Wstrict-prototypes -Wno-semicolon-before-method-body -Wunguarded-availability @/Users/lekiaprosper/Library/Developer/Xcode/DerivedData/App-bmeqrztakkzxpkcqfdhhsyyyzbjg/Build/Intermediates.noindex/ArchiveIntermediates/App/IntermediateBuildFilesPath/Pods.build/Release-iphoneos/CapacitorCordova.build/Objects-normal/arm64/e6072d4f65d7061329687fe24e3d63a7-common-args.resp -include /Users/lekiaprosper/Documents/Dev/Connectize/Connectize-Frontend/ios/App/Pods/Target\ Support\ Files/CapacitorCordova/CapacitorCordova-prefix.pch -MMD -MT dependencies -MF /Users/lekiaprosper/Library/Developer/Xcode/DerivedData/App-bmeqrztakkzxpkcqfdhhsyyyzbjg/Build/Intermediates.noindex/ArchiveIntermediates/App/IntermediateBuildFilesPath/Pods.build/Release-iphoneos/CapacitorCordova.build/Objects-normal/arm64/CDVWebViewProcessPoolFactory.d --serialize-diagnostics /Users/lekiaprosper/Library/Developer/Xcode/DerivedData/App-bmeqrztakkzxpkcqfdhhsyyyzbjg/Build/Intermediates.noindex/ArchiveIntermediates/App/IntermediateBuildFilesPath/Pods.build/Release-iphoneos/CapacitorCordova.build/Objects-normal/arm64/CDVWebViewProcessPoolFactory.dia -c /Users/lekiaprosper/Documents/Dev/Connectize/Connectize-Frontend/node_modules/@capacitor/ios/CapacitorCordova/CapacitorCordova/Classes/Public/CDVWebViewProcessPoolFactory.m -o /Users/lekiaprosper/Library/Developer/Xcode/DerivedData/App-bmeqrztakkzxpkcqfdhhsyyyzbjg/Build/Intermediates.noindex/ArchiveIntermediates/App/IntermediateBuildFilesPath/Pods.build/Release-iphoneos/CapacitorCordova.build/Objects-normal/arm64/CDVWebViewProcessPoolFactory.o

ScanDependencies /Users/lekiaprosper/Library/Developer/Xcode/DerivedData/App-bmeqrztakkzxpkcqfdhhsyyyzbjg/Build/Intermediates.noindex/ArchiveIntermediates/App/IntermediateBuildFilesPath/Pods.build/Release-iphoneos/CapacitorCordova.build/Objects-normal/arm64/NSDictionary+CordovaPreferences.o /Users/lekiaprosper/Documents/Dev/Connectize/Connectize-Frontend/node_modules/@capacitor/ios/CapacitorCordova/CapacitorCordova/Classes/Public/NSDictionary+CordovaPreferences.m normal arm64 objective-c com.apple.compilers.llvm.clang.1_0.compiler (in target 'CapacitorCordova' from project 'Pods')
    cd /Users/lekiaprosper/Documents/Dev/Connectize/Connectize-Frontend/ios/App/Pods
    
    Using response file: /Users/lekiaprosper/Library/Developer/Xcode/DerivedData/App-bmeqrztakkzxpkcqfdhhsyyyzbjg/Build/Intermediates.noindex/ArchiveIntermediates/App/IntermediateBuildFilesPath/Pods.build/Release-iphoneos/CapacitorCordova.build/Objects-normal/arm64/e6072d4f65d7061329687fe24e3d63a7-common-args.resp
    
    builtin-ScanDependencies -o /Users/lekiaprosper/Library/Developer/Xcode/DerivedData/App-bmeqrztakkzxpkcqfdhhsyyyzbjg/Build/Intermediates.noindex/ArchiveIntermediates/App/IntermediateBuildFilesPath/Pods.build/Release-iphoneos/CapacitorCordova.build/Objects-normal/arm64/NSDictionary+CordovaPreferences.o.scan -- /Applications/Xcode.app/Contents/Developer/Toolchains/XcodeDefault.xctoolchain/usr/bin/clang -x objective-c -ivfsstatcache /Users/lekiaprosper/Library/Developer/Xcode/DerivedData/SDKStatCaches.noindex/iphoneos26.0-23A339-81ce72e5b06c9602b9d30b56f2eed08a.sdkstatcache -fmessage-length\=0 -fdiagnostics-show-note-include-stack -fmacro-backtrace-limit\=0 -fno-color-diagnostics -fmodules-prune-interval\=86400 -fmodules-prune-after\=345600 -fbuild-session-file\=/Users/lekiaprosper/Library/Developer/Xcode/DerivedData/ModuleCache.noindex/Session.modulevalidation -fmodules-validate-once-per-build-session -Wnon-modular-include-in-framework-module -Werror\=non-modular-include-in-framework-module -Wno-trigraphs -Wno-missing-field-initializers -Wno-missing-prototypes -Werror\=return-type -Wdocumentation -Wunreachable-code -Wno-implicit-atomic-properties -Werror\=deprecated-objc-isa-usage -Wno-objc-interface-ivars -Werror\=objc-root-class -Wno-arc-repeated-use-of-weak -Wimplicit-retain-self -Wduplicate-method-match -Wno-missing-braces -Wparentheses -Wswitch -Wunused-function -Wno-unused-label -Wno-unused-parameter -Wunused-variable -Wunused-value -Wempty-body -Wuninitialized -Wconditional-uninitialized -Wno-unknown-pragmas -Wno-shadow -Wno-four-char-constants -Wno-conversion -Wconstant-conversion -Wint-conversion -Wbool-conversion -Wenum-conversion -Wno-float-conversion -Wnon-literal-null-conversion -Wobjc-literal-conversion -Wshorten-64-to-32 -Wpointer-sign -Wno-newline-eof -Wno-selector -Wno-strict-selector-match -Wundeclared-selector -Wdeprecated-implementations -Wno-implicit-fallthrough -fstrict-aliasing -Wprotocol -Wdeprecated-declarations -Wno-sign-conversion -Winfinite-recursion -Wcomma -Wblock-capture-autoreleasing -Wstrict-prototypes -Wno-semicolon-before-method-body -Wunguarded-availability @/Users/lekiaprosper/Library/Developer/Xcode/DerivedData/App-bmeqrztakkzxpkcqfdhhsyyyzbjg/Build/Intermediates.noindex/ArchiveIntermediates/App/IntermediateBuildFilesPath/Pods.build/Release-iphoneos/CapacitorCordova.build/Objects-normal/arm64/e6072d4f65d7061329687fe24e3d63a7-common-args.resp -include /Users/lekiaprosper/Documents/Dev/Connectize/Connectize-Frontend/ios/App/Pods/Target\ Support\ Files/CapacitorCordova/CapacitorCordova-prefix.pch -MMD -MT dependencies -MF /Users/lekiaprosper/Library/Developer/Xcode/DerivedData/App-bmeqrztakkzxpkcqfdhhsyyyzbjg/Build/Intermediates.noindex/ArchiveIntermediates/App/IntermediateBuildFilesPath/Pods.build/Release-iphoneos/CapacitorCordova.build/Objects-normal/arm64/NSDictionary+CordovaPreferences.d --serialize-diagnostics /Users/lekiaprosper/Library/Developer/Xcode/DerivedData/App-bmeqrztakkzxpkcqfdhhsyyyzbjg/Build/Intermediates.noindex/ArchiveIntermediates/App/IntermediateBuildFilesPath/Pods.build/Release-iphoneos/CapacitorCordova.build/Objects-normal/arm64/NSDictionary+CordovaPreferences.dia -c /Users/lekiaprosper/Documents/Dev/Connectize/Connectize-Frontend/node_modules/@capacitor/ios/CapacitorCordova/CapacitorCordova/Classes/Public/NSDictionary+CordovaPreferences.m -o /Users/lekiaprosper/Library/Developer/Xcode/DerivedData/App-bmeqrztakkzxpkcqfdhhsyyyzbjg/Build/Intermediates.noindex/ArchiveIntermediates/App/IntermediateBuildFilesPath/Pods.build/Release-iphoneos/CapacitorCordova.build/Objects-normal/arm64/NSDictionary+CordovaPreferences.o

ScanDependencies /Users/lekiaprosper/Library/Developer/Xcode/DerivedData/App-bmeqrztakkzxpkcqfdhhsyyyzbjg/Build/Intermediates.noindex/ArchiveIntermediates/App/IntermediateBuildFilesPath/Pods.build/Release-iphoneos/CapacitorCordova.build/Objects-normal/arm64/Cordova_vers.o /Users/lekiaprosper/Library/Developer/Xcode/DerivedData/App-bmeqrztakkzxpkcqfdhhsyyyzbjg/Build/Intermediates.noindex/ArchiveIntermediates/App/IntermediateBuildFilesPath/Pods.build/Release-iphoneos/CapacitorCordova.build/DerivedSources/Cordova_vers.c normal arm64 c com.apple.compilers.llvm.clang.1_0.compiler (in target 'CapacitorCordova' from project 'Pods')
    cd /Users/lekiaprosper/Documents/Dev/Connectize/Connectize-Frontend/ios/App/Pods
    
    Using response file: /Users/lekiaprosper/Library/Developer/Xcode/DerivedData/App-bmeqrztakkzxpkcqfdhhsyyyzbjg/Build/Intermediates.noindex/ArchiveIntermediates/App/IntermediateBuildFilesPath/Pods.build/Release-iphoneos/CapacitorCordova.build/Objects-normal/arm64/7187679823f38a2a940e0043cdf9d637-common-args.resp
    
    builtin-ScanDependencies -o /Users/lekiaprosper/Library/Developer/Xcode/DerivedData/App-bmeqrztakkzxpkcqfdhhsyyyzbjg/Build/Intermediates.noindex/ArchiveIntermediates/App/IntermediateBuildFilesPath/Pods.build/Release-iphoneos/CapacitorCordova.build/Objects-normal/arm64/Cordova_vers.o.scan -- /Applications/Xcode.app/Contents/Developer/Toolchains/XcodeDefault.xctoolchain/usr/bin/clang -x c -ivfsstatcache /Users/lekiaprosper/Library/Developer/Xcode/DerivedData/SDKStatCaches.noindex/iphoneos26.0-23A339-81ce72e5b06c9602b9d30b56f2eed08a.sdkstatcache -fmessage-length\=0 -fdiagnostics-show-note-include-stack -fmacro-backtrace-limit\=0 -fno-color-diagnostics -fmodules-prune-interval\=86400 -fmodules-prune-after\=345600 -fbuild-session-file\=/Users/lekiaprosper/Library/Developer/Xcode/DerivedData/ModuleCache.noindex/Session.modulevalidation -fmodules-validate-once-per-build-session -Wnon-modular-include-in-framework-module -Werror\=non-modular-include-in-framework-module -Wno-trigraphs -Wno-missing-field-initializers -Wno-missing-prototypes -Werror\=return-type -Wdocumentation -Wunreachable-code -Werror\=deprecated-objc-isa-usage -Werror\=objc-root-class -Wno-missing-braces -Wparentheses -Wswitch -Wunused-function -Wno-unused-label -Wno-unused-parameter -Wunused-variable -Wunused-value -Wempty-body -Wuninitialized -Wconditional-uninitialized -Wno-unknown-pragmas -Wno-shadow -Wno-four-char-constants -Wno-conversion -Wconstant-conversion -Wint-conversion -Wbool-conversion -Wenum-conversion -Wno-float-conversion -Wnon-literal-null-conversion -Wobjc-literal-conversion -Wshorten-64-to-32 -Wpointer-sign -Wno-newline-eof -Wno-implicit-fallthrough -fstrict-aliasing -Wdeprecated-declarations -Wno-sign-conversion -Winfinite-recursion -Wcomma -Wblock-capture-autoreleasing -Wstrict-prototypes -Wno-semicolon-before-method-body -Wunguarded-availability @/Users/lekiaprosper/Library/Developer/Xcode/DerivedData/App-bmeqrztakkzxpkcqfdhhsyyyzbjg/Build/Intermediates.noindex/ArchiveIntermediates/App/IntermediateBuildFilesPath/Pods.build/Release-iphoneos/CapacitorCordova.build/Objects-normal/arm64/7187679823f38a2a940e0043cdf9d637-common-args.resp -MMD -MT dependencies -MF /Users/lekiaprosper/Library/Developer/Xcode/DerivedData/App-bmeqrztakkzxpkcqfdhhsyyyzbjg/Build/Intermediates.noindex/ArchiveIntermediates/App/IntermediateBuildFilesPath/Pods.build/Release-iphoneos/CapacitorCordova.build/Objects-normal/arm64/Cordova_vers.d --serialize-diagnostics /Users/lekiaprosper/Library/Developer/Xcode/DerivedData/App-bmeqrztakkzxpkcqfdhhsyyyzbjg/Build/Intermediates.noindex/ArchiveIntermediates/App/IntermediateBuildFilesPath/Pods.build/Release-iphoneos/CapacitorCordova.build/Objects-normal/arm64/Cordova_vers.dia -c /Users/lekiaprosper/Library/Developer/Xcode/DerivedData/App-bmeqrztakkzxpkcqfdhhsyyyzbjg/Build/Intermediates.noindex/ArchiveIntermediates/App/IntermediateBuildFilesPath/Pods.build/Release-iphoneos/CapacitorCordova.build/DerivedSources/Cordova_vers.c -o /Users/lekiaprosper/Library/Developer/Xcode/DerivedData/App-bmeqrztakkzxpkcqfdhhsyyyzbjg/Build/Intermediates.noindex/ArchiveIntermediates/App/IntermediateBuildFilesPath/Pods.build/Release-iphoneos/CapacitorCordova.build/Objects-normal/arm64/Cordova_vers.o

ScanDependencies /Users/lekiaprosper/Library/Developer/Xcode/DerivedData/App-bmeqrztakkzxpkcqfdhhsyyyzbjg/Build/Intermediates.noindex/ArchiveIntermediates/App/IntermediateBuildFilesPath/Pods.build/Release-iphoneos/CapacitorCordova.build/Objects-normal/arm64/CapacitorCordova-dummy.o /Users/lekiaprosper/Documents/Dev/Connectize/Connectize-Frontend/ios/App/Pods/Target\ Support\ Files/CapacitorCordova/CapacitorCordova-dummy.m normal arm64 objective-c com.apple.compilers.llvm.clang.1_0.compiler (in target 'CapacitorCordova' from project 'Pods')
    cd /Users/lekiaprosper/Documents/Dev/Connectize/Connectize-Frontend/ios/App/Pods
    
    Using response file: /Users/lekiaprosper/Library/Developer/Xcode/DerivedData/App-bmeqrztakkzxpkcqfdhhsyyyzbjg/Build/Intermediates.noindex/ArchiveIntermediates/App/IntermediateBuildFilesPath/Pods.build/Release-iphoneos/CapacitorCordova.build/Objects-normal/arm64/e6072d4f65d7061329687fe24e3d63a7-common-args.resp
    
    builtin-ScanDependencies -o /Users/lekiaprosper/Library/Developer/Xcode/DerivedData/App-bmeqrztakkzxpkcqfdhhsyyyzbjg/Build/Intermediates.noindex/ArchiveIntermediates/App/IntermediateBuildFilesPath/Pods.build/Release-iphoneos/CapacitorCordova.build/Objects-normal/arm64/CapacitorCordova-dummy.o.scan -- /Applications/Xcode.app/Contents/Developer/Toolchains/XcodeDefault.xctoolchain/usr/bin/clang -x objective-c -ivfsstatcache /Users/lekiaprosper/Library/Developer/Xcode/DerivedData/SDKStatCaches.noindex/iphoneos26.0-23A339-81ce72e5b06c9602b9d30b56f2eed08a.sdkstatcache -fmessage-length\=0 -fdiagnostics-show-note-include-stack -fmacro-backtrace-limit\=0 -fno-color-diagnostics -fmodules-prune-interval\=86400 -fmodules-prune-after\=345600 -fbuild-session-file\=/Users/lekiaprosper/Library/Developer/Xcode/DerivedData/ModuleCache.noindex/Session.modulevalidation -fmodules-validate-once-per-build-session -Wnon-modular-include-in-framework-module -Werror\=non-modular-include-in-framework-module -Wno-trigraphs -Wno-missing-field-initializers -Wno-missing-prototypes -Werror\=return-type -Wdocumentation -Wunreachable-code -Wno-implicit-atomic-properties -Werror\=deprecated-objc-isa-usage -Wno-objc-interface-ivars -Werror\=objc-root-class -Wno-arc-repeated-use-of-weak -Wimplicit-retain-self -Wduplicate-method-match -Wno-missing-braces -Wparentheses -Wswitch -Wunused-function -Wno-unused-label -Wno-unused-parameter -Wunused-variable -Wunused-value -Wempty-body -Wuninitialized -Wconditional-uninitialized -Wno-unknown-pragmas -Wno-shadow -Wno-four-char-constants -Wno-conversion -Wconstant-conversion -Wint-conversion -Wbool-conversion -Wenum-conversion -Wno-float-conversion -Wnon-literal-null-conversion -Wobjc-literal-conversion -Wshorten-64-to-32 -Wpointer-sign -Wno-newline-eof -Wno-selector -Wno-strict-selector-match -Wundeclared-selector -Wdeprecated-implementations -Wno-implicit-fallthrough -fstrict-aliasing -Wprotocol -Wdeprecated-declarations -Wno-sign-conversion -Winfinite-recursion -Wcomma -Wblock-capture-autoreleasing -Wstrict-prototypes -Wno-semicolon-before-method-body -Wunguarded-availability @/Users/lekiaprosper/Library/Developer/Xcode/DerivedData/App-bmeqrztakkzxpkcqfdhhsyyyzbjg/Build/Intermediates.noindex/ArchiveIntermediates/App/IntermediateBuildFilesPath/Pods.build/Release-iphoneos/CapacitorCordova.build/Objects-normal/arm64/e6072d4f65d7061329687fe24e3d63a7-common-args.resp -include /Users/lekiaprosper/Documents/Dev/Connectize/Connectize-Frontend/ios/App/Pods/Target\ Support\ Files/CapacitorCordova/CapacitorCordova-prefix.pch -MMD -MT dependencies -MF /Users/lekiaprosper/Library/Developer/Xcode/DerivedData/App-bmeqrztakkzxpkcqfdhhsyyyzbjg/Build/Intermediates.noindex/ArchiveIntermediates/App/IntermediateBuildFilesPath/Pods.build/Release-iphoneos/CapacitorCordova.build/Objects-normal/arm64/CapacitorCordova-dummy.d --serialize-diagnostics /Users/lekiaprosper/Library/Developer/Xcode/DerivedData/App-bmeqrztakkzxpkcqfdhhsyyyzbjg/Build/Intermediates.noindex/ArchiveIntermediates/App/IntermediateBuildFilesPath/Pods.build/Release-iphoneos/CapacitorCordova.build/Objects-normal/arm64/CapacitorCordova-dummy.dia -c /Users/lekiaprosper/Documents/Dev/Connectize/Connectize-Frontend/ios/App/Pods/Target\ Support\ Files/CapacitorCordova/CapacitorCordova-dummy.m -o /Users/lekiaprosper/Library/Developer/Xcode/DerivedData/App-bmeqrztakkzxpkcqfdhhsyyyzbjg/Build/Intermediates.noindex/ArchiveIntermediates/App/IntermediateBuildFilesPath/Pods.build/Release-iphoneos/CapacitorCordova.build/Objects-normal/arm64/CapacitorCordova-dummy.o

ScanDependencies /Users/lekiaprosper/Library/Developer/Xcode/DerivedData/App-bmeqrztakkzxpkcqfdhhsyyyzbjg/Build/Intermediates.noindex/ArchiveIntermediates/App/IntermediateBuildFilesPath/Pods.build/Release-iphoneos/CapacitorCordova.build/Objects-normal/arm64/CDVViewController.o /Users/lekiaprosper/Documents/Dev/Connectize/Connectize-Frontend/node_modules/@capacitor/ios/CapacitorCordova/CapacitorCordova/Classes/Public/CDVViewController.m normal arm64 objective-c com.apple.compilers.llvm.clang.1_0.compiler (in target 'CapacitorCordova' from project 'Pods')
    cd /Users/lekiaprosper/Documents/Dev/Connectize/Connectize-Frontend/ios/App/Pods
    
    Using response file: /Users/lekiaprosper/Library/Developer/Xcode/DerivedData/App-bmeqrztakkzxpkcqfdhhsyyyzbjg/Build/Intermediates.noindex/ArchiveIntermediates/App/IntermediateBuildFilesPath/Pods.build/Release-iphoneos/CapacitorCordova.build/Objects-normal/arm64/e6072d4f65d7061329687fe24e3d63a7-common-args.resp
    
    builtin-ScanDependencies -o /Users/lekiaprosper/Library/Developer/Xcode/DerivedData/App-bmeqrztakkzxpkcqfdhhsyyyzbjg/Build/Intermediates.noindex/ArchiveIntermediates/App/IntermediateBuildFilesPath/Pods.build/Release-iphoneos/CapacitorCordova.build/Objects-normal/arm64/CDVViewController.o.scan -- /Applications/Xcode.app/Contents/Developer/Toolchains/XcodeDefault.xctoolchain/usr/bin/clang -x objective-c -ivfsstatcache /Users/lekiaprosper/Library/Developer/Xcode/DerivedData/SDKStatCaches.noindex/iphoneos26.0-23A339-81ce72e5b06c9602b9d30b56f2eed08a.sdkstatcache -fmessage-length\=0 -fdiagnostics-show-note-include-stack -fmacro-backtrace-limit\=0 -fno-color-diagnostics -fmodules-prune-interval\=86400 -fmodules-prune-after\=345600 -fbuild-session-file\=/Users/lekiaprosper/Library/Developer/Xcode/DerivedData/ModuleCache.noindex/Session.modulevalidation -fmodules-validate-once-per-build-session -Wnon-modular-include-in-framework-module -Werror\=non-modular-include-in-framework-module -Wno-trigraphs -Wno-missing-field-initializers -Wno-missing-prototypes -Werror\=return-type -Wdocumentation -Wunreachable-code -Wno-implicit-atomic-properties -Werror\=deprecated-objc-isa-usage -Wno-objc-interface-ivars -Werror\=objc-root-class -Wno-arc-repeated-use-of-weak -Wimplicit-retain-self -Wduplicate-method-match -Wno-missing-braces -Wparentheses -Wswitch -Wunused-function -Wno-unused-label -Wno-unused-parameter -Wunused-variable -Wunused-value -Wempty-body -Wuninitialized -Wconditional-uninitialized -Wno-unknown-pragmas -Wno-shadow -Wno-four-char-constants -Wno-conversion -Wconstant-conversion -Wint-conversion -Wbool-conversion -Wenum-conversion -Wno-float-conversion -Wnon-literal-null-conversion -Wobjc-literal-conversion -Wshorten-64-to-32 -Wpointer-sign -Wno-newline-eof -Wno-selector -Wno-strict-selector-match -Wundeclared-selector -Wdeprecated-implementations -Wno-implicit-fallthrough -fstrict-aliasing -Wprotocol -Wdeprecated-declarations -Wno-sign-conversion -Winfinite-recursion -Wcomma -Wblock-capture-autoreleasing -Wstrict-prototypes -Wno-semicolon-before-method-body -Wunguarded-availability @/Users/lekiaprosper/Library/Developer/Xcode/DerivedData/App-bmeqrztakkzxpkcqfdhhsyyyzbjg/Build/Intermediates.noindex/ArchiveIntermediates/App/IntermediateBuildFilesPath/Pods.build/Release-iphoneos/CapacitorCordova.build/Objects-normal/arm64/e6072d4f65d7061329687fe24e3d63a7-common-args.resp -include /Users/lekiaprosper/Documents/Dev/Connectize/Connectize-Frontend/ios/App/Pods/Target\ Support\ Files/CapacitorCordova/CapacitorCordova-prefix.pch -MMD -MT dependencies -MF /Users/lekiaprosper/Library/Developer/Xcode/DerivedData/App-bmeqrztakkzxpkcqfdhhsyyyzbjg/Build/Intermediates.noindex/ArchiveIntermediates/App/IntermediateBuildFilesPath/Pods.build/Release-iphoneos/CapacitorCordova.build/Objects-normal/arm64/CDVViewController.d --serialize-diagnostics /Users/lekiaprosper/Library/Developer/Xcode/DerivedData/App-bmeqrztakkzxpkcqfdhhsyyyzbjg/Build/Intermediates.noindex/ArchiveIntermediates/App/IntermediateBuildFilesPath/Pods.build/Release-iphoneos/CapacitorCordova.build/Objects-normal/arm64/CDVViewController.dia -c /Users/lekiaprosper/Documents/Dev/Connectize/Connectize-Frontend/node_modules/@capacitor/ios/CapacitorCordova/CapacitorCordova/Classes/Public/CDVViewController.m -o /Users/lekiaprosper/Library/Developer/Xcode/DerivedData/App-bmeqrztakkzxpkcqfdhhsyyyzbjg/Build/Intermediates.noindex/ArchiveIntermediates/App/IntermediateBuildFilesPath/Pods.build/Release-iphoneos/CapacitorCordova.build/Objects-normal/arm64/CDVViewController.o

ScanDependencies /Users/lekiaprosper/Library/Developer/Xcode/DerivedData/App-bmeqrztakkzxpkcqfdhhsyyyzbjg/Build/Intermediates.noindex/ArchiveIntermediates/App/IntermediateBuildFilesPath/Pods.build/Release-iphoneos/CapacitorCordova.build/Objects-normal/arm64/CDVURLProtocol.o /Users/lekiaprosper/Documents/Dev/Connectize/Connectize-Frontend/node_modules/@capacitor/ios/CapacitorCordova/CapacitorCordova/Classes/Public/CDVURLProtocol.m normal arm64 objective-c com.apple.compilers.llvm.clang.1_0.compiler (in target 'CapacitorCordova' from project 'Pods')
    cd /Users/lekiaprosper/Documents/Dev/Connectize/Connectize-Frontend/ios/App/Pods
    
    Using response file: /Users/lekiaprosper/Library/Developer/Xcode/DerivedData/App-bmeqrztakkzxpkcqfdhhsyyyzbjg/Build/Intermediates.noindex/ArchiveIntermediates/App/IntermediateBuildFilesPath/Pods.build/Release-iphoneos/CapacitorCordova.build/Objects-normal/arm64/e6072d4f65d7061329687fe24e3d63a7-common-args.resp
    
    builtin-ScanDependencies -o /Users/lekiaprosper/Library/Developer/Xcode/DerivedData/App-bmeqrztakkzxpkcqfdhhsyyyzbjg/Build/Intermediates.noindex/ArchiveIntermediates/App/IntermediateBuildFilesPath/Pods.build/Release-iphoneos/CapacitorCordova.build/Objects-normal/arm64/CDVURLProtocol.o.scan -- /Applications/Xcode.app/Contents/Developer/Toolchains/XcodeDefault.xctoolchain/usr/bin/clang -x objective-c -ivfsstatcache /Users/lekiaprosper/Library/Developer/Xcode/DerivedData/SDKStatCaches.noindex/iphoneos26.0-23A339-81ce72e5b06c9602b9d30b56f2eed08a.sdkstatcache -fmessage-length\=0 -fdiagnostics-show-note-include-stack -fmacro-backtrace-limit\=0 -fno-color-diagnostics -fmodules-prune-interval\=86400 -fmodules-prune-after\=345600 -fbuild-session-file\=/Users/lekiaprosper/Library/Developer/Xcode/DerivedData/ModuleCache.noindex/Session.modulevalidation -fmodules-validate-once-per-build-session -Wnon-modular-include-in-framework-module -Werror\=non-modular-include-in-framework-module -Wno-trigraphs -Wno-missing-field-initializers -Wno-missing-prototypes -Werror\=return-type -Wdocumentation -Wunreachable-code -Wno-implicit-atomic-properties -Werror\=deprecated-objc-isa-usage -Wno-objc-interface-ivars -Werror\=objc-root-class -Wno-arc-repeated-use-of-weak -Wimplicit-retain-self -Wduplicate-method-match -Wno-missing-braces -Wparentheses -Wswitch -Wunused-function -Wno-unused-label -Wno-unused-parameter -Wunused-variable -Wunused-value -Wempty-body -Wuninitialized -Wconditional-uninitialized -Wno-unknown-pragmas -Wno-shadow -Wno-four-char-constants -Wno-conversion -Wconstant-conversion -Wint-conversion -Wbool-conversion -Wenum-conversion -Wno-float-conversion -Wnon-literal-null-conversion -Wobjc-literal-conversion -Wshorten-64-to-32 -Wpointer-sign -Wno-newline-eof -Wno-selector -Wno-strict-selector-match -Wundeclared-selector -Wdeprecated-implementations -Wno-implicit-fallthrough -fstrict-aliasing -Wprotocol -Wdeprecated-declarations -Wno-sign-conversion -Winfinite-recursion -Wcomma -Wblock-capture-autoreleasing -Wstrict-prototypes -Wno-semicolon-before-method-body -Wunguarded-availability @/Users/lekiaprosper/Library/Developer/Xcode/DerivedData/App-bmeqrztakkzxpkcqfdhhsyyyzbjg/Build/Intermediates.noindex/ArchiveIntermediates/App/IntermediateBuildFilesPath/Pods.build/Release-iphoneos/CapacitorCordova.build/Objects-normal/arm64/e6072d4f65d7061329687fe24e3d63a7-common-args.resp -include /Users/lekiaprosper/Documents/Dev/Connectize/Connectize-Frontend/ios/App/Pods/Target\ Support\ Files/CapacitorCordova/CapacitorCordova-prefix.pch -MMD -MT dependencies -MF /Users/lekiaprosper/Library/Developer/Xcode/DerivedData/App-bmeqrztakkzxpkcqfdhhsyyyzbjg/Build/Intermediates.noindex/ArchiveIntermediates/App/IntermediateBuildFilesPath/Pods.build/Release-iphoneos/CapacitorCordova.build/Objects-normal/arm64/CDVURLProtocol.d --serialize-diagnostics /Users/lekiaprosper/Library/Developer/Xcode/DerivedData/App-bmeqrztakkzxpkcqfdhhsyyyzbjg/Build/Intermediates.noindex/ArchiveIntermediates/App/IntermediateBuildFilesPath/Pods.build/Release-iphoneos/CapacitorCordova.build/Objects-normal/arm64/CDVURLProtocol.dia -c /Users/lekiaprosper/Documents/Dev/Connectize/Connectize-Frontend/node_modules/@capacitor/ios/CapacitorCordova/CapacitorCordova/Classes/Public/CDVURLProtocol.m -o /Users/lekiaprosper/Library/Developer/Xcode/DerivedData/App-bmeqrztakkzxpkcqfdhhsyyyzbjg/Build/Intermediates.noindex/ArchiveIntermediates/App/IntermediateBuildFilesPath/Pods.build/Release-iphoneos/CapacitorCordova.build/Objects-normal/arm64/CDVURLProtocol.o

ScanDependencies /Users/lekiaprosper/Library/Developer/Xcode/DerivedData/App-bmeqrztakkzxpkcqfdhhsyyyzbjg/Build/Intermediates.noindex/ArchiveIntermediates/App/IntermediateBuildFilesPath/Pods.build/Release-iphoneos/CapacitorCordova.build/Objects-normal/arm64/CDVPluginManager.o /Users/lekiaprosper/Documents/Dev/Connectize/Connectize-Frontend/node_modules/@capacitor/ios/CapacitorCordova/CapacitorCordova/Classes/Public/CDVPluginManager.m normal arm64 objective-c com.apple.compilers.llvm.clang.1_0.compiler (in target 'CapacitorCordova' from project 'Pods')
    cd /Users/lekiaprosper/Documents/Dev/Connectize/Connectize-Frontend/ios/App/Pods
    
    Using response file: /Users/lekiaprosper/Library/Developer/Xcode/DerivedData/App-bmeqrztakkzxpkcqfdhhsyyyzbjg/Build/Intermediates.noindex/ArchiveIntermediates/App/IntermediateBuildFilesPath/Pods.build/Release-iphoneos/CapacitorCordova.build/Objects-normal/arm64/e6072d4f65d7061329687fe24e3d63a7-common-args.resp
    
    builtin-ScanDependencies -o /Users/lekiaprosper/Library/Developer/Xcode/DerivedData/App-bmeqrztakkzxpkcqfdhhsyyyzbjg/Build/Intermediates.noindex/ArchiveIntermediates/App/IntermediateBuildFilesPath/Pods.build/Release-iphoneos/CapacitorCordova.build/Objects-normal/arm64/CDVPluginManager.o.scan -- /Applications/Xcode.app/Contents/Developer/Toolchains/XcodeDefault.xctoolchain/usr/bin/clang -x objective-c -ivfsstatcache /Users/lekiaprosper/Library/Developer/Xcode/DerivedData/SDKStatCaches.noindex/iphoneos26.0-23A339-81ce72e5b06c9602b9d30b56f2eed08a.sdkstatcache -fmessage-length\=0 -fdiagnostics-show-note-include-stack -fmacro-backtrace-limit\=0 -fno-color-diagnostics -fmodules-prune-interval\=86400 -fmodules-prune-after\=345600 -fbuild-session-file\=/Users/lekiaprosper/Library/Developer/Xcode/DerivedData/ModuleCache.noindex/Session.modulevalidation -fmodules-validate-once-per-build-session -Wnon-modular-include-in-framework-module -Werror\=non-modular-include-in-framework-module -Wno-trigraphs -Wno-missing-field-initializers -Wno-missing-prototypes -Werror\=return-type -Wdocumentation -Wunreachable-code -Wno-implicit-atomic-properties -Werror\=deprecated-objc-isa-usage -Wno-objc-interface-ivars -Werror\=objc-root-class -Wno-arc-repeated-use-of-weak -Wimplicit-retain-self -Wduplicate-method-match -Wno-missing-braces -Wparentheses -Wswitch -Wunused-function -Wno-unused-label -Wno-unused-parameter -Wunused-variable -Wunused-value -Wempty-body -Wuninitialized -Wconditional-uninitialized -Wno-unknown-pragmas -Wno-shadow -Wno-four-char-constants -Wno-conversion -Wconstant-conversion -Wint-conversion -Wbool-conversion -Wenum-conversion -Wno-float-conversion -Wnon-literal-null-conversion -Wobjc-literal-conversion -Wshorten-64-to-32 -Wpointer-sign -Wno-newline-eof -Wno-selector -Wno-strict-selector-match -Wundeclared-selector -Wdeprecated-implementations -Wno-implicit-fallthrough -fstrict-aliasing -Wprotocol -Wdeprecated-declarations -Wno-sign-conversion -Winfinite-recursion -Wcomma -Wblock-capture-autoreleasing -Wstrict-prototypes -Wno-semicolon-before-method-body -Wunguarded-availability @/Users/lekiaprosper/Library/Developer/Xcode/DerivedData/App-bmeqrztakkzxpkcqfdhhsyyyzbjg/Build/Intermediates.noindex/ArchiveIntermediates/App/IntermediateBuildFilesPath/Pods.build/Release-iphoneos/CapacitorCordova.build/Objects-normal/arm64/e6072d4f65d7061329687fe24e3d63a7-common-args.resp -include /Users/lekiaprosper/Documents/Dev/Connectize/Connectize-Frontend/ios/App/Pods/Target\ Support\ Files/CapacitorCordova/CapacitorCordova-prefix.pch -MMD -MT dependencies -MF /Users/lekiaprosper/Library/Developer/Xcode/DerivedData/App-bmeqrztakkzxpkcqfdhhsyyyzbjg/Build/Intermediates.noindex/ArchiveIntermediates/App/IntermediateBuildFilesPath/Pods.build/Release-iphoneos/CapacitorCordova.build/Objects-normal/arm64/CDVPluginManager.d --serialize-diagnostics /Users/lekiaprosper/Library/Developer/Xcode/DerivedData/App-bmeqrztakkzxpkcqfdhhsyyyzbjg/Build/Intermediates.noindex/ArchiveIntermediates/App/IntermediateBuildFilesPath/Pods.build/Release-iphoneos/CapacitorCordova.build/Objects-normal/arm64/CDVPluginManager.dia -c /Users/lekiaprosper/Documents/Dev/Connectize/Connectize-Frontend/node_modules/@capacitor/ios/CapacitorCordova/CapacitorCordova/Classes/Public/CDVPluginManager.m -o /Users/lekiaprosper/Library/Developer/Xcode/DerivedData/App-bmeqrztakkzxpkcqfdhhsyyyzbjg/Build/Intermediates.noindex/ArchiveIntermediates/App/IntermediateBuildFilesPath/Pods.build/Release-iphoneos/CapacitorCordova.build/Objects-normal/arm64/CDVPluginManager.o

ScanDependencies /Users/lekiaprosper/Library/Developer/Xcode/DerivedData/App-bmeqrztakkzxpkcqfdhhsyyyzbjg/Build/Intermediates.noindex/ArchiveIntermediates/App/IntermediateBuildFilesPath/Pods.build/Release-iphoneos/CapacitorCordova.build/Objects-normal/arm64/CDVPlugin.o /Users/lekiaprosper/Documents/Dev/Connectize/Connectize-Frontend/node_modules/@capacitor/ios/CapacitorCordova/CapacitorCordova/Classes/Public/CDVPlugin.m normal arm64 objective-c com.apple.compilers.llvm.clang.1_0.compiler (in target 'CapacitorCordova' from project 'Pods')
    cd /Users/lekiaprosper/Documents/Dev/Connectize/Connectize-Frontend/ios/App/Pods
    
    Using response file: /Users/lekiaprosper/Library/Developer/Xcode/DerivedData/App-bmeqrztakkzxpkcqfdhhsyyyzbjg/Build/Intermediates.noindex/ArchiveIntermediates/App/IntermediateBuildFilesPath/Pods.build/Release-iphoneos/CapacitorCordova.build/Objects-normal/arm64/e6072d4f65d7061329687fe24e3d63a7-common-args.resp
    
    builtin-ScanDependencies -o /Users/lekiaprosper/Library/Developer/Xcode/DerivedData/App-bmeqrztakkzxpkcqfdhhsyyyzbjg/Build/Intermediates.noindex/ArchiveIntermediates/App/IntermediateBuildFilesPath/Pods.build/Release-iphoneos/CapacitorCordova.build/Objects-normal/arm64/CDVPlugin.o.scan -- /Applications/Xcode.app/Contents/Developer/Toolchains/XcodeDefault.xctoolchain/usr/bin/clang -x objective-c -ivfsstatcache /Users/lekiaprosper/Library/Developer/Xcode/DerivedData/SDKStatCaches.noindex/iphoneos26.0-23A339-81ce72e5b06c9602b9d30b56f2eed08a.sdkstatcache -fmessage-length\=0 -fdiagnostics-show-note-include-stack -fmacro-backtrace-limit\=0 -fno-color-diagnostics -fmodules-prune-interval\=86400 -fmodules-prune-after\=345600 -fbuild-session-file\=/Users/lekiaprosper/Library/Developer/Xcode/DerivedData/ModuleCache.noindex/Session.modulevalidation -fmodules-validate-once-per-build-session -Wnon-modular-include-in-framework-module -Werror\=non-modular-include-in-framework-module -Wno-trigraphs -Wno-missing-field-initializers -Wno-missing-prototypes -Werror\=return-type -Wdocumentation -Wunreachable-code -Wno-implicit-atomic-properties -Werror\=deprecated-objc-isa-usage -Wno-objc-interface-ivars -Werror\=objc-root-class -Wno-arc-repeated-use-of-weak -Wimplicit-retain-self -Wduplicate-method-match -Wno-missing-braces -Wparentheses -Wswitch -Wunused-function -Wno-unused-label -Wno-unused-parameter -Wunused-variable -Wunused-value -Wempty-body -Wuninitialized -Wconditional-uninitialized -Wno-unknown-pragmas -Wno-shadow -Wno-four-char-constants -Wno-conversion -Wconstant-conversion -Wint-conversion -Wbool-conversion -Wenum-conversion -Wno-float-conversion -Wnon-literal-null-conversion -Wobjc-literal-conversion -Wshorten-64-to-32 -Wpointer-sign -Wno-newline-eof -Wno-selector -Wno-strict-selector-match -Wundeclared-selector -Wdeprecated-implementations -Wno-implicit-fallthrough -fstrict-aliasing -Wprotocol -Wdeprecated-declarations -Wno-sign-conversion -Winfinite-recursion -Wcomma -Wblock-capture-autoreleasing -Wstrict-prototypes -Wno-semicolon-before-method-body -Wunguarded-availability @/Users/lekiaprosper/Library/Developer/Xcode/DerivedData/App-bmeqrztakkzxpkcqfdhhsyyyzbjg/Build/Intermediates.noindex/ArchiveIntermediates/App/IntermediateBuildFilesPath/Pods.build/Release-iphoneos/CapacitorCordova.build/Objects-normal/arm64/e6072d4f65d7061329687fe24e3d63a7-common-args.resp -include /Users/lekiaprosper/Documents/Dev/Connectize/Connectize-Frontend/ios/App/Pods/Target\ Support\ Files/CapacitorCordova/CapacitorCordova-prefix.pch -MMD -MT dependencies -MF /Users/lekiaprosper/Library/Developer/Xcode/DerivedData/App-bmeqrztakkzxpkcqfdhhsyyyzbjg/Build/Intermediates.noindex/ArchiveIntermediates/App/IntermediateBuildFilesPath/Pods.build/Release-iphoneos/CapacitorCordova.build/Objects-normal/arm64/CDVPlugin.d --serialize-diagnostics /Users/lekiaprosper/Library/Developer/Xcode/DerivedData/App-bmeqrztakkzxpkcqfdhhsyyyzbjg/Build/Intermediates.noindex/ArchiveIntermediates/App/IntermediateBuildFilesPath/Pods.build/Release-iphoneos/CapacitorCordova.build/Objects-normal/arm64/CDVPlugin.dia -c /Users/lekiaprosper/Documents/Dev/Connectize/Connectize-Frontend/node_modules/@capacitor/ios/CapacitorCordova/CapacitorCordova/Classes/Public/CDVPlugin.m -o /Users/lekiaprosper/Library/Developer/Xcode/DerivedData/App-bmeqrztakkzxpkcqfdhhsyyyzbjg/Build/Intermediates.noindex/ArchiveIntermediates/App/IntermediateBuildFilesPath/Pods.build/Release-iphoneos/CapacitorCordova.build/Objects-normal/arm64/CDVPlugin.o

ScanDependencies /Users/lekiaprosper/Library/Developer/Xcode/DerivedData/App-bmeqrztakkzxpkcqfdhhsyyyzbjg/Build/Intermediates.noindex/ArchiveIntermediates/App/IntermediateBuildFilesPath/Pods.build/Release-iphoneos/CapacitorCordova.build/Objects-normal/arm64/CDVPluginResult.o /Users/lekiaprosper/Documents/Dev/Connectize/Connectize-Frontend/node_modules/@capacitor/ios/CapacitorCordova/CapacitorCordova/Classes/Public/CDVPluginResult.m normal arm64 objective-c com.apple.compilers.llvm.clang.1_0.compiler (in target 'CapacitorCordova' from project 'Pods')
    cd /Users/lekiaprosper/Documents/Dev/Connectize/Connectize-Frontend/ios/App/Pods
    
    Using response file: /Users/lekiaprosper/Library/Developer/Xcode/DerivedData/App-bmeqrztakkzxpkcqfdhhsyyyzbjg/Build/Intermediates.noindex/ArchiveIntermediates/App/IntermediateBuildFilesPath/Pods.build/Release-iphoneos/CapacitorCordova.build/Objects-normal/arm64/e6072d4f65d7061329687fe24e3d63a7-common-args.resp
    
    builtin-ScanDependencies -o /Users/lekiaprosper/Library/Developer/Xcode/DerivedData/App-bmeqrztakkzxpkcqfdhhsyyyzbjg/Build/Intermediates.noindex/ArchiveIntermediates/App/IntermediateBuildFilesPath/Pods.build/Release-iphoneos/CapacitorCordova.build/Objects-normal/arm64/CDVPluginResult.o.scan -- /Applications/Xcode.app/Contents/Developer/Toolchains/XcodeDefault.xctoolchain/usr/bin/clang -x objective-c -ivfsstatcache /Users/lekiaprosper/Library/Developer/Xcode/DerivedData/SDKStatCaches.noindex/iphoneos26.0-23A339-81ce72e5b06c9602b9d30b56f2eed08a.sdkstatcache -fmessage-length\=0 -fdiagnostics-show-note-include-stack -fmacro-backtrace-limit\=0 -fno-color-diagnostics -fmodules-prune-interval\=86400 -fmodules-prune-after\=345600 -fbuild-session-file\=/Users/lekiaprosper/Library/Developer/Xcode/DerivedData/ModuleCache.noindex/Session.modulevalidation -fmodules-validate-once-per-build-session -Wnon-modular-include-in-framework-module -Werror\=non-modular-include-in-framework-module -Wno-trigraphs -Wno-missing-field-initializers -Wno-missing-prototypes -Werror\=return-type -Wdocumentation -Wunreachable-code -Wno-implicit-atomic-properties -Werror\=deprecated-objc-isa-usage -Wno-objc-interface-ivars -Werror\=objc-root-class -Wno-arc-repeated-use-of-weak -Wimplicit-retain-self -Wduplicate-method-match -Wno-missing-braces -Wparentheses -Wswitch -Wunused-function -Wno-unused-label -Wno-unused-parameter -Wunused-variable -Wunused-value -Wempty-body -Wuninitialized -Wconditional-uninitialized -Wno-unknown-pragmas -Wno-shadow -Wno-four-char-constants -Wno-conversion -Wconstant-conversion -Wint-conversion -Wbool-conversion -Wenum-conversion -Wno-float-conversion -Wnon-literal-null-conversion -Wobjc-literal-conversion -Wshorten-64-to-32 -Wpointer-sign -Wno-newline-eof -Wno-selector -Wno-strict-selector-match -Wundeclared-selector -Wdeprecated-implementations -Wno-implicit-fallthrough -fstrict-aliasing -Wprotocol -Wdeprecated-declarations -Wno-sign-conversion -Winfinite-recursion -Wcomma -Wblock-capture-autoreleasing -Wstrict-prototypes -Wno-semicolon-before-method-body -Wunguarded-availability @/Users/lekiaprosper/Library/Developer/Xcode/DerivedData/App-bmeqrztakkzxpkcqfdhhsyyyzbjg/Build/Intermediates.noindex/ArchiveIntermediates/App/IntermediateBuildFilesPath/Pods.build/Release-iphoneos/CapacitorCordova.build/Objects-normal/arm64/e6072d4f65d7061329687fe24e3d63a7-common-args.resp -include /Users/lekiaprosper/Documents/Dev/Connectize/Connectize-Frontend/ios/App/Pods/Target\ Support\ Files/CapacitorCordova/CapacitorCordova-prefix.pch -MMD -MT dependencies -MF /Users/lekiaprosper/Library/Developer/Xcode/DerivedData/App-bmeqrztakkzxpkcqfdhhsyyyzbjg/Build/Intermediates.noindex/ArchiveIntermediates/App/IntermediateBuildFilesPath/Pods.build/Release-iphoneos/CapacitorCordova.build/Objects-normal/arm64/CDVPluginResult.d --serialize-diagnostics /Users/lekiaprosper/Library/Developer/Xcode/DerivedData/App-bmeqrztakkzxpkcqfdhhsyyyzbjg/Build/Intermediates.noindex/ArchiveIntermediates/App/IntermediateBuildFilesPath/Pods.build/Release-iphoneos/CapacitorCordova.build/Objects-normal/arm64/CDVPluginResult.dia -c /Users/lekiaprosper/Documents/Dev/Connectize/Connectize-Frontend/node_modules/@capacitor/ios/CapacitorCordova/CapacitorCordova/Classes/Public/CDVPluginResult.m -o /Users/lekiaprosper/Library/Developer/Xcode/DerivedData/App-bmeqrztakkzxpkcqfdhhsyyyzbjg/Build/Intermediates.noindex/ArchiveIntermediates/App/IntermediateBuildFilesPath/Pods.build/Release-iphoneos/CapacitorCordova.build/Objects-normal/arm64/CDVPluginResult.o

SwiftDriver Capacitor normal arm64 com.apple.xcode.tools.swift.compiler (in target 'Capacitor' from project 'Pods')
    cd /Users/lekiaprosper/Documents/Dev/Connectize/Connectize-Frontend/ios/App/Pods
    builtin-SwiftDriver -- /Applications/Xcode.app/Contents/Developer/Toolchains/XcodeDefault.xctoolchain/usr/bin/swiftc -disable-bridging-pch -module-name Capacitor -Onone -whole-module-optimization -enforce-exclusivity\=checked @/Users/lekiaprosper/Library/Developer/Xcode/DerivedData/App-bmeqrztakkzxpkcqfdhhsyyyzbjg/Build/Intermediates.noindex/ArchiveIntermediates/App/IntermediateBuildFilesPath/Pods.build/Release-iphoneos/Capacitor.build/Objects-normal/arm64/Capacitor.SwiftFileList -D COCOAPODS -enable-bare-slash-regex -enable-experimental-feature DebugDescriptionMacro -sdk /Applications/Xcode.app/Contents/Developer/Platforms/iPhoneOS.platform/Developer/SDKs/iPhoneOS26.0.sdk -target arm64-apple-ios14.0 -g -module-cache-path /Users/lekiaprosper/Library/Developer/Xcode/DerivedData/ModuleCache.noindex -Xfrontend -serialize-debugging-options -suppress-warnings -swift-version 5 -I /Users/lekiaprosper/Library/Developer/Xcode/DerivedData/App-bmeqrztakkzxpkcqfdhhsyyyzbjg/Build/Intermediates.noindex/ArchiveIntermediates/App/BuildProductsPath/Release-iphoneos/Capacitor -F /Users/lekiaprosper/Library/Developer/Xcode/DerivedData/App-bmeqrztakkzxpkcqfdhhsyyyzbjg/Build/Intermediates.noindex/ArchiveIntermediates/App/BuildProductsPath/Release-iphoneos/Capacitor -F /Users/lekiaprosper/Library/Developer/Xcode/DerivedData/App-bmeqrztakkzxpkcqfdhhsyyyzbjg/Build/Intermediates.noindex/ArchiveIntermediates/App/BuildProductsPath/Release-iphoneos/CapacitorCordova -c -num-threads 10 -Xcc -ivfsstatcache -Xcc /Users/lekiaprosper/Library/Developer/Xcode/DerivedData/SDKStatCaches.noindex/iphoneos26.0-23A339-81ce72e5b06c9602b9d30b56f2eed08a.sdkstatcache -output-file-map /Users/lekiaprosper/Library/Developer/Xcode/DerivedData/App-bmeqrztakkzxpkcqfdhhsyyyzbjg/Build/Intermediates.noindex/ArchiveIntermediates/App/IntermediateBuildFilesPath/Pods.build/Release-iphoneos/Capacitor.build/Objects-normal/arm64/Capacitor-OutputFileMap.json -use-frontend-parseable-output -save-temps -no-color-diagnostics -explicit-module-build -module-cache-path /Users/lekiaprosper/Library/Developer/Xcode/DerivedData/App-bmeqrztakkzxpkcqfdhhsyyyzbjg/Build/Intermediates.noindex/ArchiveIntermediates/App/IntermediateBuildFilesPath/SwiftExplicitPrecompiledModules -clang-scanner-module-cache-path /Users/lekiaprosper/Library/Developer/Xcode/DerivedData/ModuleCache.noindex -sdk-module-cache-path /Users/lekiaprosper/Library/Developer/Xcode/DerivedData/ModuleCache.noindex -serialize-diagnostics -emit-dependencies -emit-module -emit-module-path /Users/lekiaprosper/Library/Developer/Xcode/DerivedData/App-bmeqrztakkzxpkcqfdhhsyyyzbjg/Build/Intermediates.noindex/ArchiveIntermediates/App/IntermediateBuildFilesPath/Pods.build/Release-iphoneos/Capacitor.build/Objects-normal/arm64/Capacitor.swiftmodule -validate-clang-modules-once -clang-build-session-file /Users/lekiaprosper/Library/Developer/Xcode/DerivedData/ModuleCache.noindex/Session.modulevalidation -Xcc -I/Users/lekiaprosper/Library/Developer/Xcode/DerivedData/App-bmeqrztakkzxpkcqfdhhsyyyzbjg/Build/Intermediates.noindex/ArchiveIntermediates/App/IntermediateBuildFilesPath/Pods.build/Release-iphoneos/Capacitor.build/swift-overrides.hmap -emit-const-values -Xfrontend -const-gather-protocols-file -Xfrontend /Users/lekiaprosper/Library/Developer/Xcode/DerivedData/App-bmeqrztakkzxpkcqfdhhsyyyzbjg/Build/Intermediates.noindex/ArchiveIntermediates/App/IntermediateBuildFilesPath/Pods.build/Release-iphoneos/Capacitor.build/Objects-normal/arm64/Capacitor_const_extract_protocols.json -Xcc -iquote -Xcc /Users/lekiaprosper/Library/Developer/Xcode/DerivedData/App-bmeqrztakkzxpkcqfdhhsyyyzbjg/Build/Intermediates.noindex/ArchiveIntermediates/App/IntermediateBuildFilesPath/Pods.build/Release-iphoneos/Capacitor.build/Capacitor-generated-files.hmap -Xcc -I/Users/lekiaprosper/Library/Developer/Xcode/DerivedData/App-bmeqrztakkzxpkcqfdhhsyyyzbjg/Build/Intermediates.noindex/ArchiveIntermediates/App/IntermediateBuildFilesPath/Pods.build/Release-iphoneos/Capacitor.build/Capacitor-own-target-headers.hmap -Xcc -I/Users/lekiaprosper/Library/Developer/Xcode/DerivedData/App-bmeqrztakkzxpkcqfdhhsyyyzbjg/Build/Intermediates.noindex/ArchiveIntermediates/App/IntermediateBuildFilesPath/Pods.build/Release-iphoneos/Capacitor.build/Capacitor-all-non-framework-target-headers.hmap -Xcc -ivfsoverlay -Xcc /Users/lekiaprosper/Library/Developer/Xcode/DerivedData/App-bmeqrztakkzxpkcqfdhhsyyyzbjg/Build/Intermediates.noindex/ArchiveIntermediates/App/IntermediateBuildFilesPath/Pods.build/Release-iphoneos/Pods-8699adb1dd336b26511df848a716bd42-VFS-iphoneos/all-product-headers.yaml -Xcc -iquote -Xcc /Users/lekiaprosper/Library/Developer/Xcode/DerivedData/App-bmeqrztakkzxpkcqfdhhsyyyzbjg/Build/Intermediates.noindex/ArchiveIntermediates/App/IntermediateBuildFilesPath/Pods.build/Release-iphoneos/Capacitor.build/Capacitor-project-headers.hmap -Xcc -I/Users/lekiaprosper/Library/Developer/Xcode/DerivedData/App-bmeqrztakkzxpkcqfdhhsyyyzbjg/Build/Intermediates.noindex/ArchiveIntermediates/App/BuildProductsPath/Release-iphoneos/Capacitor/include -Xcc -I/Users/lekiaprosper/Library/Developer/Xcode/DerivedData/App-bmeqrztakkzxpkcqfdhhsyyyzbjg/Build/Intermediates.noindex/ArchiveIntermediates/App/IntermediateBuildFilesPath/Pods.build/Release-iphoneos/Capacitor.build/DerivedSources-normal/arm64 -Xcc -I/Users/lekiaprosper/Library/Developer/Xcode/DerivedData/App-bmeqrztakkzxpkcqfdhhsyyyzbjg/Build/Intermediates.noindex/ArchiveIntermediates/App/IntermediateBuildFilesPath/Pods.build/Release-iphoneos/Capacitor.build/DerivedSources/arm64 -Xcc -I/Users/lekiaprosper/Library/Developer/Xcode/DerivedData/App-bmeqrztakkzxpkcqfdhhsyyyzbjg/Build/Intermediates.noindex/ArchiveIntermediates/App/IntermediateBuildFilesPath/Pods.build/Release-iphoneos/Capacitor.build/DerivedSources -Xcc -DPOD_CONFIGURATION_RELEASE\=1 -Xcc -DCOCOAPODS\=1 -emit-objc-header -emit-objc-header-path /Users/lekiaprosper/Library/Developer/Xcode/DerivedData/App-bmeqrztakkzxpkcqfdhhsyyyzbjg/Build/Intermediates.noindex/ArchiveIntermediates/App/IntermediateBuildFilesPath/Pods.build/Release-iphoneos/Capacitor.build/Objects-normal/arm64/Capacitor-Swift.h -import-underlying-module -Xcc -ivfsoverlay -Xcc /Users/lekiaprosper/Library/Developer/Xcode/DerivedData/App-bmeqrztakkzxpkcqfdhhsyyyzbjg/Build/Intermediates.noindex/ArchiveIntermediates/App/IntermediateBuildFilesPath/Pods.build/Release-iphoneos/Capacitor.build/unextended-module-overlay.yaml -working-directory /Users/lekiaprosper/Documents/Dev/Connectize/Connectize-Frontend/ios/App/Pods -no-emit-module-separately-wmo

ScanDependencies /Users/lekiaprosper/Library/Developer/Xcode/DerivedData/App-bmeqrztakkzxpkcqfdhhsyyyzbjg/Build/Intermediates.noindex/ArchiveIntermediates/App/IntermediateBuildFilesPath/Pods.build/Release-iphoneos/CapacitorCordova.build/Objects-normal/arm64/CDVPlugin+Resources.o /Users/lekiaprosper/Documents/Dev/Connectize/Connectize-Frontend/node_modules/@capacitor/ios/CapacitorCordova/CapacitorCordova/Classes/Public/CDVPlugin+Resources.m normal arm64 objective-c com.apple.compilers.llvm.clang.1_0.compiler (in target 'CapacitorCordova' from project 'Pods')
    cd /Users/lekiaprosper/Documents/Dev/Connectize/Connectize-Frontend/ios/App/Pods
    
    Using response file: /Users/lekiaprosper/Library/Developer/Xcode/DerivedData/App-bmeqrztakkzxpkcqfdhhsyyyzbjg/Build/Intermediates.noindex/ArchiveIntermediates/App/IntermediateBuildFilesPath/Pods.build/Release-iphoneos/CapacitorCordova.build/Objects-normal/arm64/e6072d4f65d7061329687fe24e3d63a7-common-args.resp
    
    builtin-ScanDependencies -o /Users/lekiaprosper/Library/Developer/Xcode/DerivedData/App-bmeqrztakkzxpkcqfdhhsyyyzbjg/Build/Intermediates.noindex/ArchiveIntermediates/App/IntermediateBuildFilesPath/Pods.build/Release-iphoneos/CapacitorCordova.build/Objects-normal/arm64/CDVPlugin+Resources.o.scan -- /Applications/Xcode.app/Contents/Developer/Toolchains/XcodeDefault.xctoolchain/usr/bin/clang -x objective-c -ivfsstatcache /Users/lekiaprosper/Library/Developer/Xcode/DerivedData/SDKStatCaches.noindex/iphoneos26.0-23A339-81ce72e5b06c9602b9d30b56f2eed08a.sdkstatcache -fmessage-length\=0 -fdiagnostics-show-note-include-stack -fmacro-backtrace-limit\=0 -fno-color-diagnostics -fmodules-prune-interval\=86400 -fmodules-prune-after\=345600 -fbuild-session-file\=/Users/lekiaprosper/Library/Developer/Xcode/DerivedData/ModuleCache.noindex/Session.modulevalidation -fmodules-validate-once-per-build-session -Wnon-modular-include-in-framework-module -Werror\=non-modular-include-in-framework-module -Wno-trigraphs -Wno-missing-field-initializers -Wno-missing-prototypes -Werror\=return-type -Wdocumentation -Wunreachable-code -Wno-implicit-atomic-properties -Werror\=deprecated-objc-isa-usage -Wno-objc-interface-ivars -Werror\=objc-root-class -Wno-arc-repeated-use-of-weak -Wimplicit-retain-self -Wduplicate-method-match -Wno-missing-braces -Wparentheses -Wswitch -Wunused-function -Wno-unused-label -Wno-unused-parameter -Wunused-variable -Wunused-value -Wempty-body -Wuninitialized -Wconditional-uninitialized -Wno-unknown-pragmas -Wno-shadow -Wno-four-char-constants -Wno-conversion -Wconstant-conversion -Wint-conversion -Wbool-conversion -Wenum-conversion -Wno-float-conversion -Wnon-literal-null-conversion -Wobjc-literal-conversion -Wshorten-64-to-32 -Wpointer-sign -Wno-newline-eof -Wno-selector -Wno-strict-selector-match -Wundeclared-selector -Wdeprecated-implementations -Wno-implicit-fallthrough -fstrict-aliasing -Wprotocol -Wdeprecated-declarations -Wno-sign-conversion -Winfinite-recursion -Wcomma -Wblock-capture-autoreleasing -Wstrict-prototypes -Wno-semicolon-before-method-body -Wunguarded-availability @/Users/lekiaprosper/Library/Developer/Xcode/DerivedData/App-bmeqrztakkzxpkcqfdhhsyyyzbjg/Build/Intermediates.noindex/ArchiveIntermediates/App/IntermediateBuildFilesPath/Pods.build/Release-iphoneos/CapacitorCordova.build/Objects-normal/arm64/e6072d4f65d7061329687fe24e3d63a7-common-args.resp -include /Users/lekiaprosper/Documents/Dev/Connectize/Connectize-Frontend/ios/App/Pods/Target\ Support\ Files/CapacitorCordova/CapacitorCordova-prefix.pch -MMD -MT dependencies -MF /Users/lekiaprosper/Library/Developer/Xcode/DerivedData/App-bmeqrztakkzxpkcqfdhhsyyyzbjg/Build/Intermediates.noindex/ArchiveIntermediates/App/IntermediateBuildFilesPath/Pods.build/Release-iphoneos/CapacitorCordova.build/Objects-normal/arm64/CDVPlugin+Resources.d --serialize-diagnostics /Users/lekiaprosper/Library/Developer/Xcode/DerivedData/App-bmeqrztakkzxpkcqfdhhsyyyzbjg/Build/Intermediates.noindex/ArchiveIntermediates/App/IntermediateBuildFilesPath/Pods.build/Release-iphoneos/CapacitorCordova.build/Objects-normal/arm64/CDVPlugin+Resources.dia -c /Users/lekiaprosper/Documents/Dev/Connectize/Connectize-Frontend/node_modules/@capacitor/ios/CapacitorCordova/CapacitorCordova/Classes/Public/CDVPlugin+Resources.m -o /Users/lekiaprosper/Library/Developer/Xcode/DerivedData/App-bmeqrztakkzxpkcqfdhhsyyyzbjg/Build/Intermediates.noindex/ArchiveIntermediates/App/IntermediateBuildFilesPath/Pods.build/Release-iphoneos/CapacitorCordova.build/Objects-normal/arm64/CDVPlugin+Resources.o

CompileC /Users/lekiaprosper/Library/Developer/Xcode/DerivedData/App-bmeqrztakkzxpkcqfdhhsyyyzbjg/Build/Intermediates.noindex/ArchiveIntermediates/App/IntermediateBuildFilesPath/Pods.build/Release-iphoneos/CapacitorCordova.build/Objects-normal/arm64/Cordova_vers.o /Users/lekiaprosper/Library/Developer/Xcode/DerivedData/App-bmeqrztakkzxpkcqfdhhsyyyzbjg/Build/Intermediates.noindex/ArchiveIntermediates/App/IntermediateBuildFilesPath/Pods.build/Release-iphoneos/CapacitorCordova.build/DerivedSources/Cordova_vers.c normal arm64 c com.apple.compilers.llvm.clang.1_0.compiler (in target 'CapacitorCordova' from project 'Pods')
    cd /Users/lekiaprosper/Documents/Dev/Connectize/Connectize-Frontend/ios/App/Pods
    
    Using response file: /Users/lekiaprosper/Library/Developer/Xcode/DerivedData/App-bmeqrztakkzxpkcqfdhhsyyyzbjg/Build/Intermediates.noindex/ArchiveIntermediates/App/IntermediateBuildFilesPath/Pods.build/Release-iphoneos/CapacitorCordova.build/Objects-normal/arm64/7187679823f38a2a940e0043cdf9d637-common-args.resp
    
    /Applications/Xcode.app/Contents/Developer/Toolchains/XcodeDefault.xctoolchain/usr/bin/clang -x c -ivfsstatcache /Users/lekiaprosper/Library/Developer/Xcode/DerivedData/SDKStatCaches.noindex/iphoneos26.0-23A339-81ce72e5b06c9602b9d30b56f2eed08a.sdkstatcache -fmessage-length\=0 -fdiagnostics-show-note-include-stack -fmacro-backtrace-limit\=0 -fno-color-diagnostics -fmodules-prune-interval\=86400 -fmodules-prune-after\=345600 -fbuild-session-file\=/Users/lekiaprosper/Library/Developer/Xcode/DerivedData/ModuleCache.noindex/Session.modulevalidation -fmodules-validate-once-per-build-session -Wnon-modular-include-in-framework-module -Werror\=non-modular-include-in-framework-module -Wno-trigraphs -Wno-missing-field-initializers -Wno-missing-prototypes -Werror\=return-type -Wdocumentation -Wunreachable-code -Werror\=deprecated-objc-isa-usage -Werror\=objc-root-class -Wno-missing-braces -Wparentheses -Wswitch -Wunused-function -Wno-unused-label -Wno-unused-parameter -Wunused-variable -Wunused-value -Wempty-body -Wuninitialized -Wconditional-uninitialized -Wno-unknown-pragmas -Wno-shadow -Wno-four-char-constants -Wno-conversion -Wconstant-conversion -Wint-conversion -Wbool-conversion -Wenum-conversion -Wno-float-conversion -Wnon-literal-null-conversion -Wobjc-literal-conversion -Wshorten-64-to-32 -Wpointer-sign -Wno-newline-eof -Wno-implicit-fallthrough -fstrict-aliasing -Wdeprecated-declarations -Wno-sign-conversion -Winfinite-recursion -Wcomma -Wblock-capture-autoreleasing -Wstrict-prototypes -Wno-semicolon-before-method-body -Wunguarded-availability @/Users/lekiaprosper/Library/Developer/Xcode/DerivedData/App-bmeqrztakkzxpkcqfdhhsyyyzbjg/Build/Intermediates.noindex/ArchiveIntermediates/App/IntermediateBuildFilesPath/Pods.build/Release-iphoneos/CapacitorCordova.build/Objects-normal/arm64/7187679823f38a2a940e0043cdf9d637-common-args.resp -MMD -MT dependencies -MF /Users/lekiaprosper/Library/Developer/Xcode/DerivedData/App-bmeqrztakkzxpkcqfdhhsyyyzbjg/Build/Intermediates.noindex/ArchiveIntermediates/App/IntermediateBuildFilesPath/Pods.build/Release-iphoneos/CapacitorCordova.build/Objects-normal/arm64/Cordova_vers.d --serialize-diagnostics /Users/lekiaprosper/Library/Developer/Xcode/DerivedData/App-bmeqrztakkzxpkcqfdhhsyyyzbjg/Build/Intermediates.noindex/ArchiveIntermediates/App/IntermediateBuildFilesPath/Pods.build/Release-iphoneos/CapacitorCordova.build/Objects-normal/arm64/Cordova_vers.dia -c /Users/lekiaprosper/Library/Developer/Xcode/DerivedData/App-bmeqrztakkzxpkcqfdhhsyyyzbjg/Build/Intermediates.noindex/ArchiveIntermediates/App/IntermediateBuildFilesPath/Pods.build/Release-iphoneos/CapacitorCordova.build/DerivedSources/Cordova_vers.c -o /Users/lekiaprosper/Library/Developer/Xcode/DerivedData/App-bmeqrztakkzxpkcqfdhhsyyyzbjg/Build/Intermediates.noindex/ArchiveIntermediates/App/IntermediateBuildFilesPath/Pods.build/Release-iphoneos/CapacitorCordova.build/Objects-normal/arm64/Cordova_vers.o

ScanDependencies /Users/lekiaprosper/Library/Developer/Xcode/DerivedData/App-bmeqrztakkzxpkcqfdhhsyyyzbjg/Build/Intermediates.noindex/ArchiveIntermediates/App/IntermediateBuildFilesPath/Pods.build/Release-iphoneos/CapacitorCordova.build/Objects-normal/arm64/CDVInvokedUrlCommand.o /Users/lekiaprosper/Documents/Dev/Connectize/Connectize-Frontend/node_modules/@capacitor/ios/CapacitorCordova/CapacitorCordova/Classes/Public/CDVInvokedUrlCommand.m normal arm64 objective-c com.apple.compilers.llvm.clang.1_0.compiler (in target 'CapacitorCordova' from project 'Pods')
    cd /Users/lekiaprosper/Documents/Dev/Connectize/Connectize-Frontend/ios/App/Pods
    
    Using response file: /Users/lekiaprosper/Library/Developer/Xcode/DerivedData/App-bmeqrztakkzxpkcqfdhhsyyyzbjg/Build/Intermediates.noindex/ArchiveIntermediates/App/IntermediateBuildFilesPath/Pods.build/Release-iphoneos/CapacitorCordova.build/Objects-normal/arm64/e6072d4f65d7061329687fe24e3d63a7-common-args.resp
    
    builtin-ScanDependencies -o /Users/lekiaprosper/Library/Developer/Xcode/DerivedData/App-bmeqrztakkzxpkcqfdhhsyyyzbjg/Build/Intermediates.noindex/ArchiveIntermediates/App/IntermediateBuildFilesPath/Pods.build/Release-iphoneos/CapacitorCordova.build/Objects-normal/arm64/CDVInvokedUrlCommand.o.scan -- /Applications/Xcode.app/Contents/Developer/Toolchains/XcodeDefault.xctoolchain/usr/bin/clang -x objective-c -ivfsstatcache /Users/lekiaprosper/Library/Developer/Xcode/DerivedData/SDKStatCaches.noindex/iphoneos26.0-23A339-81ce72e5b06c9602b9d30b56f2eed08a.sdkstatcache -fmessage-length\=0 -fdiagnostics-show-note-include-stack -fmacro-backtrace-limit\=0 -fno-color-diagnostics -fmodules-prune-interval\=86400 -fmodules-prune-after\=345600 -fbuild-session-file\=/Users/lekiaprosper/Library/Developer/Xcode/DerivedData/ModuleCache.noindex/Session.modulevalidation -fmodules-validate-once-per-build-session -Wnon-modular-include-in-framework-module -Werror\=non-modular-include-in-framework-module -Wno-trigraphs -Wno-missing-field-initializers -Wno-missing-prototypes -Werror\=return-type -Wdocumentation -Wunreachable-code -Wno-implicit-atomic-properties -Werror\=deprecated-objc-isa-usage -Wno-objc-interface-ivars -Werror\=objc-root-class -Wno-arc-repeated-use-of-weak -Wimplicit-retain-self -Wduplicate-method-match -Wno-missing-braces -Wparentheses -Wswitch -Wunused-function -Wno-unused-label -Wno-unused-parameter -Wunused-variable -Wunused-value -Wempty-body -Wuninitialized -Wconditional-uninitialized -Wno-unknown-pragmas -Wno-shadow -Wno-four-char-constants -Wno-conversion -Wconstant-conversion -Wint-conversion -Wbool-conversion -Wenum-conversion -Wno-float-conversion -Wnon-literal-null-conversion -Wobjc-literal-conversion -Wshorten-64-to-32 -Wpointer-sign -Wno-newline-eof -Wno-selector -Wno-strict-selector-match -Wundeclared-selector -Wdeprecated-implementations -Wno-implicit-fallthrough -fstrict-aliasing -Wprotocol -Wdeprecated-declarations -Wno-sign-conversion -Winfinite-recursion -Wcomma -Wblock-capture-autoreleasing -Wstrict-prototypes -Wno-semicolon-before-method-body -Wunguarded-availability @/Users/lekiaprosper/Library/Developer/Xcode/DerivedData/App-bmeqrztakkzxpkcqfdhhsyyyzbjg/Build/Intermediates.noindex/ArchiveIntermediates/App/IntermediateBuildFilesPath/Pods.build/Release-iphoneos/CapacitorCordova.build/Objects-normal/arm64/e6072d4f65d7061329687fe24e3d63a7-common-args.resp -include /Users/lekiaprosper/Documents/Dev/Connectize/Connectize-Frontend/ios/App/Pods/Target\ Support\ Files/CapacitorCordova/CapacitorCordova-prefix.pch -MMD -MT dependencies -MF /Users/lekiaprosper/Library/Developer/Xcode/DerivedData/App-bmeqrztakkzxpkcqfdhhsyyyzbjg/Build/Intermediates.noindex/ArchiveIntermediates/App/IntermediateBuildFilesPath/Pods.build/Release-iphoneos/CapacitorCordova.build/Objects-normal/arm64/CDVInvokedUrlCommand.d --serialize-diagnostics /Users/lekiaprosper/Library/Developer/Xcode/DerivedData/App-bmeqrztakkzxpkcqfdhhsyyyzbjg/Build/Intermediates.noindex/ArchiveIntermediates/App/IntermediateBuildFilesPath/Pods.build/Release-iphoneos/CapacitorCordova.build/Objects-normal/arm64/CDVInvokedUrlCommand.dia -c /Users/lekiaprosper/Documents/Dev/Connectize/Connectize-Frontend/node_modules/@capacitor/ios/CapacitorCordova/CapacitorCordova/Classes/Public/CDVInvokedUrlCommand.m -o /Users/lekiaprosper/Library/Developer/Xcode/DerivedData/App-bmeqrztakkzxpkcqfdhhsyyyzbjg/Build/Intermediates.noindex/ArchiveIntermediates/App/IntermediateBuildFilesPath/Pods.build/Release-iphoneos/CapacitorCordova.build/Objects-normal/arm64/CDVInvokedUrlCommand.o

ScanDependencies /Users/lekiaprosper/Library/Developer/Xcode/DerivedData/App-bmeqrztakkzxpkcqfdhhsyyyzbjg/Build/Intermediates.noindex/ArchiveIntermediates/App/IntermediateBuildFilesPath/Pods.build/Release-iphoneos/CapacitorCordova.build/Objects-normal/arm64/CDVConfigParser.o /Users/lekiaprosper/Documents/Dev/Connectize/Connectize-Frontend/node_modules/@capacitor/ios/CapacitorCordova/CapacitorCordova/Classes/Public/CDVConfigParser.m normal arm64 objective-c com.apple.compilers.llvm.clang.1_0.compiler (in target 'CapacitorCordova' from project 'Pods')
    cd /Users/lekiaprosper/Documents/Dev/Connectize/Connectize-Frontend/ios/App/Pods
    
    Using response file: /Users/lekiaprosper/Library/Developer/Xcode/DerivedData/App-bmeqrztakkzxpkcqfdhhsyyyzbjg/Build/Intermediates.noindex/ArchiveIntermediates/App/IntermediateBuildFilesPath/Pods.build/Release-iphoneos/CapacitorCordova.build/Objects-normal/arm64/e6072d4f65d7061329687fe24e3d63a7-common-args.resp
    
    builtin-ScanDependencies -o /Users/lekiaprosper/Library/Developer/Xcode/DerivedData/App-bmeqrztakkzxpkcqfdhhsyyyzbjg/Build/Intermediates.noindex/ArchiveIntermediates/App/IntermediateBuildFilesPath/Pods.build/Release-iphoneos/CapacitorCordova.build/Objects-normal/arm64/CDVConfigParser.o.scan -- /Applications/Xcode.app/Contents/Developer/Toolchains/XcodeDefault.xctoolchain/usr/bin/clang -x objective-c -ivfsstatcache /Users/lekiaprosper/Library/Developer/Xcode/DerivedData/SDKStatCaches.noindex/iphoneos26.0-23A339-81ce72e5b06c9602b9d30b56f2eed08a.sdkstatcache -fmessage-length\=0 -fdiagnostics-show-note-include-stack -fmacro-backtrace-limit\=0 -fno-color-diagnostics -fmodules-prune-interval\=86400 -fmodules-prune-after\=345600 -fbuild-session-file\=/Users/lekiaprosper/Library/Developer/Xcode/DerivedData/ModuleCache.noindex/Session.modulevalidation -fmodules-validate-once-per-build-session -Wnon-modular-include-in-framework-module -Werror\=non-modular-include-in-framework-module -Wno-trigraphs -Wno-missing-field-initializers -Wno-missing-prototypes -Werror\=return-type -Wdocumentation -Wunreachable-code -Wno-implicit-atomic-properties -Werror\=deprecated-objc-isa-usage -Wno-objc-interface-ivars -Werror\=objc-root-class -Wno-arc-repeated-use-of-weak -Wimplicit-retain-self -Wduplicate-method-match -Wno-missing-braces -Wparentheses -Wswitch -Wunused-function -Wno-unused-label -Wno-unused-parameter -Wunused-variable -Wunused-value -Wempty-body -Wuninitialized -Wconditional-uninitialized -Wno-unknown-pragmas -Wno-shadow -Wno-four-char-constants -Wno-conversion -Wconstant-conversion -Wint-conversion -Wbool-conversion -Wenum-conversion -Wno-float-conversion -Wnon-literal-null-conversion -Wobjc-literal-conversion -Wshorten-64-to-32 -Wpointer-sign -Wno-newline-eof -Wno-selector -Wno-strict-selector-match -Wundeclared-selector -Wdeprecated-implementations -Wno-implicit-fallthrough -fstrict-aliasing -Wprotocol -Wdeprecated-declarations -Wno-sign-conversion -Winfinite-recursion -Wcomma -Wblock-capture-autoreleasing -Wstrict-prototypes -Wno-semicolon-before-method-body -Wunguarded-availability @/Users/lekiaprosper/Library/Developer/Xcode/DerivedData/App-bmeqrztakkzxpkcqfdhhsyyyzbjg/Build/Intermediates.noindex/ArchiveIntermediates/App/IntermediateBuildFilesPath/Pods.build/Release-iphoneos/CapacitorCordova.build/Objects-normal/arm64/e6072d4f65d7061329687fe24e3d63a7-common-args.resp -include /Users/lekiaprosper/Documents/Dev/Connectize/Connectize-Frontend/ios/App/Pods/Target\ Support\ Files/CapacitorCordova/CapacitorCordova-prefix.pch -MMD -MT dependencies -MF /Users/lekiaprosper/Library/Developer/Xcode/DerivedData/App-bmeqrztakkzxpkcqfdhhsyyyzbjg/Build/Intermediates.noindex/ArchiveIntermediates/App/IntermediateBuildFilesPath/Pods.build/Release-iphoneos/CapacitorCordova.build/Objects-normal/arm64/CDVConfigParser.d --serialize-diagnostics /Users/lekiaprosper/Library/Developer/Xcode/DerivedData/App-bmeqrztakkzxpkcqfdhhsyyyzbjg/Build/Intermediates.noindex/ArchiveIntermediates/App/IntermediateBuildFilesPath/Pods.build/Release-iphoneos/CapacitorCordova.build/Objects-normal/arm64/CDVConfigParser.dia -c /Users/lekiaprosper/Documents/Dev/Connectize/Connectize-Frontend/node_modules/@capacitor/ios/CapacitorCordova/CapacitorCordova/Classes/Public/CDVConfigParser.m -o /Users/lekiaprosper/Library/Developer/Xcode/DerivedData/App-bmeqrztakkzxpkcqfdhhsyyyzbjg/Build/Intermediates.noindex/ArchiveIntermediates/App/IntermediateBuildFilesPath/Pods.build/Release-iphoneos/CapacitorCordova.build/Objects-normal/arm64/CDVConfigParser.o

ScanDependencies /Users/lekiaprosper/Library/Developer/Xcode/DerivedData/App-bmeqrztakkzxpkcqfdhhsyyyzbjg/Build/Intermediates.noindex/ArchiveIntermediates/App/IntermediateBuildFilesPath/Pods.build/Release-iphoneos/CapacitorCordova.build/Objects-normal/arm64/CDVCommandDelegateImpl.o /Users/lekiaprosper/Documents/Dev/Connectize/Connectize-Frontend/node_modules/@capacitor/ios/CapacitorCordova/CapacitorCordova/Classes/Public/CDVCommandDelegateImpl.m normal arm64 objective-c com.apple.compilers.llvm.clang.1_0.compiler (in target 'CapacitorCordova' from project 'Pods')
    cd /Users/lekiaprosper/Documents/Dev/Connectize/Connectize-Frontend/ios/App/Pods
    
    Using response file: /Users/lekiaprosper/Library/Developer/Xcode/DerivedData/App-bmeqrztakkzxpkcqfdhhsyyyzbjg/Build/Intermediates.noindex/ArchiveIntermediates/App/IntermediateBuildFilesPath/Pods.build/Release-iphoneos/CapacitorCordova.build/Objects-normal/arm64/e6072d4f65d7061329687fe24e3d63a7-common-args.resp
    
    builtin-ScanDependencies -o /Users/lekiaprosper/Library/Developer/Xcode/DerivedData/App-bmeqrztakkzxpkcqfdhhsyyyzbjg/Build/Intermediates.noindex/ArchiveIntermediates/App/IntermediateBuildFilesPath/Pods.build/Release-iphoneos/CapacitorCordova.build/Objects-normal/arm64/CDVCommandDelegateImpl.o.scan -- /Applications/Xcode.app/Contents/Developer/Toolchains/XcodeDefault.xctoolchain/usr/bin/clang -x objective-c -ivfsstatcache /Users/lekiaprosper/Library/Developer/Xcode/DerivedData/SDKStatCaches.noindex/iphoneos26.0-23A339-81ce72e5b06c9602b9d30b56f2eed08a.sdkstatcache -fmessage-length\=0 -fdiagnostics-show-note-include-stack -fmacro-backtrace-limit\=0 -fno-color-diagnostics -fmodules-prune-interval\=86400 -fmodules-prune-after\=345600 -fbuild-session-file\=/Users/lekiaprosper/Library/Developer/Xcode/DerivedData/ModuleCache.noindex/Session.modulevalidation -fmodules-validate-once-per-build-session -Wnon-modular-include-in-framework-module -Werror\=non-modular-include-in-framework-module -Wno-trigraphs -Wno-missing-field-initializers -Wno-missing-prototypes -Werror\=return-type -Wdocumentation -Wunreachable-code -Wno-implicit-atomic-properties -Werror\=deprecated-objc-isa-usage -Wno-objc-interface-ivars -Werror\=objc-root-class -Wno-arc-repeated-use-of-weak -Wimplicit-retain-self -Wduplicate-method-match -Wno-missing-braces -Wparentheses -Wswitch -Wunused-function -Wno-unused-label -Wno-unused-parameter -Wunused-variable -Wunused-value -Wempty-body -Wuninitialized -Wconditional-uninitialized -Wno-unknown-pragmas -Wno-shadow -Wno-four-char-constants -Wno-conversion -Wconstant-conversion -Wint-conversion -Wbool-conversion -Wenum-conversion -Wno-float-conversion -Wnon-literal-null-conversion -Wobjc-literal-conversion -Wshorten-64-to-32 -Wpointer-sign -Wno-newline-eof -Wno-selector -Wno-strict-selector-match -Wundeclared-selector -Wdeprecated-implementations -Wno-implicit-fallthrough -fstrict-aliasing -Wprotocol -Wdeprecated-declarations -Wno-sign-conversion -Winfinite-recursion -Wcomma -Wblock-capture-autoreleasing -Wstrict-prototypes -Wno-semicolon-before-method-body -Wunguarded-availability @/Users/lekiaprosper/Library/Developer/Xcode/DerivedData/App-bmeqrztakkzxpkcqfdhhsyyyzbjg/Build/Intermediates.noindex/ArchiveIntermediates/App/IntermediateBuildFilesPath/Pods.build/Release-iphoneos/CapacitorCordova.build/Objects-normal/arm64/e6072d4f65d7061329687fe24e3d63a7-common-args.resp -include /Users/lekiaprosper/Documents/Dev/Connectize/Connectize-Frontend/ios/App/Pods/Target\ Support\ Files/CapacitorCordova/CapacitorCordova-prefix.pch -MMD -MT dependencies -MF /Users/lekiaprosper/Library/Developer/Xcode/DerivedData/App-bmeqrztakkzxpkcqfdhhsyyyzbjg/Build/Intermediates.noindex/ArchiveIntermediates/App/IntermediateBuildFilesPath/Pods.build/Release-iphoneos/CapacitorCordova.build/Objects-normal/arm64/CDVCommandDelegateImpl.d --serialize-diagnostics /Users/lekiaprosper/Library/Developer/Xcode/DerivedData/App-bmeqrztakkzxpkcqfdhhsyyyzbjg/Build/Intermediates.noindex/ArchiveIntermediates/App/IntermediateBuildFilesPath/Pods.build/Release-iphoneos/CapacitorCordova.build/Objects-normal/arm64/CDVCommandDelegateImpl.dia -c /Users/lekiaprosper/Documents/Dev/Connectize/Connectize-Frontend/node_modules/@capacitor/ios/CapacitorCordova/CapacitorCordova/Classes/Public/CDVCommandDelegateImpl.m -o /Users/lekiaprosper/Library/Developer/Xcode/DerivedData/App-bmeqrztakkzxpkcqfdhhsyyyzbjg/Build/Intermediates.noindex/ArchiveIntermediates/App/IntermediateBuildFilesPath/Pods.build/Release-iphoneos/CapacitorCordova.build/Objects-normal/arm64/CDVCommandDelegateImpl.o

ScanDependencies /Users/lekiaprosper/Library/Developer/Xcode/DerivedData/App-bmeqrztakkzxpkcqfdhhsyyyzbjg/Build/Intermediates.noindex/ArchiveIntermediates/App/IntermediateBuildFilesPath/Pods.build/Release-iphoneos/CapacitorCordova.build/Objects-normal/arm64/AppDelegate.o /Users/lekiaprosper/Documents/Dev/Connectize/Connectize-Frontend/node_modules/@capacitor/ios/CapacitorCordova/CapacitorCordova/Classes/Public/AppDelegate.m normal arm64 objective-c com.apple.compilers.llvm.clang.1_0.compiler (in target 'CapacitorCordova' from project 'Pods')
    cd /Users/lekiaprosper/Documents/Dev/Connectize/Connectize-Frontend/ios/App/Pods
    
    Using response file: /Users/lekiaprosper/Library/Developer/Xcode/DerivedData/App-bmeqrztakkzxpkcqfdhhsyyyzbjg/Build/Intermediates.noindex/ArchiveIntermediates/App/IntermediateBuildFilesPath/Pods.build/Release-iphoneos/CapacitorCordova.build/Objects-normal/arm64/e6072d4f65d7061329687fe24e3d63a7-common-args.resp
    
    builtin-ScanDependencies -o /Users/lekiaprosper/Library/Developer/Xcode/DerivedData/App-bmeqrztakkzxpkcqfdhhsyyyzbjg/Build/Intermediates.noindex/ArchiveIntermediates/App/IntermediateBuildFilesPath/Pods.build/Release-iphoneos/CapacitorCordova.build/Objects-normal/arm64/AppDelegate.o.scan -- /Applications/Xcode.app/Contents/Developer/Toolchains/XcodeDefault.xctoolchain/usr/bin/clang -x objective-c -ivfsstatcache /Users/lekiaprosper/Library/Developer/Xcode/DerivedData/SDKStatCaches.noindex/iphoneos26.0-23A339-81ce72e5b06c9602b9d30b56f2eed08a.sdkstatcache -fmessage-length\=0 -fdiagnostics-show-note-include-stack -fmacro-backtrace-limit\=0 -fno-color-diagnostics -fmodules-prune-interval\=86400 -fmodules-prune-after\=345600 -fbuild-session-file\=/Users/lekiaprosper/Library/Developer/Xcode/DerivedData/ModuleCache.noindex/Session.modulevalidation -fmodules-validate-once-per-build-session -Wnon-modular-include-in-framework-module -Werror\=non-modular-include-in-framework-module -Wno-trigraphs -Wno-missing-field-initializers -Wno-missing-prototypes -Werror\=return-type -Wdocumentation -Wunreachable-code -Wno-implicit-atomic-properties -Werror\=deprecated-objc-isa-usage -Wno-objc-interface-ivars -Werror\=objc-root-class -Wno-arc-repeated-use-of-weak -Wimplicit-retain-self -Wduplicate-method-match -Wno-missing-braces -Wparentheses -Wswitch -Wunused-function -Wno-unused-label -Wno-unused-parameter -Wunused-variable -Wunused-value -Wempty-body -Wuninitialized -Wconditional-uninitialized -Wno-unknown-pragmas -Wno-shadow -Wno-four-char-constants -Wno-conversion -Wconstant-conversion -Wint-conversion -Wbool-conversion -Wenum-conversion -Wno-float-conversion -Wnon-literal-null-conversion -Wobjc-literal-conversion -Wshorten-64-to-32 -Wpointer-sign -Wno-newline-eof -Wno-selector -Wno-strict-selector-match -Wundeclared-selector -Wdeprecated-implementations -Wno-implicit-fallthrough -fstrict-aliasing -Wprotocol -Wdeprecated-declarations -Wno-sign-conversion -Winfinite-recursion -Wcomma -Wblock-capture-autoreleasing -Wstrict-prototypes -Wno-semicolon-before-method-body -Wunguarded-availability @/Users/lekiaprosper/Library/Developer/Xcode/DerivedData/App-bmeqrztakkzxpkcqfdhhsyyyzbjg/Build/Intermediates.noindex/ArchiveIntermediates/App/IntermediateBuildFilesPath/Pods.build/Release-iphoneos/CapacitorCordova.build/Objects-normal/arm64/e6072d4f65d7061329687fe24e3d63a7-common-args.resp -include /Users/lekiaprosper/Documents/Dev/Connectize/Connectize-Frontend/ios/App/Pods/Target\ Support\ Files/CapacitorCordova/CapacitorCordova-prefix.pch -MMD -MT dependencies -MF /Users/lekiaprosper/Library/Developer/Xcode/DerivedData/App-bmeqrztakkzxpkcqfdhhsyyyzbjg/Build/Intermediates.noindex/ArchiveIntermediates/App/IntermediateBuildFilesPath/Pods.build/Release-iphoneos/CapacitorCordova.build/Objects-normal/arm64/AppDelegate.d --serialize-diagnostics /Users/lekiaprosper/Library/Developer/Xcode/DerivedData/App-bmeqrztakkzxpkcqfdhhsyyyzbjg/Build/Intermediates.noindex/ArchiveIntermediates/App/IntermediateBuildFilesPath/Pods.build/Release-iphoneos/CapacitorCordova.build/Objects-normal/arm64/AppDelegate.dia -c /Users/lekiaprosper/Documents/Dev/Connectize/Connectize-Frontend/node_modules/@capacitor/ios/CapacitorCordova/CapacitorCordova/Classes/Public/AppDelegate.m -o /Users/lekiaprosper/Library/Developer/Xcode/DerivedData/App-bmeqrztakkzxpkcqfdhhsyyyzbjg/Build/Intermediates.noindex/ArchiveIntermediates/App/IntermediateBuildFilesPath/Pods.build/Release-iphoneos/CapacitorCordova.build/Objects-normal/arm64/AppDelegate.o

PrecompileModule /Users/lekiaprosper/Library/Developer/Xcode/DerivedData/App-bmeqrztakkzxpkcqfdhhsyyyzbjg/Build/Intermediates.noindex/ArchiveIntermediates/App/IntermediateBuildFilesPath/ExplicitPrecompiledModules/_Builtin_stdarg-DUNDPNBC5GNRGEMGDUWVOGQPG.scan
    cd /
    builtin-precompileModule /Users/lekiaprosper/Library/Developer/Xcode/DerivedData/App-bmeqrztakkzxpkcqfdhhsyyyzbjg/Build/Intermediates.noindex/ArchiveIntermediates/App/IntermediateBuildFilesPath/ExplicitPrecompiledModules/_Builtin_stdarg-DUNDPNBC5GNRGEMGDUWVOGQPG.scan

PrecompileModule /Users/lekiaprosper/Library/Developer/Xcode/DerivedData/App-bmeqrztakkzxpkcqfdhhsyyyzbjg/Build/Intermediates.noindex/ArchiveIntermediates/App/IntermediateBuildFilesPath/ExplicitPrecompiledModules/_AvailabilityInternal-CAJLELCAKSRV9GR0W85YUZ0VG.scan
    cd /
    builtin-precompileModule /Users/lekiaprosper/Library/Developer/Xcode/DerivedData/App-bmeqrztakkzxpkcqfdhhsyyyzbjg/Build/Intermediates.noindex/ArchiveIntermediates/App/IntermediateBuildFilesPath/ExplicitPrecompiledModules/_AvailabilityInternal-CAJLELCAKSRV9GR0W85YUZ0VG.scan

PrecompileModule /Users/lekiaprosper/Library/Developer/Xcode/DerivedData/App-bmeqrztakkzxpkcqfdhhsyyyzbjg/Build/Intermediates.noindex/ArchiveIntermediates/App/IntermediateBuildFilesPath/ExplicitPrecompiledModules/_Builtin_stddef-A55VRD4TKP5QZP4YUKOALIERT.scan
    cd /
    builtin-precompileModule /Users/lekiaprosper/Library/Developer/Xcode/DerivedData/App-bmeqrztakkzxpkcqfdhhsyyyzbjg/Build/Intermediates.noindex/ArchiveIntermediates/App/IntermediateBuildFilesPath/ExplicitPrecompiledModules/_Builtin_stddef-A55VRD4TKP5QZP4YUKOALIERT.scan

PrecompileModule /Users/lekiaprosper/Library/Developer/Xcode/DerivedData/App-bmeqrztakkzxpkcqfdhhsyyyzbjg/Build/Intermediates.noindex/ArchiveIntermediates/App/IntermediateBuildFilesPath/ExplicitPrecompiledModules/_Builtin_stdbool-E2VSKWLLE7UF40H6RRV3FTDM6.scan
    cd /
    builtin-precompileModule /Users/lekiaprosper/Library/Developer/Xcode/DerivedData/App-bmeqrztakkzxpkcqfdhhsyyyzbjg/Build/Intermediates.noindex/ArchiveIntermediates/App/IntermediateBuildFilesPath/ExplicitPrecompiledModules/_Builtin_stdbool-E2VSKWLLE7UF40H6RRV3FTDM6.scan

PrecompileModule /Users/lekiaprosper/Library/Developer/Xcode/DerivedData/App-bmeqrztakkzxpkcqfdhhsyyyzbjg/Build/Intermediates.noindex/ArchiveIntermediates/App/IntermediateBuildFilesPath/ExplicitPrecompiledModules/_Builtin_float-1B5WYVANOLX0GNABQ6MVE44TG.scan
    cd /
    builtin-precompileModule /Users/lekiaprosper/Library/Developer/Xcode/DerivedData/App-bmeqrztakkzxpkcqfdhhsyyyzbjg/Build/Intermediates.noindex/ArchiveIntermediates/App/IntermediateBuildFilesPath/ExplicitPrecompiledModules/_Builtin_float-1B5WYVANOLX0GNABQ6MVE44TG.scan

PrecompileModule /Users/lekiaprosper/Library/Developer/Xcode/DerivedData/App-bmeqrztakkzxpkcqfdhhsyyyzbjg/Build/Intermediates.noindex/ArchiveIntermediates/App/IntermediateBuildFilesPath/ExplicitPrecompiledModules/ptrcheck-85WW96FNYLC2L4F9L4XKUFUWZ.scan
    cd /
    builtin-precompileModule /Users/lekiaprosper/Library/Developer/Xcode/DerivedData/App-bmeqrztakkzxpkcqfdhhsyyyzbjg/Build/Intermediates.noindex/ArchiveIntermediates/App/IntermediateBuildFilesPath/ExplicitPrecompiledModules/ptrcheck-85WW96FNYLC2L4F9L4XKUFUWZ.scan

PrecompileModule /Users/lekiaprosper/Library/Developer/Xcode/DerivedData/App-bmeqrztakkzxpkcqfdhhsyyyzbjg/Build/Intermediates.noindex/ArchiveIntermediates/App/IntermediateBuildFilesPath/ExplicitPrecompiledModules/ptrauth-AFXGH7OV30AKEIU3Q2L60JF01.scan
    cd /
    builtin-precompileModule /Users/lekiaprosper/Library/Developer/Xcode/DerivedData/App-bmeqrztakkzxpkcqfdhhsyyyzbjg/Build/Intermediates.noindex/ArchiveIntermediates/App/IntermediateBuildFilesPath/ExplicitPrecompiledModules/ptrauth-AFXGH7OV30AKEIU3Q2L60JF01.scan

PrecompileModule /Users/lekiaprosper/Library/Developer/Xcode/DerivedData/App-bmeqrztakkzxpkcqfdhhsyyyzbjg/Build/Intermediates.noindex/ArchiveIntermediates/App/IntermediateBuildFilesPath/ExplicitPrecompiledModules/_DarwinFoundation1-4KUEHMLYX3RZIRTNDITRCOCMB.scan
    cd /
    builtin-precompileModule /Users/lekiaprosper/Library/Developer/Xcode/DerivedData/App-bmeqrztakkzxpkcqfdhhsyyyzbjg/Build/Intermediates.noindex/ArchiveIntermediates/App/IntermediateBuildFilesPath/ExplicitPrecompiledModules/_DarwinFoundation1-4KUEHMLYX3RZIRTNDITRCOCMB.scan

PrecompileModule /Users/lekiaprosper/Library/Developer/Xcode/DerivedData/App-bmeqrztakkzxpkcqfdhhsyyyzbjg/Build/Intermediates.noindex/ArchiveIntermediates/App/IntermediateBuildFilesPath/ExplicitPrecompiledModules/_DarwinFoundation2-EUUYQKNACR09N4ATRM3XUN4W7.scan
    cd /
    builtin-precompileModule /Users/lekiaprosper/Library/Developer/Xcode/DerivedData/App-bmeqrztakkzxpkcqfdhhsyyyzbjg/Build/Intermediates.noindex/ArchiveIntermediates/App/IntermediateBuildFilesPath/ExplicitPrecompiledModules/_DarwinFoundation2-EUUYQKNACR09N4ATRM3XUN4W7.scan

PrecompileModule /Users/lekiaprosper/Library/Developer/Xcode/DerivedData/App-bmeqrztakkzxpkcqfdhhsyyyzbjg/Build/Intermediates.noindex/ArchiveIntermediates/App/IntermediateBuildFilesPath/ExplicitPrecompiledModules/_Builtin_limits-AKB6AGOBSAAIZDA6A9FDCTXD6.scan
    cd /
    builtin-precompileModule /Users/lekiaprosper/Library/Developer/Xcode/DerivedData/App-bmeqrztakkzxpkcqfdhhsyyyzbjg/Build/Intermediates.noindex/ArchiveIntermediates/App/IntermediateBuildFilesPath/ExplicitPrecompiledModules/_Builtin_limits-AKB6AGOBSAAIZDA6A9FDCTXD6.scan

PrecompileModule /Users/lekiaprosper/Library/Developer/Xcode/DerivedData/App-bmeqrztakkzxpkcqfdhhsyyyzbjg/Build/Intermediates.noindex/ArchiveIntermediates/App/IntermediateBuildFilesPath/ExplicitPrecompiledModules/_Builtin_stdint-2MFJO5ABSHSCLODEQTEVR78EY.scan
    cd /
    builtin-precompileModule /Users/lekiaprosper/Library/Developer/Xcode/DerivedData/App-bmeqrztakkzxpkcqfdhhsyyyzbjg/Build/Intermediates.noindex/ArchiveIntermediates/App/IntermediateBuildFilesPath/ExplicitPrecompiledModules/_Builtin_stdint-2MFJO5ABSHSCLODEQTEVR78EY.scan

PrecompileModule /Users/lekiaprosper/Library/Developer/Xcode/DerivedData/App-bmeqrztakkzxpkcqfdhhsyyyzbjg/Build/Intermediates.noindex/ArchiveIntermediates/App/IntermediateBuildFilesPath/ExplicitPrecompiledModules/_DarwinFoundation3-4YRPUXP87RA0TA9N3WDH6D7F6.scan
    cd /
    builtin-precompileModule /Users/lekiaprosper/Library/Developer/Xcode/DerivedData/App-bmeqrztakkzxpkcqfdhhsyyyzbjg/Build/Intermediates.noindex/ArchiveIntermediates/App/IntermediateBuildFilesPath/ExplicitPrecompiledModules/_DarwinFoundation3-4YRPUXP87RA0TA9N3WDH6D7F6.scan

PrecompileModule /Users/lekiaprosper/Library/Developer/Xcode/DerivedData/App-bmeqrztakkzxpkcqfdhhsyyyzbjg/Build/Intermediates.noindex/ArchiveIntermediates/App/IntermediateBuildFilesPath/ExplicitPrecompiledModules/_Builtin_inttypes-79DZUFHYP3V8HOHNDO5OBEV3R.scan
    cd /
    builtin-precompileModule /Users/lekiaprosper/Library/Developer/Xcode/DerivedData/App-bmeqrztakkzxpkcqfdhhsyyyzbjg/Build/Intermediates.noindex/ArchiveIntermediates/App/IntermediateBuildFilesPath/ExplicitPrecompiledModules/_Builtin_inttypes-79DZUFHYP3V8HOHNDO5OBEV3R.scan

PrecompileModule /Users/lekiaprosper/Library/Developer/Xcode/DerivedData/App-bmeqrztakkzxpkcqfdhhsyyyzbjg/Build/Intermediates.noindex/ArchiveIntermediates/App/IntermediateBuildFilesPath/ExplicitPrecompiledModules/Darwin-3LZG8ELOV82OB5OPCCIHJXNNK.scan
    cd /
    builtin-precompileModule /Users/lekiaprosper/Library/Developer/Xcode/DerivedData/App-bmeqrztakkzxpkcqfdhhsyyyzbjg/Build/Intermediates.noindex/ArchiveIntermediates/App/IntermediateBuildFilesPath/ExplicitPrecompiledModules/Darwin-3LZG8ELOV82OB5OPCCIHJXNNK.scan

SwiftDriver\ Compilation Capacitor normal arm64 com.apple.xcode.tools.swift.compiler (in target 'Capacitor' from project 'Pods')
    cd /Users/lekiaprosper/Documents/Dev/Connectize/Connectize-Frontend/ios/App/Pods
    builtin-Swift-Compilation -- /Applications/Xcode.app/Contents/Developer/Toolchains/XcodeDefault.xctoolchain/usr/bin/swiftc -disable-bridging-pch -module-name Capacitor -Onone -whole-module-optimization -enforce-exclusivity\=checked @/Users/lekiaprosper/Library/Developer/Xcode/DerivedData/App-bmeqrztakkzxpkcqfdhhsyyyzbjg/Build/Intermediates.noindex/ArchiveIntermediates/App/IntermediateBuildFilesPath/Pods.build/Release-iphoneos/Capacitor.build/Objects-normal/arm64/Capacitor.SwiftFileList -D COCOAPODS -enable-bare-slash-regex -enable-experimental-feature DebugDescriptionMacro -sdk /Applications/Xcode.app/Contents/Developer/Platforms/iPhoneOS.platform/Developer/SDKs/iPhoneOS26.0.sdk -target arm64-apple-ios14.0 -g -module-cache-path /Users/lekiaprosper/Library/Developer/Xcode/DerivedData/ModuleCache.noindex -Xfrontend -serialize-debugging-options -suppress-warnings -swift-version 5 -I /Users/lekiaprosper/Library/Developer/Xcode/DerivedData/App-bmeqrztakkzxpkcqfdhhsyyyzbjg/Build/Intermediates.noindex/ArchiveIntermediates/App/BuildProductsPath/Release-iphoneos/Capacitor -F /Users/lekiaprosper/Library/Developer/Xcode/DerivedData/App-bmeqrztakkzxpkcqfdhhsyyyzbjg/Build/Intermediates.noindex/ArchiveIntermediates/App/BuildProductsPath/Release-iphoneos/Capacitor -F /Users/lekiaprosper/Library/Developer/Xcode/DerivedData/App-bmeqrztakkzxpkcqfdhhsyyyzbjg/Build/Intermediates.noindex/ArchiveIntermediates/App/BuildProductsPath/Release-iphoneos/CapacitorCordova -c -num-threads 10 -Xcc -ivfsstatcache -Xcc /Users/lekiaprosper/Library/Developer/Xcode/DerivedData/SDKStatCaches.noindex/iphoneos26.0-23A339-81ce72e5b06c9602b9d30b56f2eed08a.sdkstatcache -output-file-map /Users/lekiaprosper/Library/Developer/Xcode/DerivedData/App-bmeqrztakkzxpkcqfdhhsyyyzbjg/Build/Intermediates.noindex/ArchiveIntermediates/App/IntermediateBuildFilesPath/Pods.build/Release-iphoneos/Capacitor.build/Objects-normal/arm64/Capacitor-OutputFileMap.json -use-frontend-parseable-output -save-temps -no-color-diagnostics -explicit-module-build -module-cache-path /Users/lekiaprosper/Library/Developer/Xcode/DerivedData/App-bmeqrztakkzxpkcqfdhhsyyyzbjg/Build/Intermediates.noindex/ArchiveIntermediates/App/IntermediateBuildFilesPath/SwiftExplicitPrecompiledModules -clang-scanner-module-cache-path /Users/lekiaprosper/Library/Developer/Xcode/DerivedData/ModuleCache.noindex -sdk-module-cache-path /Users/lekiaprosper/Library/Developer/Xcode/DerivedData/ModuleCache.noindex -serialize-diagnostics -emit-dependencies -emit-module -emit-module-path /Users/lekiaprosper/Library/Developer/Xcode/DerivedData/App-bmeqrztakkzxpkcqfdhhsyyyzbjg/Build/Intermediates.noindex/ArchiveIntermediates/App/IntermediateBuildFilesPath/Pods.build/Release-iphoneos/Capacitor.build/Objects-normal/arm64/Capacitor.swiftmodule -validate-clang-modules-once -clang-build-session-file /Users/lekiaprosper/Library/Developer/Xcode/DerivedData/ModuleCache.noindex/Session.modulevalidation -Xcc -I/Users/lekiaprosper/Library/Developer/Xcode/DerivedData/App-bmeqrztakkzxpkcqfdhhsyyyzbjg/Build/Intermediates.noindex/ArchiveIntermediates/App/IntermediateBuildFilesPath/Pods.build/Release-iphoneos/Capacitor.build/swift-overrides.hmap -emit-const-values -Xfrontend -const-gather-protocols-file -Xfrontend /Users/lekiaprosper/Library/Developer/Xcode/DerivedData/App-bmeqrztakkzxpkcqfdhhsyyyzbjg/Build/Intermediates.noindex/ArchiveIntermediates/App/IntermediateBuildFilesPath/Pods.build/Release-iphoneos/Capacitor.build/Objects-normal/arm64/Capacitor_const_extract_protocols.json -Xcc -iquote -Xcc /Users/lekiaprosper/Library/Developer/Xcode/DerivedData/App-bmeqrztakkzxpkcqfdhhsyyyzbjg/Build/Intermediates.noindex/ArchiveIntermediates/App/IntermediateBuildFilesPath/Pods.build/Release-iphoneos/Capacitor.build/Capacitor-generated-files.hmap -Xcc -I/Users/lekiaprosper/Library/Developer/Xcode/DerivedData/App-bmeqrztakkzxpkcqfdhhsyyyzbjg/Build/Intermediates.noindex/ArchiveIntermediates/App/IntermediateBuildFilesPath/Pods.build/Release-iphoneos/Capacitor.build/Capacitor-own-target-headers.hmap -Xcc -I/Users/lekiaprosper/Library/Developer/Xcode/DerivedData/App-bmeqrztakkzxpkcqfdhhsyyyzbjg/Build/Intermediates.noindex/ArchiveIntermediates/App/IntermediateBuildFilesPath/Pods.build/Release-iphoneos/Capacitor.build/Capacitor-all-non-framework-target-headers.hmap -Xcc -ivfsoverlay -Xcc /Users/lekiaprosper/Library/Developer/Xcode/DerivedData/App-bmeqrztakkzxpkcqfdhhsyyyzbjg/Build/Intermediates.noindex/ArchiveIntermediates/App/IntermediateBuildFilesPath/Pods.build/Release-iphoneos/Pods-8699adb1dd336b26511df848a716bd42-VFS-iphoneos/all-product-headers.yaml -Xcc -iquote -Xcc /Users/lekiaprosper/Library/Developer/Xcode/DerivedData/App-bmeqrztakkzxpkcqfdhhsyyyzbjg/Build/Intermediates.noindex/ArchiveIntermediates/App/IntermediateBuildFilesPath/Pods.build/Release-iphoneos/Capacitor.build/Capacitor-project-headers.hmap -Xcc -I/Users/lekiaprosper/Library/Developer/Xcode/DerivedData/App-bmeqrztakkzxpkcqfdhhsyyyzbjg/Build/Intermediates.noindex/ArchiveIntermediates/App/BuildProductsPath/Release-iphoneos/Capacitor/include -Xcc -I/Users/lekiaprosper/Library/Developer/Xcode/DerivedData/App-bmeqrztakkzxpkcqfdhhsyyyzbjg/Build/Intermediates.noindex/ArchiveIntermediates/App/IntermediateBuildFilesPath/Pods.build/Release-iphoneos/Capacitor.build/DerivedSources-normal/arm64 -Xcc -I/Users/lekiaprosper/Library/Developer/Xcode/DerivedData/App-bmeqrztakkzxpkcqfdhhsyyyzbjg/Build/Intermediates.noindex/ArchiveIntermediates/App/IntermediateBuildFilesPath/Pods.build/Release-iphoneos/Capacitor.build/DerivedSources/arm64 -Xcc -I/Users/lekiaprosper/Library/Developer/Xcode/DerivedData/App-bmeqrztakkzxpkcqfdhhsyyyzbjg/Build/Intermediates.noindex/ArchiveIntermediates/App/IntermediateBuildFilesPath/Pods.build/Release-iphoneos/Capacitor.build/DerivedSources -Xcc -DPOD_CONFIGURATION_RELEASE\=1 -Xcc -DCOCOAPODS\=1 -emit-objc-header -emit-objc-header-path /Users/lekiaprosper/Library/Developer/Xcode/DerivedData/App-bmeqrztakkzxpkcqfdhhsyyyzbjg/Build/Intermediates.noindex/ArchiveIntermediates/App/IntermediateBuildFilesPath/Pods.build/Release-iphoneos/Capacitor.build/Objects-normal/arm64/Capacitor-Swift.h -import-underlying-module -Xcc -ivfsoverlay -Xcc /Users/lekiaprosper/Library/Developer/Xcode/DerivedData/App-bmeqrztakkzxpkcqfdhhsyyyzbjg/Build/Intermediates.noindex/ArchiveIntermediates/App/IntermediateBuildFilesPath/Pods.build/Release-iphoneos/Capacitor.build/unextended-module-overlay.yaml -working-directory /Users/lekiaprosper/Documents/Dev/Connectize/Connectize-Frontend/ios/App/Pods -no-emit-module-separately-wmo

SwiftExplicitDependencyGeneratePcm arm64 /Users/lekiaprosper/Library/Developer/Xcode/DerivedData/App-bmeqrztakkzxpkcqfdhhsyyyzbjg/Build/Intermediates.noindex/ArchiveIntermediates/App/IntermediateBuildFilesPath/SwiftExplicitPrecompiledModules/Cordova-547I3L5LSEC73LF58X8C9JHZF.pcm
<module-includes>:1:9: note: in file included from <module-includes>:1:
1 | #import "Headers/CapacitorCordova.h"
  |         `- note: in file included from <module-includes>:1:
2 | 

/Users/lekiaprosper/Documents/Dev/Connectize/Connectize-Frontend/node_modules/@capacitor/ios/CapacitorCordova/CapacitorCordova/CapacitorCordova.h:10:9: note: in file included from /Users/lekiaprosper/Documents/Dev/Connectize/Connectize-Frontend/node_modules/@capacitor/ios/CapacitorCordova/CapacitorCordova/CapacitorCordova.h:10:
 8 | 
 9 | #import <Cordova/AppDelegate.h>
10 | #import <Cordova/CDV.h>
   |         `- note: in file included from /Users/lekiaprosper/Documents/Dev/Connectize/Connectize-Frontend/node_modules/@capacitor/ios/CapacitorCordova/CapacitorCordova/CapacitorCordova.h:10:
11 | #import <Cordova/CDVAvailability.h>
12 | #import <Cordova/CDVCommandDelegate.h>

/Users/lekiaprosper/Documents/Dev/Connectize/Connectize-Frontend/node_modules/@capacitor/ios/CapacitorCordova/CapacitorCordova/Classes/Public/CDV.h:28:9: note: in file included from /Users/lekiaprosper/Documents/Dev/Connectize/Connectize-Frontend/node_modules/@capacitor/ios/CapacitorCordova/CapacitorCordova/Classes/Public/CDV.h:28:
26 | #import "CDVURLProtocol.h"
27 | #import "CDVScreenOrientationDelegate.h"
28 | #import "CDVWebViewProcessPoolFactory.h"
   |         `- note: in file included from /Users/lekiaprosper/Documents/Dev/Connectize/Connectize-Frontend/node_modules/@capacitor/ios/CapacitorCordova/CapacitorCordova/Classes/Public/CDV.h:28:
29 | 

/Users/lekiaprosper/Documents/Dev/Connectize/Connectize-Frontend/node_modules/@capacitor/ios/CapacitorCordova/CapacitorCordova/Classes/Public/CDVWebViewProcessPoolFactory.h:23:31: warning: 'WKProcessPool' is deprecated: first deprecated in iOS 15.0 - Creating and using multiple instances of WKProcessPool no longer has any effect.
21 | 
22 | @interface CDVWebViewProcessPoolFactory : NSObject
23 | @property (nonatomic, retain) WKProcessPool* sharedPool;
   |                               `- warning: 'WKProcessPool' is deprecated: first deprecated in iOS 15.0 - Creating and using multiple instances of WKProcessPool no longer has any effect.
24 | 
25 | +(instancetype) sharedFactory;

/Applications/Xcode.app/Contents/Developer/Platforms/iPhoneOS.platform/Developer/SDKs/iPhoneOS26.0.sdk/System/Library/Frameworks/WebKit.framework/Headers/WKProcessPool.h:38:12: note: 'WKProcessPool' has been explicitly marked deprecated here
36 | WK_SWIFT_UI_ACTOR
37 | WK_EXTERN API_DEPRECATED("Creating and using multiple instances of WKProcessPool no longer has any effect.", macos(10.10, 12.0), ios(8.0, 15.0), visionos(1.0, 1.0))
38 | @interface WKProcessPool : NSObject <NSSecureCoding>
   |            `- note: 'WKProcessPool' has been explicitly marked deprecated here
39 | @end
40 | 

<module-includes>:1:9: note: in file included from <module-includes>:1:
1 | #import "Headers/CapacitorCordova.h"
  |         `- note: in file included from <module-includes>:1:
2 | 

/Users/lekiaprosper/Documents/Dev/Connectize/Connectize-Frontend/node_modules/@capacitor/ios/CapacitorCordova/CapacitorCordova/CapacitorCordova.h:10:9: note: in file included from /Users/lekiaprosper/Documents/Dev/Connectize/Connectize-Frontend/node_modules/@capacitor/ios/CapacitorCordova/CapacitorCordova/CapacitorCordova.h:10:
 8 | 
 9 | #import <Cordova/AppDelegate.h>
10 | #import <Cordova/CDV.h>
   |         `- note: in file included from /Users/lekiaprosper/Documents/Dev/Connectize/Connectize-Frontend/node_modules/@capacitor/ios/CapacitorCordova/CapacitorCordova/CapacitorCordova.h:10:
11 | #import <Cordova/CDVAvailability.h>
12 | #import <Cordova/CDVCommandDelegate.h>

/Users/lekiaprosper/Documents/Dev/Connectize/Connectize-Frontend/node_modules/@capacitor/ios/CapacitorCordova/CapacitorCordova/Classes/Public/CDV.h:28:9: note: in file included from /Users/lekiaprosper/Documents/Dev/Connectize/Connectize-Frontend/node_modules/@capacitor/ios/CapacitorCordova/CapacitorCordova/Classes/Public/CDV.h:28:
26 | #import "CDVURLProtocol.h"
27 | #import "CDVScreenOrientationDelegate.h"
28 | #import "CDVWebViewProcessPoolFactory.h"
   |         `- note: in file included from /Users/lekiaprosper/Documents/Dev/Connectize/Connectize-Frontend/node_modules/@capacitor/ios/CapacitorCordova/CapacitorCordova/Classes/Public/CDV.h:28:
29 | 

2 warnings generated.
/Users/lekiaprosper/Documents/Dev/Connectize/Connectize-Frontend/node_modules/@capacitor/ios/CapacitorCordova/CapacitorCordova/Classes/Public/CDVWebViewProcessPoolFactory.h:26:3: warning: 'WKProcessPool' is deprecated: first deprecated in iOS 15.0 - Creating and using multiple instances of WKProcessPool no longer has any effect.
24 | 
25 | +(instancetype) sharedFactory;
26 | -(WKProcessPool*) sharedProcessPool;
   |   `- warning: 'WKProcessPool' is deprecated: first deprecated in iOS 15.0 - Creating and using multiple instances of WKProcessPool no longer has any effect.
27 | @end
28 | 

/Applications/Xcode.app/Contents/Developer/Platforms/iPhoneOS.platform/Developer/SDKs/iPhoneOS26.0.sdk/System/Library/Frameworks/WebKit.framework/Headers/WKProcessPool.h:38:12: note: 'WKProcessPool' has been explicitly marked deprecated here
36 | WK_SWIFT_UI_ACTOR
37 | WK_EXTERN API_DEPRECATED("Creating and using multiple instances of WKProcessPool no longer has any effect.", macos(10.10, 12.0), ios(8.0, 15.0), visionos(1.0, 1.0))
38 | @interface WKProcessPool : NSObject <NSSecureCoding>
   |            `- note: 'WKProcessPool' has been explicitly marked deprecated here
39 | @end
40 | 

PrecompileModule /Users/lekiaprosper/Library/Developer/Xcode/DerivedData/App-bmeqrztakkzxpkcqfdhhsyyyzbjg/Build/Intermediates.noindex/ArchiveIntermediates/App/IntermediateBuildFilesPath/ExplicitPrecompiledModules/ObjectiveC-28IDFZJ3XTEON31OCNHOR7C2B.scan
    cd /
    builtin-precompileModule /Users/lekiaprosper/Library/Developer/Xcode/DerivedData/App-bmeqrztakkzxpkcqfdhhsyyyzbjg/Build/Intermediates.noindex/ArchiveIntermediates/App/IntermediateBuildFilesPath/ExplicitPrecompiledModules/ObjectiveC-28IDFZJ3XTEON31OCNHOR7C2B.scan

PrecompileModule /Users/lekiaprosper/Library/Developer/Xcode/DerivedData/App-bmeqrztakkzxpkcqfdhhsyyyzbjg/Build/Intermediates.noindex/ArchiveIntermediates/App/IntermediateBuildFilesPath/ExplicitPrecompiledModules/os_object-7W2FFFD48DJBYMAPXV4BR4UEX.scan
    cd /
    builtin-precompileModule /Users/lekiaprosper/Library/Developer/Xcode/DerivedData/App-bmeqrztakkzxpkcqfdhhsyyyzbjg/Build/Intermediates.noindex/ArchiveIntermediates/App/IntermediateBuildFilesPath/ExplicitPrecompiledModules/os_object-7W2FFFD48DJBYMAPXV4BR4UEX.scan

PrecompileModule /Users/lekiaprosper/Library/Developer/Xcode/DerivedData/App-bmeqrztakkzxpkcqfdhhsyyyzbjg/Build/Intermediates.noindex/ArchiveIntermediates/App/IntermediateBuildFilesPath/ExplicitPrecompiledModules/os_workgroup-9LQVQWT7L1HSHVND2TA5PG6AN.scan
    cd /
    builtin-precompileModule /Users/lekiaprosper/Library/Developer/Xcode/DerivedData/App-bmeqrztakkzxpkcqfdhhsyyyzbjg/Build/Intermediates.noindex/ArchiveIntermediates/App/IntermediateBuildFilesPath/ExplicitPrecompiledModules/os_workgroup-9LQVQWT7L1HSHVND2TA5PG6AN.scan

PrecompileModule /Users/lekiaprosper/Library/Developer/Xcode/DerivedData/App-bmeqrztakkzxpkcqfdhhsyyyzbjg/Build/Intermediates.noindex/ArchiveIntermediates/App/IntermediateBuildFilesPath/ExplicitPrecompiledModules/Dispatch-9ELLWVBL6GMQLFO3YI3IY31V7.scan
    cd /
    builtin-precompileModule /Users/lekiaprosper/Library/Developer/Xcode/DerivedData/App-bmeqrztakkzxpkcqfdhhsyyyzbjg/Build/Intermediates.noindex/ArchiveIntermediates/App/IntermediateBuildFilesPath/ExplicitPrecompiledModules/Dispatch-9ELLWVBL6GMQLFO3YI3IY31V7.scan

PrecompileModule /Users/lekiaprosper/Library/Developer/Xcode/DerivedData/App-bmeqrztakkzxpkcqfdhhsyyyzbjg/Build/Intermediates.noindex/ArchiveIntermediates/App/IntermediateBuildFilesPath/ExplicitPrecompiledModules/XPC-AL4FD3P06YUAVKKE5W2Z1H4SR.scan
    cd /
    builtin-precompileModule /Users/lekiaprosper/Library/Developer/Xcode/DerivedData/App-bmeqrztakkzxpkcqfdhhsyyyzbjg/Build/Intermediates.noindex/ArchiveIntermediates/App/IntermediateBuildFilesPath/ExplicitPrecompiledModules/XPC-AL4FD3P06YUAVKKE5W2Z1H4SR.scan

PrecompileModule /Users/lekiaprosper/Library/Developer/Xcode/DerivedData/App-bmeqrztakkzxpkcqfdhhsyyyzbjg/Build/Intermediates.noindex/ArchiveIntermediates/App/IntermediateBuildFilesPath/ExplicitPrecompiledModules/dnssd-AOCQIEUU8YAXXS5G3NHOLFYTV.scan
    cd /
    builtin-precompileModule /Users/lekiaprosper/Library/Developer/Xcode/DerivedData/App-bmeqrztakkzxpkcqfdhhsyyyzbjg/Build/Intermediates.noindex/ArchiveIntermediates/App/IntermediateBuildFilesPath/ExplicitPrecompiledModules/dnssd-AOCQIEUU8YAXXS5G3NHOLFYTV.scan

PrecompileModule /Users/lekiaprosper/Library/Developer/Xcode/DerivedData/App-bmeqrztakkzxpkcqfdhhsyyyzbjg/Build/Intermediates.noindex/ArchiveIntermediates/App/IntermediateBuildFilesPath/ExplicitPrecompiledModules/CoreFoundation-7C6P1P4WXCH8WAXXEML6BNP31.scan
    cd /
    builtin-precompileModule /Users/lekiaprosper/Library/Developer/Xcode/DerivedData/App-bmeqrztakkzxpkcqfdhhsyyyzbjg/Build/Intermediates.noindex/ArchiveIntermediates/App/IntermediateBuildFilesPath/ExplicitPrecompiledModules/CoreFoundation-7C6P1P4WXCH8WAXXEML6BNP31.scan

SwiftExplicitDependencyGeneratePcm arm64 /Users/lekiaprosper/Library/Developer/Xcode/DerivedData/App-bmeqrztakkzxpkcqfdhhsyyyzbjg/Build/Intermediates.noindex/ArchiveIntermediates/App/IntermediateBuildFilesPath/SwiftExplicitPrecompiledModules/Capacitor-5OWCTQM1ELUZ0R8ZPNHLMNYF2.pcm

PrecompileModule /Users/lekiaprosper/Library/Developer/Xcode/DerivedData/App-bmeqrztakkzxpkcqfdhhsyyyzbjg/Build/Intermediates.noindex/ArchiveIntermediates/App/IntermediateBuildFilesPath/ExplicitPrecompiledModules/CoreServices-1SJST9ZX3HIH410WPR9DOLBKF.scan
    cd /
    builtin-precompileModule /Users/lekiaprosper/Library/Developer/Xcode/DerivedData/App-bmeqrztakkzxpkcqfdhhsyyyzbjg/Build/Intermediates.noindex/ArchiveIntermediates/App/IntermediateBuildFilesPath/ExplicitPrecompiledModules/CoreServices-1SJST9ZX3HIH410WPR9DOLBKF.scan

PrecompileModule /Users/lekiaprosper/Library/Developer/Xcode/DerivedData/App-bmeqrztakkzxpkcqfdhhsyyyzbjg/Build/Intermediates.noindex/ArchiveIntermediates/App/IntermediateBuildFilesPath/ExplicitPrecompiledModules/CoreGraphics-16UR4YKPYF4NW39DQJJD9AMK7.scan
    cd /
    builtin-precompileModule /Users/lekiaprosper/Library/Developer/Xcode/DerivedData/App-bmeqrztakkzxpkcqfdhhsyyyzbjg/Build/Intermediates.noindex/ArchiveIntermediates/App/IntermediateBuildFilesPath/ExplicitPrecompiledModules/CoreGraphics-16UR4YKPYF4NW39DQJJD9AMK7.scan

PrecompileModule /Users/lekiaprosper/Library/Developer/Xcode/DerivedData/App-bmeqrztakkzxpkcqfdhhsyyyzbjg/Build/Intermediates.noindex/ArchiveIntermediates/App/IntermediateBuildFilesPath/ExplicitPrecompiledModules/CFNetwork-6OQSEQI5816759649HGSGJXH4.scan
    cd /
    builtin-precompileModule /Users/lekiaprosper/Library/Developer/Xcode/DerivedData/App-bmeqrztakkzxpkcqfdhhsyyyzbjg/Build/Intermediates.noindex/ArchiveIntermediates/App/IntermediateBuildFilesPath/ExplicitPrecompiledModules/CFNetwork-6OQSEQI5816759649HGSGJXH4.scan

PrecompileModule /Users/lekiaprosper/Library/Developer/Xcode/DerivedData/App-bmeqrztakkzxpkcqfdhhsyyyzbjg/Build/Intermediates.noindex/ArchiveIntermediates/App/IntermediateBuildFilesPath/ExplicitPrecompiledModules/Security-E8JON74TWS1ZIMKY4SBKE3B5Y.scan
    cd /
    builtin-precompileModule /Users/lekiaprosper/Library/Developer/Xcode/DerivedData/App-bmeqrztakkzxpkcqfdhhsyyyzbjg/Build/Intermediates.noindex/ArchiveIntermediates/App/IntermediateBuildFilesPath/ExplicitPrecompiledModules/Security-E8JON74TWS1ZIMKY4SBKE3B5Y.scan

SwiftCompile normal arm64 Compiling\ AppUUID.swift,\ Array+Capacitor.swift,\ CapacitorBridge.swift,\ CapacitorCookieManager.swift,\ CapacitorCookies.swift,\ CapacitorExtension.swift,\ CapacitorHttp.swift,\ CapacitorUrlRequest.swift,\ CAPApplicationDelegateProxy.swift,\ CAPBridge.swift,\ CAPBridgeDelegate.swift,\ CAPBridgedPlugin+getMethod.swift,\ CAPBridgeProtocol.swift,\ CAPBridgeViewController.swift,\ CAPFile.swift,\ CAPInstanceConfiguration.swift,\ CAPInstanceDescriptor.swift,\ CAPInstancePlugin.swift,\ CAPLog.swift,\ CAPNotifications.swift,\ CAPPlugin+LoadInstance.swift,\ CAPPluginCall.swift,\ CAPPluginMethod.swift,\ Console.swift,\ Data+Capacitor.swift,\ DocLinks.swift,\ HttpRequestHandler.swift,\ JS.swift,\ JSExport.swift,\ JSTypes.swift,\ JSValueDecoder.swift,\ JSValueEncoder.swift,\ KeyPath.swift,\ KeyValueStore.swift,\ NotificationHandlerProtocol.swift,\ NotificationRouter.swift,\ PluginCallResult.swift,\ PluginConfig.swift,\ Router.swift,\ TmpViewController.swift,\ UIColor.swift,\ WebView.swift,\ WebViewAssetHandler.swift,\ WebViewDelegationHandler.swift,\ WKWebView+Capacitor.swift /Users/lekiaprosper/Documents/Dev/Connectize/Connectize-Frontend/node_modules/@capacitor/ios/Capacitor/Capacitor/AppUUID.swift /Users/lekiaprosper/Documents/Dev/Connectize/Connectize-Frontend/node_modules/@capacitor/ios/Capacitor/Capacitor/Array+Capacitor.swift /Users/lekiaprosper/Documents/Dev/Connectize/Connectize-Frontend/node_modules/@capacitor/ios/Capacitor/Capacitor/CapacitorBridge.swift /Users/lekiaprosper/Documents/Dev/Connectize/Connectize-Frontend/node_modules/@capacitor/ios/Capacitor/Capacitor/Plugins/CapacitorCookieManager.swift /Users/lekiaprosper/Documents/Dev/Connectize/Connectize-Frontend/node_modules/@capacitor/ios/Capacitor/Capacitor/Plugins/CapacitorCookies.swift /Users/lekiaprosper/Documents/Dev/Connectize/Connectize-Frontend/node_modules/@capacitor/ios/Capacitor/Capacitor/CapacitorExtension.swift /Users/lekiaprosper/Documents/Dev/Connectize/Connectize-Frontend/node_modules/@capacitor/ios/Capacitor/Capacitor/Plugins/CapacitorHttp.swift /Users/lekiaprosper/Documents/Dev/Connectize/Connectize-Frontend/node_modules/@capacitor/ios/Capacitor/Capacitor/Plugins/CapacitorUrlRequest.swift /Users/lekiaprosper/Documents/Dev/Connectize/Connectize-Frontend/node_modules/@capacitor/ios/Capacitor/Capacitor/CAPApplicationDelegateProxy.swift /Users/lekiaprosper/Documents/Dev/Connectize/Connectize-Frontend/node_modules/@capacitor/ios/Capacitor/Capacitor/CAPBridge.swift /Users/lekiaprosper/Documents/Dev/Connectize/Connectize-Frontend/node_modules/@capacitor/ios/Capacitor/Capacitor/CAPBridgeDelegate.swift /Users/lekiaprosper/Documents/Dev/Connectize/Connectize-Frontend/node_modules/@capacitor/ios/Capacitor/Capacitor/CAPBridgedPlugin+getMethod.swift /Users/lekiaprosper/Documents/Dev/Connectize/Connectize-Frontend/node_modules/@capacitor/ios/Capacitor/Capacitor/CAPBridgeProtocol.swift /Users/lekiaprosper/Documents/Dev/Connectize/Connectize-Frontend/node_modules/@capacitor/ios/Capacitor/Capacitor/CAPBridgeViewController.swift /Users/lekiaprosper/Documents/Dev/Connectize/Connectize-Frontend/node_modules/@capacitor/ios/Capacitor/Capacitor/CAPFile.swift /Users/lekiaprosper/Documents/Dev/Connectize/Connectize-Frontend/node_modules/@capacitor/ios/Capacitor/Capacitor/CAPInstanceConfiguration.swift /Users/lekiaprosper/Documents/Dev/Connectize/Connectize-Frontend/node_modules/@capacitor/ios/Capacitor/Capacitor/CAPInstanceDescriptor.swift /Users/lekiaprosper/Documents/Dev/Connectize/Connectize-Frontend/node_modules/@capacitor/ios/Capacitor/Capacitor/CAPInstancePlugin.swift /Users/lekiaprosper/Documents/Dev/Connectize/Connectize-Frontend/node_modules/@capacitor/ios/Capacitor/Capacitor/CAPLog.swift /Users/lekiaprosper/Documents/Dev/Connectize/Connectize-Frontend/node_modules/@capacitor/ios/Capacitor/Capacitor/CAPNotifications.swift /Users/lekiaprosper/Documents/Dev/Connectize/Connectize-Frontend/node_modules/@capacitor/ios/Capacitor/Capacitor/CAPPlugin+LoadInstance.swift /Users/lekiaprosper/Documents/Dev/Connectize/Connectize-Frontend/node_modules/@capacitor/ios/Capacitor/Capacitor/CAPPluginCall.swift /Users/lekiaprosper/Documents/Dev/Connectize/Connectize-Frontend/node_modules/@capacitor/ios/Capacitor/Capacitor/CAPPluginMethod.swift /Users/lekiaprosper/Documents/Dev/Connectize/Connectize-Frontend/node_modules/@capacitor/ios/Capacitor/Capacitor/Plugins/Console.swift /Users/lekiaprosper/Documents/Dev/Connectize/Connectize-Frontend/node_modules/@capacitor/ios/Capacitor/Capacitor/Data+Capacitor.swift /Users/lekiaprosper/Documents/Dev/Connectize/Connectize-Frontend/node_modules/@capacitor/ios/Capacitor/Capacitor/DocLinks.swift /Users/lekiaprosper/Documents/Dev/Connectize/Connectize-Frontend/node_modules/@capacitor/ios/Capacitor/Capacitor/Plugins/HttpRequestHandler.swift /Users/lekiaprosper/Documents/Dev/Connectize/Connectize-Frontend/node_modules/@capacitor/ios/Capacitor/Capacitor/JS.swift /Users/lekiaprosper/Documents/Dev/Connectize/Connectize-Frontend/node_modules/@capacitor/ios/Capacitor/Capacitor/JSExport.swift /Users/lekiaprosper/Documents/Dev/Connectize/Connectize-Frontend/node_modules/@capacitor/ios/Capacitor/Capacitor/JSTypes.swift /Users/lekiaprosper/Documents/Dev/Connectize/Connectize-Frontend/node_modules/@capacitor/ios/Capacitor/Capacitor/Codable/JSValueDecoder.swift /Users/lekiaprosper/Documents/Dev/Connectize/Connectize-Frontend/node_modules/@capacitor/ios/Capacitor/Capacitor/Codable/JSValueEncoder.swift /Users/lekiaprosper/Documents/Dev/Connectize/Connectize-Frontend/node_modules/@capacitor/ios/Capacitor/Capacitor/KeyPath.swift /Users/lekiaprosper/Documents/Dev/Connectize/Connectize-Frontend/node_modules/@capacitor/ios/Capacitor/Capacitor/KeyValueStore.swift /Users/lekiaprosper/Documents/Dev/Connectize/Connectize-Frontend/node_modules/@capacitor/ios/Capacitor/Capacitor/NotificationHandlerProtocol.swift /Users/lekiaprosper/Documents/Dev/Connectize/Connectize-Frontend/node_modules/@capacitor/ios/Capacitor/Capacitor/NotificationRouter.swift /Users/lekiaprosper/Documents/Dev/Connectize/Connectize-Frontend/node_modules/@capacitor/ios/Capacitor/Capacitor/PluginCallResult.swift /Users/lekiaprosper/Documents/Dev/Connectize/Connectize-Frontend/node_modules/@capacitor/ios/Capacitor/Capacitor/PluginConfig.swift /Users/lekiaprosper/Documents/Dev/Connectize/Connectize-Frontend/node_modules/@capacitor/ios/Capacitor/Capacitor/Router.swift /Users/lekiaprosper/Documents/Dev/Connectize/Connectize-Frontend/node_modules/@capacitor/ios/Capacitor/Capacitor/TmpViewController.swift /Users/lekiaprosper/Documents/Dev/Connectize/Connectize-Frontend/node_modules/@capacitor/ios/Capacitor/Capacitor/UIColor.swift /Users/lekiaprosper/Documents/Dev/Connectize/Connectize-Frontend/node_modules/@capacitor/ios/Capacitor/Capacitor/Plugins/WebView.swift /Users/lekiaprosper/Documents/Dev/Connectize/Connectize-Frontend/node_modules/@capacitor/ios/Capacitor/Capacitor/WebViewAssetHandler.swift /Users/lekiaprosper/Documents/Dev/Connectize/Connectize-Frontend/node_modules/@capacitor/ios/Capacitor/Capacitor/WebViewDelegationHandler.swift /Users/lekiaprosper/Documents/Dev/Connectize/Connectize-Frontend/node_modules/@capacitor/ios/Capacitor/Capacitor/WKWebView+Capacitor.swift /Applications/Xcode.app/Contents/Developer/Toolchains/XcodeDefault.xctoolchain/usr/lib/swift/iphoneos/prebuilt-modules/26.0/DataDetection.swiftmodule/arm64e-apple-ios.swiftmodule /Applications/Xcode.app/Contents/Developer/Toolchains/XcodeDefault.xctoolchain/usr/lib/swift/iphoneos/prebuilt-modules/26.0/SwiftOnoneSupport.swiftmodule/arm64e-apple-ios.swiftmodule /Applications/Xcode.app/Contents/Developer/Toolchains/XcodeDefault.xctoolchain/usr/lib/swift/iphoneos/prebuilt-modules/26.0/QuartzCore.swiftmodule/arm64e-apple-ios.swiftmodule /Applications/Xcode.app/Contents/Developer/Toolchains/XcodeDefault.xctoolchain/usr/lib/swift/iphoneos/prebuilt-modules/26.0/CoreText.swiftmodule/arm64e-apple-ios.swiftmodule /Applications/Xcode.app/Contents/Developer/Toolchains/XcodeDefault.xctoolchain/usr/lib/swift/iphoneos/prebuilt-modules/26.0/Swift.swiftmodule/arm64e-apple-ios.swiftmodule /Applications/Xcode.app/Contents/Developer/Toolchains/XcodeDefault.xctoolchain/usr/lib/swift/iphoneos/prebuilt-modules/26.0/Foundation.swiftmodule/arm64e-apple-ios.swiftmodule /Applications/Xcode.app/Contents/Developer/Toolchains/XcodeDefault.xctoolchain/usr/lib/swift/iphoneos/prebuilt-modules/26.0/FileProvider.swiftmodule/arm64e-apple-ios.swiftmodule /Applications/Xcode.app/Contents/Developer/Toolchains/XcodeDefault.xctoolchain/usr/lib/swift/iphoneos/prebuilt-modules/26.0/Distributed.swiftmodule/arm64e-apple-ios.swiftmodule /Applications/Xcode.app/Contents/Developer/Toolchains/XcodeDefault.xctoolchain/usr/lib/swift/iphoneos/prebuilt-modules/26.0/WebKit.swiftmodule/arm64e-apple-ios.swiftmodule /Applications/Xcode.app/Contents/Developer/Toolchains/XcodeDefault.xctoolchain/usr/lib/swift/iphoneos/prebuilt-modules/26.0/Metal.swiftmodule/arm64e-apple-ios.swiftmodule /Applications/Xcode.app/Contents/Developer/Toolchains/XcodeDefault.xctoolchain/usr/lib/swift/iphoneos/prebuilt-modules/26.0/_StringProcessing.swiftmodule/arm64e-apple-ios.swiftmodule /Applications/Xcode.app/Contents/Developer/Toolchains/XcodeDefault.xctoolchain/usr/lib/swift/iphoneos/prebuilt-modules/26.0/Symbols.swiftmodule/arm64e-apple-ios.swiftmodule /Applications/Xcode.app/Contents/Developer/Toolchains/XcodeDefault.xctoolchain/usr/lib/swift/iphoneos/prebuilt-modules/26.0/CoreFoundation.swiftmodule/arm64e-apple-ios.swiftmodule /Applications/Xcode.app/Contents/Developer/Toolchains/XcodeDefault.xctoolchain/usr/lib/swift/iphoneos/prebuilt-modules/26.0/OSLog.swiftmodule/arm64e-apple-ios.swiftmodule /Applications/Xcode.app/Contents/Developer/Toolchains/XcodeDefault.xctoolchain/usr/lib/swift/iphoneos/prebuilt-modules/26.0/Darwin.swiftmodule/arm64e-apple-ios.swiftmodule /Applications/Xcode.app/Contents/Developer/Toolchains/XcodeDefault.xctoolchain/usr/lib/swift/iphoneos/prebuilt-modules/26.0/CoreGraphics.swiftmodule/arm64e-apple-ios.swiftmodule /Applications/Xcode.app/Contents/Developer/Toolchains/XcodeDefault.xctoolchain/usr/lib/swift/iphoneos/prebuilt-modules/26.0/os.swiftmodule/arm64e-apple-ios.swiftmodule /Applications/Xcode.app/Contents/Developer/Toolchains/XcodeDefault.xctoolchain/usr/lib/swift/iphoneos/prebuilt-modules/26.0/Observation.swiftmodule/arm64e-apple-ios.swiftmodule /Applications/Xcode.app/Contents/Developer/Toolchains/XcodeDefault.xctoolchain/usr/lib/swift/iphoneos/prebuilt-modules/26.0/CoreTransferable.swiftmodule/arm64e-apple-ios.swiftmodule /Applications/Xcode.app/Contents/Developer/Toolchains/XcodeDefault.xctoolchain/usr/lib/swift/iphoneos/prebuilt-modules/26.0/XPC.swiftmodule/arm64e-apple-ios.swiftmodule /Applications/Xcode.app/Contents/Developer/Toolchains/XcodeDefault.xctoolchain/usr/lib/swift/iphoneos/prebuilt-modules/26.0/CoreVideo.swiftmodule/arm64e-apple-ios.swiftmodule /Applications/Xcode.app/Contents/Developer/Toolchains/XcodeDefault.xctoolchain/usr/lib/swift/iphoneos/prebuilt-modules/26.0/UIKit.swiftmodule/arm64e-apple-ios.swiftmodule /Applications/Xcode.app/Contents/Developer/Toolchains/XcodeDefault.xctoolchain/usr/lib/swift/iphoneos/prebuilt-modules/26.0/System.swiftmodule/arm64e-apple-ios.swiftmodule /Applications/Xcode.app/Contents/Developer/Toolchains/XcodeDefault.xctoolchain/usr/lib/swift/iphoneos/prebuilt-modules/26.0/Network.swiftmodule/arm64e-apple-ios.swiftmodule /Applications/Xcode.app/Contents/Developer/Toolchains/XcodeDefault.xctoolchain/usr/lib/swift/iphoneos/prebuilt-modules/26.0/CoreImage.swiftmodule/arm64e-apple-ios.swiftmodule /Applications/Xcode.app/Contents/Developer/Toolchains/XcodeDefault.xctoolchain/usr/lib/swift/iphoneos/prebuilt-modules/26.0/_Builtin_float.swiftmodule/arm64e-apple-ios.swiftmodule /Applications/Xcode.app/Contents/Developer/Toolchains/XcodeDefault.xctoolchain/usr/lib/swift/iphoneos/prebuilt-modules/26.0/Dispatch.swiftmodule/arm64e-apple-ios.swiftmodule /Applications/Xcode.app/Contents/Developer/Toolchains/XcodeDefault.xctoolchain/usr/lib/swift/iphoneos/prebuilt-modules/26.0/Combine.swiftmodule/arm64e-apple-ios.swiftmodule /Applications/Xcode.app/Contents/Developer/Toolchains/XcodeDefault.xctoolchain/usr/lib/swift/iphoneos/prebuilt-modules/26.0/_DarwinFoundation1.swiftmodule/arm64e-apple-ios.swiftmodule /Applications/Xcode.app/Contents/Developer/Toolchains/XcodeDefault.xctoolchain/usr/lib/swift/iphoneos/prebuilt-modules/26.0/_DarwinFoundation2.swiftmodule/arm64e-apple-ios.swiftmodule /Applications/Xcode.app/Contents/Developer/Toolchains/XcodeDefault.xctoolchain/usr/lib/swift/iphoneos/prebuilt-modules/26.0/_DarwinFoundation3.swiftmodule/arm64e-apple-ios.swiftmodule /Applications/Xcode.app/Contents/Developer/Toolchains/XcodeDefault.xctoolchain/usr/lib/swift/iphoneos/prebuilt-modules/26.0/Accessibility.swiftmodule/arm64e-apple-ios.swiftmodule /Applications/Xcode.app/Contents/Developer/Toolchains/XcodeDefault.xctoolchain/usr/lib/swift/iphoneos/prebuilt-modules/26.0/SwiftUICore.swiftmodule/arm64e-apple-ios.swiftmodule /Applications/Xcode.app/Contents/Developer/Toolchains/XcodeDefault.xctoolchain/usr/lib/swift/iphoneos/prebuilt-modules/26.0/DeveloperToolsSupport.swiftmodule/arm64e-apple-ios.swiftmodule /Applications/Xcode.app/Contents/Developer/Toolchains/XcodeDefault.xctoolchain/usr/lib/swift/iphoneos/prebuilt-modules/26.0/UniformTypeIdentifiers.swiftmodule/arm64e-apple-ios.swiftmodule /Applications/Xcode.app/Contents/Developer/Toolchains/XcodeDefault.xctoolchain/usr/lib/swift/iphoneos/prebuilt-modules/26.0/ObjectiveC.swiftmodule/arm64e-apple-ios.swiftmodule /Applications/Xcode.app/Contents/Developer/Toolchains/XcodeDefault.xctoolchain/usr/lib/swift/iphoneos/prebuilt-modules/26.0/_Concurrency.swiftmodule/arm64e-apple-ios.swiftmodule /Users/lekiaprosper/Library/Developer/Xcode/DerivedData/ModuleCache.noindex/UniformTypeIdentifiers-B092HE29GZW50P1UUR12H7ENC.pcm /Users/lekiaprosper/Library/Developer/Xcode/DerivedData/ModuleCache.noindex/_Builtin_inttypes-4D4WHKE8ZHSC9UXDD4GBA63J9.pcm /Users/lekiaprosper/Library/Developer/Xcode/DerivedData/ModuleCache.noindex/CoreText-65X4AL09POOXDODNYQBUNAR1B.pcm /Users/lekiaprosper/Library/Developer/Xcode/DerivedData/ModuleCache.noindex/CoreGraphics-KYFGOZ8FD8Y7EUL2DRP4E8L0.pcm /Users/lekiaprosper/Library/Developer/Xcode/DerivedData/ModuleCache.noindex/FileProvider-ETY43ANYTZ80DZJO7WE1A4RYN.pcm /Users/lekiaprosper/Library/Developer/Xcode/DerivedData/ModuleCache.noindex/CoreFoundation-A37ESHL5R9JGL5GQLO0286TO0.pcm /Users/lekiaprosper/Library/Developer/Xcode/DerivedData/ModuleCache.noindex/CoreServices-E6C80X79ZUNP6TXZEAB4OZYX3.pcm /Users/lekiaprosper/Library/Developer/Xcode/DerivedData/ModuleCache.noindex/_Builtin_stdbool-B04HXVHFT4JTA3PIVTDMAAA6V.pcm /Users/lekiaprosper/Library/Developer/Xcode/DerivedData/ModuleCache.noindex/ptrcheck-1EI48Z60GE8L31Y07P3FCODQM.pcm /Users/lekiaprosper/Library/Developer/Xcode/DerivedData/ModuleCache.noindex/UIKit-EYB2BA9CYHJFKN1U9DPYFTJ7O.pcm /Users/lekiaprosper/Library/Developer/Xcode/DerivedData/ModuleCache.noindex/os-D45EM2ZTA44IRUG8HI3GNZE6Y.pcm /Users/lekiaprosper/Library/Developer/Xcode/DerivedData/ModuleCache.noindex/_Builtin_stdarg-C9QIKJL53448R6KBMCJ8BOU10.pcm /Users/lekiaprosper/Library/Developer/Xcode/DerivedData/ModuleCache.noindex/MobileCoreServices-7GLT01G7D5B0BD5R0PMLL9RYD.pcm /Users/lekiaprosper/Library/Developer/Xcode/DerivedData/ModuleCache.noindex/_Builtin_limits-9OKT9NCN8BJ6YS2818N216K90.pcm /Users/lekiaprosper/Library/Developer/Xcode/DerivedData/ModuleCache.noindex/Dispatch-86W94LMGHQ77O7D6ESFHY1IRB.pcm /Users/lekiaprosper/Library/Developer/Xcode/DerivedData/ModuleCache.noindex/OSLog-AGFDY653IZ0UNAZ8YIP51MGYP.pcm /Users/lekiaprosper/Library/Developer/Xcode/DerivedData/ModuleCache.noindex/XPC-EUF9DVEQAEMA38SAWG1GFA403.pcm /Users/lekiaprosper/Library/Developer/Xcode/DerivedData/ModuleCache.noindex/os_object-85J3Z7POB2A9Z9W2BYEWKY31V.pcm /Users/lekiaprosper/Library/Developer/Xcode/DerivedData/ModuleCache.noindex/_DarwinFoundation3-COL28J5ZMIAAZMJBY1SK22N9R.pcm /Users/lekiaprosper/Library/Developer/Xcode/DerivedData/ModuleCache.noindex/_AvailabilityInternal-EYNGYXVLM5GC3LVJ8XYJ4AP7G.pcm /Users/lekiaprosper/Library/Developer/Xcode/DerivedData/ModuleCache.noindex/Network-BHEZZBDIMPQGE9ZKCHTFB5755.pcm /Users/lekiaprosper/Library/Developer/Xcode/DerivedData/ModuleCache.noindex/QuartzCore-9MJY93Y4ECAU8TF6IP8F4UGOW.pcm /Users/lekiaprosper/Library/Developer/Xcode/DerivedData/ModuleCache.noindex/dnssd-7SUK4FVCH7SMURPNKMEXB86LA.pcm /Users/lekiaprosper/Library/Developer/Xcode/DerivedData/ModuleCache.noindex/CoreImage-8ZZOSH5ONHJTSGHZJOOV0V9WO.pcm /Users/lekiaprosper/Library/Developer/Xcode/DerivedData/App-bmeqrztakkzxpkcqfdhhsyyyzbjg/Build/Intermediates.noindex/ArchiveIntermediates/App/IntermediateBuildFilesPath/SwiftExplicitPrecompiledModules/Capacitor-5OWCTQM1ELUZ0R8ZPNHLMNYF2.pcm /Users/lekiaprosper/Library/Developer/Xcode/DerivedData/ModuleCache.noindex/ObjectiveC-3OVDSLH03WS1RKPVW45EMYT28.pcm /Users/lekiaprosper/Library/Developer/Xcode/DerivedData/ModuleCache.noindex/ptrauth-5IW83AC94WV8YTGHE0ST9J0U0.pcm /Users/lekiaprosper/Library/Developer/Xcode/DerivedData/ModuleCache.noindex/DeveloperToolsSupport-47H5NNPNAABCMPAPYNJSJYJDU.pcm /Users/lekiaprosper/Library/Developer/Xcode/DerivedData/ModuleCache.noindex/DataDetection-EJD8UBAA6IXBV4MMWOOSZIEA0.pcm /Users/lekiaprosper/Library/Developer/Xcode/DerivedData/ModuleCache.noindex/Metal-3H6P8JPGWDAZVEZQJA865ILHL.pcm /Users/lekiaprosper/Library/Developer/Xcode/DerivedData/App-bmeqrztakkzxpkcqfdhhsyyyzbjg/Build/Intermediates.noindex/ArchiveIntermediates/App/IntermediateBuildFilesPath/SwiftExplicitPrecompiledModules/Cordova-547I3L5LSEC73LF58X8C9JHZF.pcm /Users/lekiaprosper/Library/Developer/Xcode/DerivedData/ModuleCache.noindex/WebKit-1WU2I8MN64J26C7KLO1E9OWGJ.pcm /Users/lekiaprosper/Library/Developer/Xcode/DerivedData/ModuleCache.noindex/ImageIO-3PAQVDXCPVG126E4I4IUDQZ23.pcm /Users/lekiaprosper/Library/Developer/Xcode/DerivedData/ModuleCache.noindex/Foundation-427ZOPTJY49FGPIL9IW28O24E.pcm /Users/lekiaprosper/Library/Developer/Xcode/DerivedData/ModuleCache.noindex/Security-43948ZG9DWGGE683F8KCF2L0W.pcm /Users/lekiaprosper/Library/Developer/Xcode/DerivedData/ModuleCache.noindex/CFNetwork-DRWDHPF0EXUPHS0AU15UFUIAV.pcm /Users/lekiaprosper/Library/Developer/Xcode/DerivedData/ModuleCache.noindex/MachO-27FU7T7B1AZKFO3ZA44QDHZSN.pcm /Users/lekiaprosper/Library/Developer/Xcode/DerivedData/ModuleCache.noindex/_SwiftConcurrencyShims-7BBJJ0CLECQZL5C07S51EQ2KM.pcm /Users/lekiaprosper/Library/Developer/Xcode/DerivedData/ModuleCache.noindex/CoreTransferable-C09TTI2UY3FJQ11WL8TMOS0ZP.pcm /Users/lekiaprosper/Library/Developer/Xcode/DerivedData/ModuleCache.noindex/_Builtin_stdatomic-BG1JHZNLFZ2UWAZ9CYOIZK9N2.pcm /Users/lekiaprosper/Library/Developer/Xcode/DerivedData/ModuleCache.noindex/CoreVideo-BTWV4AL4YS0OD6RBRVSSCRZU4.pcm /Users/lekiaprosper/Library/Developer/Xcode/DerivedData/ModuleCache.noindex/Symbols-5I7HWCTQNEL544JWVP6UJU76R.pcm /Users/lekiaprosper/Library/Developer/Xcode/DerivedData/ModuleCache.noindex/_DarwinFoundation1-EYL4IC9FZPFYBUNB5XFCQRDY2.pcm /Users/lekiaprosper/Library/Developer/Xcode/DerivedData/ModuleCache.noindex/OpenGLES-1QX2WTPH5O3O82JO3TOHUMSJZ.pcm /Users/lekiaprosper/Library/Developer/Xcode/DerivedData/ModuleCache.noindex/_Builtin_float-920YCOFDCYVVRM0IRRWCUMDSF.pcm /Users/lekiaprosper/Library/Developer/Xcode/DerivedData/ModuleCache.noindex/_DarwinFoundation2-53206XS3V3419TLBUHXNOKPY5.pcm /Users/lekiaprosper/Library/Developer/Xcode/DerivedData/ModuleCache.noindex/Darwin-CWPPGOQJ24W2L5NOM7E4131NU.pcm /Users/lekiaprosper/Library/Developer/Xcode/DerivedData/ModuleCache.noindex/SwiftUICore-5CWTOEDU520VTW06WGBFFINKA.pcm /Users/lekiaprosper/Library/Developer/Xcode/DerivedData/ModuleCache.noindex/UserNotifications-DQBL23UXTBLV5IDP31U3DEOR1.pcm /Users/lekiaprosper/Library/Developer/Xcode/DerivedData/ModuleCache.noindex/_Builtin_stdint-3R42SRI2R6MDEN66PQEHIL5SQ.pcm /Users/lekiaprosper/Library/Developer/Xcode/DerivedData/ModuleCache.noindex/SwiftShims-5C72ORWAYY96O2O2VDC1TYMBW.pcm /Users/lekiaprosper/Library/Developer/Xcode/DerivedData/ModuleCache.noindex/UIUtilities-8UW33S2YV2JMVCEU8BUULV087.pcm /Users/lekiaprosper/Library/Developer/Xcode/DerivedData/ModuleCache.noindex/IOSurface-83SI8M83A80S5HZS73C2O10ZO.pcm /Users/lekiaprosper/Library/Developer/Xcode/DerivedData/ModuleCache.noindex/sys_types-46X8R6228KZ90J6GS0I69P13D.pcm /Users/lekiaprosper/Library/Developer/Xcode/DerivedData/ModuleCache.noindex/os_workgroup-3D5RNOZR0P7RD8YK3I2FDXBL2.pcm /Users/lekiaprosper/Library/Developer/Xcode/DerivedData/ModuleCache.noindex/CommonCrypto-9FF74AYFBIXV1W6DRT5TXTKA0.pcm /Users/lekiaprosper/Library/Developer/Xcode/DerivedData/ModuleCache.noindex/_Builtin_stddef-47S9ZPIYEE6I1NM601WEDDZ2K.pcm /Users/lekiaprosper/Library/Developer/Xcode/DerivedData/ModuleCache.noindex/Accessibility-1PWTIAYZWIP11HHQ70YX0NRJZ.pcm /Users/lekiaprosper/Library/Developer/Xcode/DerivedData/App-bmeqrztakkzxpkcqfdhhsyyyzbjg/Build/Intermediates.noindex/ArchiveIntermediates/App/IntermediateBuildFilesPath/Pods.build/Release-iphoneos/Capacitor.build/Objects-normal/arm64/Capacitor-dependencies-1.json (in target 'Capacitor' from project 'Pods')
CompileSwift normal arm64 (in target 'Capacitor' from project 'Pods')
    cd /Users/lekiaprosper/Documents/Dev/Connectize/Connectize-Frontend/ios/App/Pods
    

PrecompileModule /Users/lekiaprosper/Library/Developer/Xcode/DerivedData/App-bmeqrztakkzxpkcqfdhhsyyyzbjg/Build/Intermediates.noindex/ArchiveIntermediates/App/IntermediateBuildFilesPath/ExplicitPrecompiledModules/MobileCoreServices-CNHQ4W2T0LKHLS7P95ZTPY7JI.scan
    cd /
    builtin-precompileModule /Users/lekiaprosper/Library/Developer/Xcode/DerivedData/App-bmeqrztakkzxpkcqfdhhsyyyzbjg/Build/Intermediates.noindex/ArchiveIntermediates/App/IntermediateBuildFilesPath/ExplicitPrecompiledModules/MobileCoreServices-CNHQ4W2T0LKHLS7P95ZTPY7JI.scan

PrecompileModule /Users/lekiaprosper/Library/Developer/Xcode/DerivedData/App-bmeqrztakkzxpkcqfdhhsyyyzbjg/Build/Intermediates.noindex/ArchiveIntermediates/App/IntermediateBuildFilesPath/ExplicitPrecompiledModules/Foundation-SZ1HO58R47EF23YOO93ENNH.scan
    cd /
    builtin-precompileModule /Users/lekiaprosper/Library/Developer/Xcode/DerivedData/App-bmeqrztakkzxpkcqfdhhsyyyzbjg/Build/Intermediates.noindex/ArchiveIntermediates/App/IntermediateBuildFilesPath/ExplicitPrecompiledModules/Foundation-SZ1HO58R47EF23YOO93ENNH.scan

PrecompileModule /Users/lekiaprosper/Library/Developer/Xcode/DerivedData/App-bmeqrztakkzxpkcqfdhhsyyyzbjg/Build/Intermediates.noindex/ArchiveIntermediates/App/IntermediateBuildFilesPath/ExplicitPrecompiledModules/ImageIO-8Y7RNCQ1JQYYUBKNJXTJQZZ2Y.scan
    cd /
    builtin-precompileModule /Users/lekiaprosper/Library/Developer/Xcode/DerivedData/App-bmeqrztakkzxpkcqfdhhsyyyzbjg/Build/Intermediates.noindex/ArchiveIntermediates/App/IntermediateBuildFilesPath/ExplicitPrecompiledModules/ImageIO-8Y7RNCQ1JQYYUBKNJXTJQZZ2Y.scan

PrecompileModule /Users/lekiaprosper/Library/Developer/Xcode/DerivedData/App-bmeqrztakkzxpkcqfdhhsyyyzbjg/Build/Intermediates.noindex/ArchiveIntermediates/App/IntermediateBuildFilesPath/ExplicitPrecompiledModules/CoreText-1Z4NYV56CZ1OPGXO7MRNZ0VLR.scan
    cd /
    builtin-precompileModule /Users/lekiaprosper/Library/Developer/Xcode/DerivedData/App-bmeqrztakkzxpkcqfdhhsyyyzbjg/Build/Intermediates.noindex/ArchiveIntermediates/App/IntermediateBuildFilesPath/ExplicitPrecompiledModules/CoreText-1Z4NYV56CZ1OPGXO7MRNZ0VLR.scan

PrecompileModule /Users/lekiaprosper/Library/Developer/Xcode/DerivedData/App-bmeqrztakkzxpkcqfdhhsyyyzbjg/Build/Intermediates.noindex/ArchiveIntermediates/App/IntermediateBuildFilesPath/ExplicitPrecompiledModules/IOSurface-A3O7VRN0PENNW60QT3KFIBZT2.scan
    cd /
    builtin-precompileModule /Users/lekiaprosper/Library/Developer/Xcode/DerivedData/App-bmeqrztakkzxpkcqfdhhsyyyzbjg/Build/Intermediates.noindex/ArchiveIntermediates/App/IntermediateBuildFilesPath/ExplicitPrecompiledModules/IOSurface-A3O7VRN0PENNW60QT3KFIBZT2.scan

PrecompileModule /Users/lekiaprosper/Library/Developer/Xcode/DerivedData/App-bmeqrztakkzxpkcqfdhhsyyyzbjg/Build/Intermediates.noindex/ArchiveIntermediates/App/IntermediateBuildFilesPath/ExplicitPrecompiledModules/Network-EPX6JLHUWAXDCAKAG7BEKYTEN.scan
    cd /
    builtin-precompileModule /Users/lekiaprosper/Library/Developer/Xcode/DerivedData/App-bmeqrztakkzxpkcqfdhhsyyyzbjg/Build/Intermediates.noindex/ArchiveIntermediates/App/IntermediateBuildFilesPath/ExplicitPrecompiledModules/Network-EPX6JLHUWAXDCAKAG7BEKYTEN.scan

PrecompileModule /Users/lekiaprosper/Library/Developer/Xcode/DerivedData/App-bmeqrztakkzxpkcqfdhhsyyyzbjg/Build/Intermediates.noindex/ArchiveIntermediates/App/IntermediateBuildFilesPath/ExplicitPrecompiledModules/UIUtilities-5G7UZSM4N1X6LWLIPKNR2CU1T.scan
    cd /
    builtin-precompileModule /Users/lekiaprosper/Library/Developer/Xcode/DerivedData/App-bmeqrztakkzxpkcqfdhhsyyyzbjg/Build/Intermediates.noindex/ArchiveIntermediates/App/IntermediateBuildFilesPath/ExplicitPrecompiledModules/UIUtilities-5G7UZSM4N1X6LWLIPKNR2CU1T.scan

PrecompileModule /Users/lekiaprosper/Library/Developer/Xcode/DerivedData/App-bmeqrztakkzxpkcqfdhhsyyyzbjg/Build/Intermediates.noindex/ArchiveIntermediates/App/IntermediateBuildFilesPath/ExplicitPrecompiledModules/FileProvider-EFSZLIDNRKSFEE8R8F6M8MMUP.scan
    cd /
    builtin-precompileModule /Users/lekiaprosper/Library/Developer/Xcode/DerivedData/App-bmeqrztakkzxpkcqfdhhsyyyzbjg/Build/Intermediates.noindex/ArchiveIntermediates/App/IntermediateBuildFilesPath/ExplicitPrecompiledModules/FileProvider-EFSZLIDNRKSFEE8R8F6M8MMUP.scan

PrecompileModule /Users/lekiaprosper/Library/Developer/Xcode/DerivedData/App-bmeqrztakkzxpkcqfdhhsyyyzbjg/Build/Intermediates.noindex/ArchiveIntermediates/App/IntermediateBuildFilesPath/ExplicitPrecompiledModules/UserNotifications-1RGDXNH81AGBLLI89NJ4NXFP4.scan
    cd /
    builtin-precompileModule /Users/lekiaprosper/Library/Developer/Xcode/DerivedData/App-bmeqrztakkzxpkcqfdhhsyyyzbjg/Build/Intermediates.noindex/ArchiveIntermediates/App/IntermediateBuildFilesPath/ExplicitPrecompiledModules/UserNotifications-1RGDXNH81AGBLLI89NJ4NXFP4.scan

PrecompileModule /Users/lekiaprosper/Library/Developer/Xcode/DerivedData/App-bmeqrztakkzxpkcqfdhhsyyyzbjg/Build/Intermediates.noindex/ArchiveIntermediates/App/IntermediateBuildFilesPath/ExplicitPrecompiledModules/Symbols-6ER7UWLJPJI0W96TN33BWU40B.scan
    cd /
    builtin-precompileModule /Users/lekiaprosper/Library/Developer/Xcode/DerivedData/App-bmeqrztakkzxpkcqfdhhsyyyzbjg/Build/Intermediates.noindex/ArchiveIntermediates/App/IntermediateBuildFilesPath/ExplicitPrecompiledModules/Symbols-6ER7UWLJPJI0W96TN33BWU40B.scan

PrecompileModule /Users/lekiaprosper/Library/Developer/Xcode/DerivedData/App-bmeqrztakkzxpkcqfdhhsyyyzbjg/Build/Intermediates.noindex/ArchiveIntermediates/App/IntermediateBuildFilesPath/ExplicitPrecompiledModules/OpenGLES-8H8JU4W9MM7V48LK4GFA6WR48.scan
    cd /
    builtin-precompileModule /Users/lekiaprosper/Library/Developer/Xcode/DerivedData/App-bmeqrztakkzxpkcqfdhhsyyyzbjg/Build/Intermediates.noindex/ArchiveIntermediates/App/IntermediateBuildFilesPath/ExplicitPrecompiledModules/OpenGLES-8H8JU4W9MM7V48LK4GFA6WR48.scan

PrecompileModule /Users/lekiaprosper/Library/Developer/Xcode/DerivedData/App-bmeqrztakkzxpkcqfdhhsyyyzbjg/Build/Intermediates.noindex/ArchiveIntermediates/App/IntermediateBuildFilesPath/ExplicitPrecompiledModules/Metal-A8W6LT4XD1NS7QD6TA8E1GPT4.scan
    cd /
    builtin-precompileModule /Users/lekiaprosper/Library/Developer/Xcode/DerivedData/App-bmeqrztakkzxpkcqfdhhsyyyzbjg/Build/Intermediates.noindex/ArchiveIntermediates/App/IntermediateBuildFilesPath/ExplicitPrecompiledModules/Metal-A8W6LT4XD1NS7QD6TA8E1GPT4.scan

PrecompileModule /Users/lekiaprosper/Library/Developer/Xcode/DerivedData/App-bmeqrztakkzxpkcqfdhhsyyyzbjg/Build/Intermediates.noindex/ArchiveIntermediates/App/IntermediateBuildFilesPath/ExplicitPrecompiledModules/CoreVideo-EOODW8TI20HKJVNW4XWZ1E6DK.scan
    cd /
    builtin-precompileModule /Users/lekiaprosper/Library/Developer/Xcode/DerivedData/App-bmeqrztakkzxpkcqfdhhsyyyzbjg/Build/Intermediates.noindex/ArchiveIntermediates/App/IntermediateBuildFilesPath/ExplicitPrecompiledModules/CoreVideo-EOODW8TI20HKJVNW4XWZ1E6DK.scan

PrecompileModule /Users/lekiaprosper/Library/Developer/Xcode/DerivedData/App-bmeqrztakkzxpkcqfdhhsyyyzbjg/Build/Intermediates.noindex/ArchiveIntermediates/App/IntermediateBuildFilesPath/ExplicitPrecompiledModules/QuartzCore-2QWU86U3NCLEZQY5QM99PBF1I.scan
    cd /
    builtin-precompileModule /Users/lekiaprosper/Library/Developer/Xcode/DerivedData/App-bmeqrztakkzxpkcqfdhhsyyyzbjg/Build/Intermediates.noindex/ArchiveIntermediates/App/IntermediateBuildFilesPath/ExplicitPrecompiledModules/QuartzCore-2QWU86U3NCLEZQY5QM99PBF1I.scan

PrecompileModule /Users/lekiaprosper/Library/Developer/Xcode/DerivedData/App-bmeqrztakkzxpkcqfdhhsyyyzbjg/Build/Intermediates.noindex/ArchiveIntermediates/App/IntermediateBuildFilesPath/ExplicitPrecompiledModules/CoreImage-DJP8NIR3H1T05E19IQUV5H5R5.scan
    cd /
    builtin-precompileModule /Users/lekiaprosper/Library/Developer/Xcode/DerivedData/App-bmeqrztakkzxpkcqfdhhsyyyzbjg/Build/Intermediates.noindex/ArchiveIntermediates/App/IntermediateBuildFilesPath/ExplicitPrecompiledModules/CoreImage-DJP8NIR3H1T05E19IQUV5H5R5.scan

PrecompileModule /Users/lekiaprosper/Library/Developer/Xcode/DerivedData/App-bmeqrztakkzxpkcqfdhhsyyyzbjg/Build/Intermediates.noindex/ArchiveIntermediates/App/IntermediateBuildFilesPath/ExplicitPrecompiledModules/UIKit-9DT5AVLE48FJFO508G97L7RZ5.scan
    cd /
    builtin-precompileModule /Users/lekiaprosper/Library/Developer/Xcode/DerivedData/App-bmeqrztakkzxpkcqfdhhsyyyzbjg/Build/Intermediates.noindex/ArchiveIntermediates/App/IntermediateBuildFilesPath/ExplicitPrecompiledModules/UIKit-9DT5AVLE48FJFO508G97L7RZ5.scan

CompileC /Users/lekiaprosper/Library/Developer/Xcode/DerivedData/App-bmeqrztakkzxpkcqfdhhsyyyzbjg/Build/Intermediates.noindex/ArchiveIntermediates/App/IntermediateBuildFilesPath/Pods.build/Release-iphoneos/CapacitorCordova.build/Objects-normal/arm64/CDVViewController.o /Users/lekiaprosper/Documents/Dev/Connectize/Connectize-Frontend/node_modules/@capacitor/ios/CapacitorCordova/CapacitorCordova/Classes/Public/CDVViewController.m normal arm64 objective-c com.apple.compilers.llvm.clang.1_0.compiler (in target 'CapacitorCordova' from project 'Pods')
    cd /Users/lekiaprosper/Documents/Dev/Connectize/Connectize-Frontend/ios/App/Pods
    
    Using response file: /Users/lekiaprosper/Library/Developer/Xcode/DerivedData/App-bmeqrztakkzxpkcqfdhhsyyyzbjg/Build/Intermediates.noindex/ArchiveIntermediates/App/IntermediateBuildFilesPath/Pods.build/Release-iphoneos/CapacitorCordova.build/Objects-normal/arm64/e6072d4f65d7061329687fe24e3d63a7-common-args.resp
    
    /Applications/Xcode.app/Contents/Developer/Toolchains/XcodeDefault.xctoolchain/usr/bin/clang -x objective-c -ivfsstatcache /Users/lekiaprosper/Library/Developer/Xcode/DerivedData/SDKStatCaches.noindex/iphoneos26.0-23A339-81ce72e5b06c9602b9d30b56f2eed08a.sdkstatcache -fmessage-length\=0 -fdiagnostics-show-note-include-stack -fmacro-backtrace-limit\=0 -fno-color-diagnostics -fmodules-prune-interval\=86400 -fmodules-prune-after\=345600 -fbuild-session-file\=/Users/lekiaprosper/Library/Developer/Xcode/DerivedData/ModuleCache.noindex/Session.modulevalidation -fmodules-validate-once-per-build-session -Wnon-modular-include-in-framework-module -Werror\=non-modular-include-in-framework-module -Wno-trigraphs -Wno-missing-field-initializers -Wno-missing-prototypes -Werror\=return-type -Wdocumentation -Wunreachable-code -Wno-implicit-atomic-properties -Werror\=deprecated-objc-isa-usage -Wno-objc-interface-ivars -Werror\=objc-root-class -Wno-arc-repeated-use-of-weak -Wimplicit-retain-self -Wduplicate-method-match -Wno-missing-braces -Wparentheses -Wswitch -Wunused-function -Wno-unused-label -Wno-unused-parameter -Wunused-variable -Wunused-value -Wempty-body -Wuninitialized -Wconditional-uninitialized -Wno-unknown-pragmas -Wno-shadow -Wno-four-char-constants -Wno-conversion -Wconstant-conversion -Wint-conversion -Wbool-conversion -Wenum-conversion -Wno-float-conversion -Wnon-literal-null-conversion -Wobjc-literal-conversion -Wshorten-64-to-32 -Wpointer-sign -Wno-newline-eof -Wno-selector -Wno-strict-selector-match -Wundeclared-selector -Wdeprecated-implementations -Wno-implicit-fallthrough -fstrict-aliasing -Wprotocol -Wdeprecated-declarations -Wno-sign-conversion -Winfinite-recursion -Wcomma -Wblock-capture-autoreleasing -Wstrict-prototypes -Wno-semicolon-before-method-body -Wunguarded-availability @/Users/lekiaprosper/Library/Developer/Xcode/DerivedData/App-bmeqrztakkzxpkcqfdhhsyyyzbjg/Build/Intermediates.noindex/ArchiveIntermediates/App/IntermediateBuildFilesPath/Pods.build/Release-iphoneos/CapacitorCordova.build/Objects-normal/arm64/e6072d4f65d7061329687fe24e3d63a7-common-args.resp -include /Users/lekiaprosper/Documents/Dev/Connectize/Connectize-Frontend/ios/App/Pods/Target\ Support\ Files/CapacitorCordova/CapacitorCordova-prefix.pch -MMD -MT dependencies -MF /Users/lekiaprosper/Library/Developer/Xcode/DerivedData/App-bmeqrztakkzxpkcqfdhhsyyyzbjg/Build/Intermediates.noindex/ArchiveIntermediates/App/IntermediateBuildFilesPath/Pods.build/Release-iphoneos/CapacitorCordova.build/Objects-normal/arm64/CDVViewController.d --serialize-diagnostics /Users/lekiaprosper/Library/Developer/Xcode/DerivedData/App-bmeqrztakkzxpkcqfdhhsyyyzbjg/Build/Intermediates.noindex/ArchiveIntermediates/App/IntermediateBuildFilesPath/Pods.build/Release-iphoneos/CapacitorCordova.build/Objects-normal/arm64/CDVViewController.dia -c /Users/lekiaprosper/Documents/Dev/Connectize/Connectize-Frontend/node_modules/@capacitor/ios/CapacitorCordova/CapacitorCordova/Classes/Public/CDVViewController.m -o /Users/lekiaprosper/Library/Developer/Xcode/DerivedData/App-bmeqrztakkzxpkcqfdhhsyyyzbjg/Build/Intermediates.noindex/ArchiveIntermediates/App/IntermediateBuildFilesPath/Pods.build/Release-iphoneos/CapacitorCordova.build/Objects-normal/arm64/CDVViewController.o

CompileC /Users/lekiaprosper/Library/Developer/Xcode/DerivedData/App-bmeqrztakkzxpkcqfdhhsyyyzbjg/Build/Intermediates.noindex/ArchiveIntermediates/App/IntermediateBuildFilesPath/Pods.build/Release-iphoneos/CapacitorCordova.build/Objects-normal/arm64/CDVInvokedUrlCommand.o /Users/lekiaprosper/Documents/Dev/Connectize/Connectize-Frontend/node_modules/@capacitor/ios/CapacitorCordova/CapacitorCordova/Classes/Public/CDVInvokedUrlCommand.m normal arm64 objective-c com.apple.compilers.llvm.clang.1_0.compiler (in target 'CapacitorCordova' from project 'Pods')
    cd /Users/lekiaprosper/Documents/Dev/Connectize/Connectize-Frontend/ios/App/Pods
    
    Using response file: /Users/lekiaprosper/Library/Developer/Xcode/DerivedData/App-bmeqrztakkzxpkcqfdhhsyyyzbjg/Build/Intermediates.noindex/ArchiveIntermediates/App/IntermediateBuildFilesPath/Pods.build/Release-iphoneos/CapacitorCordova.build/Objects-normal/arm64/e6072d4f65d7061329687fe24e3d63a7-common-args.resp
    
    /Applications/Xcode.app/Contents/Developer/Toolchains/XcodeDefault.xctoolchain/usr/bin/clang -x objective-c -ivfsstatcache /Users/lekiaprosper/Library/Developer/Xcode/DerivedData/SDKStatCaches.noindex/iphoneos26.0-23A339-81ce72e5b06c9602b9d30b56f2eed08a.sdkstatcache -fmessage-length\=0 -fdiagnostics-show-note-include-stack -fmacro-backtrace-limit\=0 -fno-color-diagnostics -fmodules-prune-interval\=86400 -fmodules-prune-after\=345600 -fbuild-session-file\=/Users/lekiaprosper/Library/Developer/Xcode/DerivedData/ModuleCache.noindex/Session.modulevalidation -fmodules-validate-once-per-build-session -Wnon-modular-include-in-framework-module -Werror\=non-modular-include-in-framework-module -Wno-trigraphs -Wno-missing-field-initializers -Wno-missing-prototypes -Werror\=return-type -Wdocumentation -Wunreachable-code -Wno-implicit-atomic-properties -Werror\=deprecated-objc-isa-usage -Wno-objc-interface-ivars -Werror\=objc-root-class -Wno-arc-repeated-use-of-weak -Wimplicit-retain-self -Wduplicate-method-match -Wno-missing-braces -Wparentheses -Wswitch -Wunused-function -Wno-unused-label -Wno-unused-parameter -Wunused-variable -Wunused-value -Wempty-body -Wuninitialized -Wconditional-uninitialized -Wno-unknown-pragmas -Wno-shadow -Wno-four-char-constants -Wno-conversion -Wconstant-conversion -Wint-conversion -Wbool-conversion -Wenum-conversion -Wno-float-conversion -Wnon-literal-null-conversion -Wobjc-literal-conversion -Wshorten-64-to-32 -Wpointer-sign -Wno-newline-eof -Wno-selector -Wno-strict-selector-match -Wundeclared-selector -Wdeprecated-implementations -Wno-implicit-fallthrough -fstrict-aliasing -Wprotocol -Wdeprecated-declarations -Wno-sign-conversion -Winfinite-recursion -Wcomma -Wblock-capture-autoreleasing -Wstrict-prototypes -Wno-semicolon-before-method-body -Wunguarded-availability @/Users/lekiaprosper/Library/Developer/Xcode/DerivedData/App-bmeqrztakkzxpkcqfdhhsyyyzbjg/Build/Intermediates.noindex/ArchiveIntermediates/App/IntermediateBuildFilesPath/Pods.build/Release-iphoneos/CapacitorCordova.build/Objects-normal/arm64/e6072d4f65d7061329687fe24e3d63a7-common-args.resp -include /Users/lekiaprosper/Documents/Dev/Connectize/Connectize-Frontend/ios/App/Pods/Target\ Support\ Files/CapacitorCordova/CapacitorCordova-prefix.pch -MMD -MT dependencies -MF /Users/lekiaprosper/Library/Developer/Xcode/DerivedData/App-bmeqrztakkzxpkcqfdhhsyyyzbjg/Build/Intermediates.noindex/ArchiveIntermediates/App/IntermediateBuildFilesPath/Pods.build/Release-iphoneos/CapacitorCordova.build/Objects-normal/arm64/CDVInvokedUrlCommand.d --serialize-diagnostics /Users/lekiaprosper/Library/Developer/Xcode/DerivedData/App-bmeqrztakkzxpkcqfdhhsyyyzbjg/Build/Intermediates.noindex/ArchiveIntermediates/App/IntermediateBuildFilesPath/Pods.build/Release-iphoneos/CapacitorCordova.build/Objects-normal/arm64/CDVInvokedUrlCommand.dia -c /Users/lekiaprosper/Documents/Dev/Connectize/Connectize-Frontend/node_modules/@capacitor/ios/CapacitorCordova/CapacitorCordova/Classes/Public/CDVInvokedUrlCommand.m -o /Users/lekiaprosper/Library/Developer/Xcode/DerivedData/App-bmeqrztakkzxpkcqfdhhsyyyzbjg/Build/Intermediates.noindex/ArchiveIntermediates/App/IntermediateBuildFilesPath/Pods.build/Release-iphoneos/CapacitorCordova.build/Objects-normal/arm64/CDVInvokedUrlCommand.o

CompileC /Users/lekiaprosper/Library/Developer/Xcode/DerivedData/App-bmeqrztakkzxpkcqfdhhsyyyzbjg/Build/Intermediates.noindex/ArchiveIntermediates/App/IntermediateBuildFilesPath/Pods.build/Release-iphoneos/CapacitorCordova.build/Objects-normal/arm64/CDVURLProtocol.o /Users/lekiaprosper/Documents/Dev/Connectize/Connectize-Frontend/node_modules/@capacitor/ios/CapacitorCordova/CapacitorCordova/Classes/Public/CDVURLProtocol.m normal arm64 objective-c com.apple.compilers.llvm.clang.1_0.compiler (in target 'CapacitorCordova' from project 'Pods')
    cd /Users/lekiaprosper/Documents/Dev/Connectize/Connectize-Frontend/ios/App/Pods
    
    Using response file: /Users/lekiaprosper/Library/Developer/Xcode/DerivedData/App-bmeqrztakkzxpkcqfdhhsyyyzbjg/Build/Intermediates.noindex/ArchiveIntermediates/App/IntermediateBuildFilesPath/Pods.build/Release-iphoneos/CapacitorCordova.build/Objects-normal/arm64/e6072d4f65d7061329687fe24e3d63a7-common-args.resp
    
    /Applications/Xcode.app/Contents/Developer/Toolchains/XcodeDefault.xctoolchain/usr/bin/clang -x objective-c -ivfsstatcache /Users/lekiaprosper/Library/Developer/Xcode/DerivedData/SDKStatCaches.noindex/iphoneos26.0-23A339-81ce72e5b06c9602b9d30b56f2eed08a.sdkstatcache -fmessage-length\=0 -fdiagnostics-show-note-include-stack -fmacro-backtrace-limit\=0 -fno-color-diagnostics -fmodules-prune-interval\=86400 -fmodules-prune-after\=345600 -fbuild-session-file\=/Users/lekiaprosper/Library/Developer/Xcode/DerivedData/ModuleCache.noindex/Session.modulevalidation -fmodules-validate-once-per-build-session -Wnon-modular-include-in-framework-module -Werror\=non-modular-include-in-framework-module -Wno-trigraphs -Wno-missing-field-initializers -Wno-missing-prototypes -Werror\=return-type -Wdocumentation -Wunreachable-code -Wno-implicit-atomic-properties -Werror\=deprecated-objc-isa-usage -Wno-objc-interface-ivars -Werror\=objc-root-class -Wno-arc-repeated-use-of-weak -Wimplicit-retain-self -Wduplicate-method-match -Wno-missing-braces -Wparentheses -Wswitch -Wunused-function -Wno-unused-label -Wno-unused-parameter -Wunused-variable -Wunused-value -Wempty-body -Wuninitialized -Wconditional-uninitialized -Wno-unknown-pragmas -Wno-shadow -Wno-four-char-constants -Wno-conversion -Wconstant-conversion -Wint-conversion -Wbool-conversion -Wenum-conversion -Wno-float-conversion -Wnon-literal-null-conversion -Wobjc-literal-conversion -Wshorten-64-to-32 -Wpointer-sign -Wno-newline-eof -Wno-selector -Wno-strict-selector-match -Wundeclared-selector -Wdeprecated-implementations -Wno-implicit-fallthrough -fstrict-aliasing -Wprotocol -Wdeprecated-declarations -Wno-sign-conversion -Winfinite-recursion -Wcomma -Wblock-capture-autoreleasing -Wstrict-prototypes -Wno-semicolon-before-method-body -Wunguarded-availability @/Users/lekiaprosper/Library/Developer/Xcode/DerivedData/App-bmeqrztakkzxpkcqfdhhsyyyzbjg/Build/Intermediates.noindex/ArchiveIntermediates/App/IntermediateBuildFilesPath/Pods.build/Release-iphoneos/CapacitorCordova.build/Objects-normal/arm64/e6072d4f65d7061329687fe24e3d63a7-common-args.resp -include /Users/lekiaprosper/Documents/Dev/Connectize/Connectize-Frontend/ios/App/Pods/Target\ Support\ Files/CapacitorCordova/CapacitorCordova-prefix.pch -MMD -MT dependencies -MF /Users/lekiaprosper/Library/Developer/Xcode/DerivedData/App-bmeqrztakkzxpkcqfdhhsyyyzbjg/Build/Intermediates.noindex/ArchiveIntermediates/App/IntermediateBuildFilesPath/Pods.build/Release-iphoneos/CapacitorCordova.build/Objects-normal/arm64/CDVURLProtocol.d --serialize-diagnostics /Users/lekiaprosper/Library/Developer/Xcode/DerivedData/App-bmeqrztakkzxpkcqfdhhsyyyzbjg/Build/Intermediates.noindex/ArchiveIntermediates/App/IntermediateBuildFilesPath/Pods.build/Release-iphoneos/CapacitorCordova.build/Objects-normal/arm64/CDVURLProtocol.dia -c /Users/lekiaprosper/Documents/Dev/Connectize/Connectize-Frontend/node_modules/@capacitor/ios/CapacitorCordova/CapacitorCordova/Classes/Public/CDVURLProtocol.m -o /Users/lekiaprosper/Library/Developer/Xcode/DerivedData/App-bmeqrztakkzxpkcqfdhhsyyyzbjg/Build/Intermediates.noindex/ArchiveIntermediates/App/IntermediateBuildFilesPath/Pods.build/Release-iphoneos/CapacitorCordova.build/Objects-normal/arm64/CDVURLProtocol.o

CompileC /Users/lekiaprosper/Library/Developer/Xcode/DerivedData/App-bmeqrztakkzxpkcqfdhhsyyyzbjg/Build/Intermediates.noindex/ArchiveIntermediates/App/IntermediateBuildFilesPath/Pods.build/Release-iphoneos/CapacitorCordova.build/Objects-normal/arm64/CDVConfigParser.o /Users/lekiaprosper/Documents/Dev/Connectize/Connectize-Frontend/node_modules/@capacitor/ios/CapacitorCordova/CapacitorCordova/Classes/Public/CDVConfigParser.m normal arm64 objective-c com.apple.compilers.llvm.clang.1_0.compiler (in target 'CapacitorCordova' from project 'Pods')
    cd /Users/lekiaprosper/Documents/Dev/Connectize/Connectize-Frontend/ios/App/Pods
    
    Using response file: /Users/lekiaprosper/Library/Developer/Xcode/DerivedData/App-bmeqrztakkzxpkcqfdhhsyyyzbjg/Build/Intermediates.noindex/ArchiveIntermediates/App/IntermediateBuildFilesPath/Pods.build/Release-iphoneos/CapacitorCordova.build/Objects-normal/arm64/e6072d4f65d7061329687fe24e3d63a7-common-args.resp
    
    /Applications/Xcode.app/Contents/Developer/Toolchains/XcodeDefault.xctoolchain/usr/bin/clang -x objective-c -ivfsstatcache /Users/lekiaprosper/Library/Developer/Xcode/DerivedData/SDKStatCaches.noindex/iphoneos26.0-23A339-81ce72e5b06c9602b9d30b56f2eed08a.sdkstatcache -fmessage-length\=0 -fdiagnostics-show-note-include-stack -fmacro-backtrace-limit\=0 -fno-color-diagnostics -fmodules-prune-interval\=86400 -fmodules-prune-after\=345600 -fbuild-session-file\=/Users/lekiaprosper/Library/Developer/Xcode/DerivedData/ModuleCache.noindex/Session.modulevalidation -fmodules-validate-once-per-build-session -Wnon-modular-include-in-framework-module -Werror\=non-modular-include-in-framework-module -Wno-trigraphs -Wno-missing-field-initializers -Wno-missing-prototypes -Werror\=return-type -Wdocumentation -Wunreachable-code -Wno-implicit-atomic-properties -Werror\=deprecated-objc-isa-usage -Wno-objc-interface-ivars -Werror\=objc-root-class -Wno-arc-repeated-use-of-weak -Wimplicit-retain-self -Wduplicate-method-match -Wno-missing-braces -Wparentheses -Wswitch -Wunused-function -Wno-unused-label -Wno-unused-parameter -Wunused-variable -Wunused-value -Wempty-body -Wuninitialized -Wconditional-uninitialized -Wno-unknown-pragmas -Wno-shadow -Wno-four-char-constants -Wno-conversion -Wconstant-conversion -Wint-conversion -Wbool-conversion -Wenum-conversion -Wno-float-conversion -Wnon-literal-null-conversion -Wobjc-literal-conversion -Wshorten-64-to-32 -Wpointer-sign -Wno-newline-eof -Wno-selector -Wno-strict-selector-match -Wundeclared-selector -Wdeprecated-implementations -Wno-implicit-fallthrough -fstrict-aliasing -Wprotocol -Wdeprecated-declarations -Wno-sign-conversion -Winfinite-recursion -Wcomma -Wblock-capture-autoreleasing -Wstrict-prototypes -Wno-semicolon-before-method-body -Wunguarded-availability @/Users/lekiaprosper/Library/Developer/Xcode/DerivedData/App-bmeqrztakkzxpkcqfdhhsyyyzbjg/Build/Intermediates.noindex/ArchiveIntermediates/App/IntermediateBuildFilesPath/Pods.build/Release-iphoneos/CapacitorCordova.build/Objects-normal/arm64/e6072d4f65d7061329687fe24e3d63a7-common-args.resp -include /Users/lekiaprosper/Documents/Dev/Connectize/Connectize-Frontend/ios/App/Pods/Target\ Support\ Files/CapacitorCordova/CapacitorCordova-prefix.pch -MMD -MT dependencies -MF /Users/lekiaprosper/Library/Developer/Xcode/DerivedData/App-bmeqrztakkzxpkcqfdhhsyyyzbjg/Build/Intermediates.noindex/ArchiveIntermediates/App/IntermediateBuildFilesPath/Pods.build/Release-iphoneos/CapacitorCordova.build/Objects-normal/arm64/CDVConfigParser.d --serialize-diagnostics /Users/lekiaprosper/Library/Developer/Xcode/DerivedData/App-bmeqrztakkzxpkcqfdhhsyyyzbjg/Build/Intermediates.noindex/ArchiveIntermediates/App/IntermediateBuildFilesPath/Pods.build/Release-iphoneos/CapacitorCordova.build/Objects-normal/arm64/CDVConfigParser.dia -c /Users/lekiaprosper/Documents/Dev/Connectize/Connectize-Frontend/node_modules/@capacitor/ios/CapacitorCordova/CapacitorCordova/Classes/Public/CDVConfigParser.m -o /Users/lekiaprosper/Library/Developer/Xcode/DerivedData/App-bmeqrztakkzxpkcqfdhhsyyyzbjg/Build/Intermediates.noindex/ArchiveIntermediates/App/IntermediateBuildFilesPath/Pods.build/Release-iphoneos/CapacitorCordova.build/Objects-normal/arm64/CDVConfigParser.o

PrecompileModule /Users/lekiaprosper/Library/Developer/Xcode/DerivedData/App-bmeqrztakkzxpkcqfdhhsyyyzbjg/Build/Intermediates.noindex/ArchiveIntermediates/App/IntermediateBuildFilesPath/ExplicitPrecompiledModules/WebKit-2VJLCLW4E7VWS10FHQW3C1QTI.scan
    cd /
    builtin-precompileModule /Users/lekiaprosper/Library/Developer/Xcode/DerivedData/App-bmeqrztakkzxpkcqfdhhsyyyzbjg/Build/Intermediates.noindex/ArchiveIntermediates/App/IntermediateBuildFilesPath/ExplicitPrecompiledModules/WebKit-2VJLCLW4E7VWS10FHQW3C1QTI.scan

CompileC /Users/lekiaprosper/Library/Developer/Xcode/DerivedData/App-bmeqrztakkzxpkcqfdhhsyyyzbjg/Build/Intermediates.noindex/ArchiveIntermediates/App/IntermediateBuildFilesPath/Pods.build/Release-iphoneos/CapacitorCordova.build/Objects-normal/arm64/NSDictionary+CordovaPreferences.o /Users/lekiaprosper/Documents/Dev/Connectize/Connectize-Frontend/node_modules/@capacitor/ios/CapacitorCordova/CapacitorCordova/Classes/Public/NSDictionary+CordovaPreferences.m normal arm64 objective-c com.apple.compilers.llvm.clang.1_0.compiler (in target 'CapacitorCordova' from project 'Pods')
    cd /Users/lekiaprosper/Documents/Dev/Connectize/Connectize-Frontend/ios/App/Pods
    
    Using response file: /Users/lekiaprosper/Library/Developer/Xcode/DerivedData/App-bmeqrztakkzxpkcqfdhhsyyyzbjg/Build/Intermediates.noindex/ArchiveIntermediates/App/IntermediateBuildFilesPath/Pods.build/Release-iphoneos/CapacitorCordova.build/Objects-normal/arm64/e6072d4f65d7061329687fe24e3d63a7-common-args.resp
    
    /Applications/Xcode.app/Contents/Developer/Toolchains/XcodeDefault.xctoolchain/usr/bin/clang -x objective-c -ivfsstatcache /Users/lekiaprosper/Library/Developer/Xcode/DerivedData/SDKStatCaches.noindex/iphoneos26.0-23A339-81ce72e5b06c9602b9d30b56f2eed08a.sdkstatcache -fmessage-length\=0 -fdiagnostics-show-note-include-stack -fmacro-backtrace-limit\=0 -fno-color-diagnostics -fmodules-prune-interval\=86400 -fmodules-prune-after\=345600 -fbuild-session-file\=/Users/lekiaprosper/Library/Developer/Xcode/DerivedData/ModuleCache.noindex/Session.modulevalidation -fmodules-validate-once-per-build-session -Wnon-modular-include-in-framework-module -Werror\=non-modular-include-in-framework-module -Wno-trigraphs -Wno-missing-field-initializers -Wno-missing-prototypes -Werror\=return-type -Wdocumentation -Wunreachable-code -Wno-implicit-atomic-properties -Werror\=deprecated-objc-isa-usage -Wno-objc-interface-ivars -Werror\=objc-root-class -Wno-arc-repeated-use-of-weak -Wimplicit-retain-self -Wduplicate-method-match -Wno-missing-braces -Wparentheses -Wswitch -Wunused-function -Wno-unused-label -Wno-unused-parameter -Wunused-variable -Wunused-value -Wempty-body -Wuninitialized -Wconditional-uninitialized -Wno-unknown-pragmas -Wno-shadow -Wno-four-char-constants -Wno-conversion -Wconstant-conversion -Wint-conversion -Wbool-conversion -Wenum-conversion -Wno-float-conversion -Wnon-literal-null-conversion -Wobjc-literal-conversion -Wshorten-64-to-32 -Wpointer-sign -Wno-newline-eof -Wno-selector -Wno-strict-selector-match -Wundeclared-selector -Wdeprecated-implementations -Wno-implicit-fallthrough -fstrict-aliasing -Wprotocol -Wdeprecated-declarations -Wno-sign-conversion -Winfinite-recursion -Wcomma -Wblock-capture-autoreleasing -Wstrict-prototypes -Wno-semicolon-before-method-body -Wunguarded-availability @/Users/lekiaprosper/Library/Developer/Xcode/DerivedData/App-bmeqrztakkzxpkcqfdhhsyyyzbjg/Build/Intermediates.noindex/ArchiveIntermediates/App/IntermediateBuildFilesPath/Pods.build/Release-iphoneos/CapacitorCordova.build/Objects-normal/arm64/e6072d4f65d7061329687fe24e3d63a7-common-args.resp -include /Users/lekiaprosper/Documents/Dev/Connectize/Connectize-Frontend/ios/App/Pods/Target\ Support\ Files/CapacitorCordova/CapacitorCordova-prefix.pch -MMD -MT dependencies -MF /Users/lekiaprosper/Library/Developer/Xcode/DerivedData/App-bmeqrztakkzxpkcqfdhhsyyyzbjg/Build/Intermediates.noindex/ArchiveIntermediates/App/IntermediateBuildFilesPath/Pods.build/Release-iphoneos/CapacitorCordova.build/Objects-normal/arm64/NSDictionary+CordovaPreferences.d --serialize-diagnostics /Users/lekiaprosper/Library/Developer/Xcode/DerivedData/App-bmeqrztakkzxpkcqfdhhsyyyzbjg/Build/Intermediates.noindex/ArchiveIntermediates/App/IntermediateBuildFilesPath/Pods.build/Release-iphoneos/CapacitorCordova.build/Objects-normal/arm64/NSDictionary+CordovaPreferences.dia -c /Users/lekiaprosper/Documents/Dev/Connectize/Connectize-Frontend/node_modules/@capacitor/ios/CapacitorCordova/CapacitorCordova/Classes/Public/NSDictionary+CordovaPreferences.m -o /Users/lekiaprosper/Library/Developer/Xcode/DerivedData/App-bmeqrztakkzxpkcqfdhhsyyyzbjg/Build/Intermediates.noindex/ArchiveIntermediates/App/IntermediateBuildFilesPath/Pods.build/Release-iphoneos/CapacitorCordova.build/Objects-normal/arm64/NSDictionary+CordovaPreferences.o

CompileC /Users/lekiaprosper/Library/Developer/Xcode/DerivedData/App-bmeqrztakkzxpkcqfdhhsyyyzbjg/Build/Intermediates.noindex/ArchiveIntermediates/App/IntermediateBuildFilesPath/Pods.build/Release-iphoneos/CapacitorCordova.build/Objects-normal/arm64/CapacitorCordova-dummy.o /Users/lekiaprosper/Documents/Dev/Connectize/Connectize-Frontend/ios/App/Pods/Target\ Support\ Files/CapacitorCordova/CapacitorCordova-dummy.m normal arm64 objective-c com.apple.compilers.llvm.clang.1_0.compiler (in target 'CapacitorCordova' from project 'Pods')
    cd /Users/lekiaprosper/Documents/Dev/Connectize/Connectize-Frontend/ios/App/Pods
    
    Using response file: /Users/lekiaprosper/Library/Developer/Xcode/DerivedData/App-bmeqrztakkzxpkcqfdhhsyyyzbjg/Build/Intermediates.noindex/ArchiveIntermediates/App/IntermediateBuildFilesPath/Pods.build/Release-iphoneos/CapacitorCordova.build/Objects-normal/arm64/e6072d4f65d7061329687fe24e3d63a7-common-args.resp
    
    /Applications/Xcode.app/Contents/Developer/Toolchains/XcodeDefault.xctoolchain/usr/bin/clang -x objective-c -ivfsstatcache /Users/lekiaprosper/Library/Developer/Xcode/DerivedData/SDKStatCaches.noindex/iphoneos26.0-23A339-81ce72e5b06c9602b9d30b56f2eed08a.sdkstatcache -fmessage-length\=0 -fdiagnostics-show-note-include-stack -fmacro-backtrace-limit\=0 -fno-color-diagnostics -fmodules-prune-interval\=86400 -fmodules-prune-after\=345600 -fbuild-session-file\=/Users/lekiaprosper/Library/Developer/Xcode/DerivedData/ModuleCache.noindex/Session.modulevalidation -fmodules-validate-once-per-build-session -Wnon-modular-include-in-framework-module -Werror\=non-modular-include-in-framework-module -Wno-trigraphs -Wno-missing-field-initializers -Wno-missing-prototypes -Werror\=return-type -Wdocumentation -Wunreachable-code -Wno-implicit-atomic-properties -Werror\=deprecated-objc-isa-usage -Wno-objc-interface-ivars -Werror\=objc-root-class -Wno-arc-repeated-use-of-weak -Wimplicit-retain-self -Wduplicate-method-match -Wno-missing-braces -Wparentheses -Wswitch -Wunused-function -Wno-unused-label -Wno-unused-parameter -Wunused-variable -Wunused-value -Wempty-body -Wuninitialized -Wconditional-uninitialized -Wno-unknown-pragmas -Wno-shadow -Wno-four-char-constants -Wno-conversion -Wconstant-conversion -Wint-conversion -Wbool-conversion -Wenum-conversion -Wno-float-conversion -Wnon-literal-null-conversion -Wobjc-literal-conversion -Wshorten-64-to-32 -Wpointer-sign -Wno-newline-eof -Wno-selector -Wno-strict-selector-match -Wundeclared-selector -Wdeprecated-implementations -Wno-implicit-fallthrough -fstrict-aliasing -Wprotocol -Wdeprecated-declarations -Wno-sign-conversion -Winfinite-recursion -Wcomma -Wblock-capture-autoreleasing -Wstrict-prototypes -Wno-semicolon-before-method-body -Wunguarded-availability @/Users/lekiaprosper/Library/Developer/Xcode/DerivedData/App-bmeqrztakkzxpkcqfdhhsyyyzbjg/Build/Intermediates.noindex/ArchiveIntermediates/App/IntermediateBuildFilesPath/Pods.build/Release-iphoneos/CapacitorCordova.build/Objects-normal/arm64/e6072d4f65d7061329687fe24e3d63a7-common-args.resp -include /Users/lekiaprosper/Documents/Dev/Connectize/Connectize-Frontend/ios/App/Pods/Target\ Support\ Files/CapacitorCordova/CapacitorCordova-prefix.pch -MMD -MT dependencies -MF /Users/lekiaprosper/Library/Developer/Xcode/DerivedData/App-bmeqrztakkzxpkcqfdhhsyyyzbjg/Build/Intermediates.noindex/ArchiveIntermediates/App/IntermediateBuildFilesPath/Pods.build/Release-iphoneos/CapacitorCordova.build/Objects-normal/arm64/CapacitorCordova-dummy.d --serialize-diagnostics /Users/lekiaprosper/Library/Developer/Xcode/DerivedData/App-bmeqrztakkzxpkcqfdhhsyyyzbjg/Build/Intermediates.noindex/ArchiveIntermediates/App/IntermediateBuildFilesPath/Pods.build/Release-iphoneos/CapacitorCordova.build/Objects-normal/arm64/CapacitorCordova-dummy.dia -c /Users/lekiaprosper/Documents/Dev/Connectize/Connectize-Frontend/ios/App/Pods/Target\ Support\ Files/CapacitorCordova/CapacitorCordova-dummy.m -o /Users/lekiaprosper/Library/Developer/Xcode/DerivedData/App-bmeqrztakkzxpkcqfdhhsyyyzbjg/Build/Intermediates.noindex/ArchiveIntermediates/App/IntermediateBuildFilesPath/Pods.build/Release-iphoneos/CapacitorCordova.build/Objects-normal/arm64/CapacitorCordova-dummy.o

CompileC /Users/lekiaprosper/Library/Developer/Xcode/DerivedData/App-bmeqrztakkzxpkcqfdhhsyyyzbjg/Build/Intermediates.noindex/ArchiveIntermediates/App/IntermediateBuildFilesPath/Pods.build/Release-iphoneos/CapacitorCordova.build/Objects-normal/arm64/CDVPluginResult.o /Users/lekiaprosper/Documents/Dev/Connectize/Connectize-Frontend/node_modules/@capacitor/ios/CapacitorCordova/CapacitorCordova/Classes/Public/CDVPluginResult.m normal arm64 objective-c com.apple.compilers.llvm.clang.1_0.compiler (in target 'CapacitorCordova' from project 'Pods')
    cd /Users/lekiaprosper/Documents/Dev/Connectize/Connectize-Frontend/ios/App/Pods
    
    Using response file: /Users/lekiaprosper/Library/Developer/Xcode/DerivedData/App-bmeqrztakkzxpkcqfdhhsyyyzbjg/Build/Intermediates.noindex/ArchiveIntermediates/App/IntermediateBuildFilesPath/Pods.build/Release-iphoneos/CapacitorCordova.build/Objects-normal/arm64/e6072d4f65d7061329687fe24e3d63a7-common-args.resp
    
    /Applications/Xcode.app/Contents/Developer/Toolchains/XcodeDefault.xctoolchain/usr/bin/clang -x objective-c -ivfsstatcache /Users/lekiaprosper/Library/Developer/Xcode/DerivedData/SDKStatCaches.noindex/iphoneos26.0-23A339-81ce72e5b06c9602b9d30b56f2eed08a.sdkstatcache -fmessage-length\=0 -fdiagnostics-show-note-include-stack -fmacro-backtrace-limit\=0 -fno-color-diagnostics -fmodules-prune-interval\=86400 -fmodules-prune-after\=345600 -fbuild-session-file\=/Users/lekiaprosper/Library/Developer/Xcode/DerivedData/ModuleCache.noindex/Session.modulevalidation -fmodules-validate-once-per-build-session -Wnon-modular-include-in-framework-module -Werror\=non-modular-include-in-framework-module -Wno-trigraphs -Wno-missing-field-initializers -Wno-missing-prototypes -Werror\=return-type -Wdocumentation -Wunreachable-code -Wno-implicit-atomic-properties -Werror\=deprecated-objc-isa-usage -Wno-objc-interface-ivars -Werror\=objc-root-class -Wno-arc-repeated-use-of-weak -Wimplicit-retain-self -Wduplicate-method-match -Wno-missing-braces -Wparentheses -Wswitch -Wunused-function -Wno-unused-label -Wno-unused-parameter -Wunused-variable -Wunused-value -Wempty-body -Wuninitialized -Wconditional-uninitialized -Wno-unknown-pragmas -Wno-shadow -Wno-four-char-constants -Wno-conversion -Wconstant-conversion -Wint-conversion -Wbool-conversion -Wenum-conversion -Wno-float-conversion -Wnon-literal-null-conversion -Wobjc-literal-conversion -Wshorten-64-to-32 -Wpointer-sign -Wno-newline-eof -Wno-selector -Wno-strict-selector-match -Wundeclared-selector -Wdeprecated-implementations -Wno-implicit-fallthrough -fstrict-aliasing -Wprotocol -Wdeprecated-declarations -Wno-sign-conversion -Winfinite-recursion -Wcomma -Wblock-capture-autoreleasing -Wstrict-prototypes -Wno-semicolon-before-method-body -Wunguarded-availability @/Users/lekiaprosper/Library/Developer/Xcode/DerivedData/App-bmeqrztakkzxpkcqfdhhsyyyzbjg/Build/Intermediates.noindex/ArchiveIntermediates/App/IntermediateBuildFilesPath/Pods.build/Release-iphoneos/CapacitorCordova.build/Objects-normal/arm64/e6072d4f65d7061329687fe24e3d63a7-common-args.resp -include /Users/lekiaprosper/Documents/Dev/Connectize/Connectize-Frontend/ios/App/Pods/Target\ Support\ Files/CapacitorCordova/CapacitorCordova-prefix.pch -MMD -MT dependencies -MF /Users/lekiaprosper/Library/Developer/Xcode/DerivedData/App-bmeqrztakkzxpkcqfdhhsyyyzbjg/Build/Intermediates.noindex/ArchiveIntermediates/App/IntermediateBuildFilesPath/Pods.build/Release-iphoneos/CapacitorCordova.build/Objects-normal/arm64/CDVPluginResult.d --serialize-diagnostics /Users/lekiaprosper/Library/Developer/Xcode/DerivedData/App-bmeqrztakkzxpkcqfdhhsyyyzbjg/Build/Intermediates.noindex/ArchiveIntermediates/App/IntermediateBuildFilesPath/Pods.build/Release-iphoneos/CapacitorCordova.build/Objects-normal/arm64/CDVPluginResult.dia -c /Users/lekiaprosper/Documents/Dev/Connectize/Connectize-Frontend/node_modules/@capacitor/ios/CapacitorCordova/CapacitorCordova/Classes/Public/CDVPluginResult.m -o /Users/lekiaprosper/Library/Developer/Xcode/DerivedData/App-bmeqrztakkzxpkcqfdhhsyyyzbjg/Build/Intermediates.noindex/ArchiveIntermediates/App/IntermediateBuildFilesPath/Pods.build/Release-iphoneos/CapacitorCordova.build/Objects-normal/arm64/CDVPluginResult.o

CompileC /Users/lekiaprosper/Library/Developer/Xcode/DerivedData/App-bmeqrztakkzxpkcqfdhhsyyyzbjg/Build/Intermediates.noindex/ArchiveIntermediates/App/IntermediateBuildFilesPath/Pods.build/Release-iphoneos/CapacitorCordova.build/Objects-normal/arm64/AppDelegate.o /Users/lekiaprosper/Documents/Dev/Connectize/Connectize-Frontend/node_modules/@capacitor/ios/CapacitorCordova/CapacitorCordova/Classes/Public/AppDelegate.m normal arm64 objective-c com.apple.compilers.llvm.clang.1_0.compiler (in target 'CapacitorCordova' from project 'Pods')
    cd /Users/lekiaprosper/Documents/Dev/Connectize/Connectize-Frontend/ios/App/Pods
    
    Using response file: /Users/lekiaprosper/Library/Developer/Xcode/DerivedData/App-bmeqrztakkzxpkcqfdhhsyyyzbjg/Build/Intermediates.noindex/ArchiveIntermediates/App/IntermediateBuildFilesPath/Pods.build/Release-iphoneos/CapacitorCordova.build/Objects-normal/arm64/e6072d4f65d7061329687fe24e3d63a7-common-args.resp
    
    /Applications/Xcode.app/Contents/Developer/Toolchains/XcodeDefault.xctoolchain/usr/bin/clang -x objective-c -ivfsstatcache /Users/lekiaprosper/Library/Developer/Xcode/DerivedData/SDKStatCaches.noindex/iphoneos26.0-23A339-81ce72e5b06c9602b9d30b56f2eed08a.sdkstatcache -fmessage-length\=0 -fdiagnostics-show-note-include-stack -fmacro-backtrace-limit\=0 -fno-color-diagnostics -fmodules-prune-interval\=86400 -fmodules-prune-after\=345600 -fbuild-session-file\=/Users/lekiaprosper/Library/Developer/Xcode/DerivedData/ModuleCache.noindex/Session.modulevalidation -fmodules-validate-once-per-build-session -Wnon-modular-include-in-framework-module -Werror\=non-modular-include-in-framework-module -Wno-trigraphs -Wno-missing-field-initializers -Wno-missing-prototypes -Werror\=return-type -Wdocumentation -Wunreachable-code -Wno-implicit-atomic-properties -Werror\=deprecated-objc-isa-usage -Wno-objc-interface-ivars -Werror\=objc-root-class -Wno-arc-repeated-use-of-weak -Wimplicit-retain-self -Wduplicate-method-match -Wno-missing-braces -Wparentheses -Wswitch -Wunused-function -Wno-unused-label -Wno-unused-parameter -Wunused-variable -Wunused-value -Wempty-body -Wuninitialized -Wconditional-uninitialized -Wno-unknown-pragmas -Wno-shadow -Wno-four-char-constants -Wno-conversion -Wconstant-conversion -Wint-conversion -Wbool-conversion -Wenum-conversion -Wno-float-conversion -Wnon-literal-null-conversion -Wobjc-literal-conversion -Wshorten-64-to-32 -Wpointer-sign -Wno-newline-eof -Wno-selector -Wno-strict-selector-match -Wundeclared-selector -Wdeprecated-implementations -Wno-implicit-fallthrough -fstrict-aliasing -Wprotocol -Wdeprecated-declarations -Wno-sign-conversion -Winfinite-recursion -Wcomma -Wblock-capture-autoreleasing -Wstrict-prototypes -Wno-semicolon-before-method-body -Wunguarded-availability @/Users/lekiaprosper/Library/Developer/Xcode/DerivedData/App-bmeqrztakkzxpkcqfdhhsyyyzbjg/Build/Intermediates.noindex/ArchiveIntermediates/App/IntermediateBuildFilesPath/Pods.build/Release-iphoneos/CapacitorCordova.build/Objects-normal/arm64/e6072d4f65d7061329687fe24e3d63a7-common-args.resp -include /Users/lekiaprosper/Documents/Dev/Connectize/Connectize-Frontend/ios/App/Pods/Target\ Support\ Files/CapacitorCordova/CapacitorCordova-prefix.pch -MMD -MT dependencies -MF /Users/lekiaprosper/Library/Developer/Xcode/DerivedData/App-bmeqrztakkzxpkcqfdhhsyyyzbjg/Build/Intermediates.noindex/ArchiveIntermediates/App/IntermediateBuildFilesPath/Pods.build/Release-iphoneos/CapacitorCordova.build/Objects-normal/arm64/AppDelegate.d --serialize-diagnostics /Users/lekiaprosper/Library/Developer/Xcode/DerivedData/App-bmeqrztakkzxpkcqfdhhsyyyzbjg/Build/Intermediates.noindex/ArchiveIntermediates/App/IntermediateBuildFilesPath/Pods.build/Release-iphoneos/CapacitorCordova.build/Objects-normal/arm64/AppDelegate.dia -c /Users/lekiaprosper/Documents/Dev/Connectize/Connectize-Frontend/node_modules/@capacitor/ios/CapacitorCordova/CapacitorCordova/Classes/Public/AppDelegate.m -o /Users/lekiaprosper/Library/Developer/Xcode/DerivedData/App-bmeqrztakkzxpkcqfdhhsyyyzbjg/Build/Intermediates.noindex/ArchiveIntermediates/App/IntermediateBuildFilesPath/Pods.build/Release-iphoneos/CapacitorCordova.build/Objects-normal/arm64/AppDelegate.o

CompileC /Users/lekiaprosper/Library/Developer/Xcode/DerivedData/App-bmeqrztakkzxpkcqfdhhsyyyzbjg/Build/Intermediates.noindex/ArchiveIntermediates/App/IntermediateBuildFilesPath/Pods.build/Release-iphoneos/CapacitorCordova.build/Objects-normal/arm64/CDVWebViewProcessPoolFactory.o /Users/lekiaprosper/Documents/Dev/Connectize/Connectize-Frontend/node_modules/@capacitor/ios/CapacitorCordova/CapacitorCordova/Classes/Public/CDVWebViewProcessPoolFactory.m normal arm64 objective-c com.apple.compilers.llvm.clang.1_0.compiler (in target 'CapacitorCordova' from project 'Pods')
    cd /Users/lekiaprosper/Documents/Dev/Connectize/Connectize-Frontend/ios/App/Pods
    
    Using response file: /Users/lekiaprosper/Library/Developer/Xcode/DerivedData/App-bmeqrztakkzxpkcqfdhhsyyyzbjg/Build/Intermediates.noindex/ArchiveIntermediates/App/IntermediateBuildFilesPath/Pods.build/Release-iphoneos/CapacitorCordova.build/Objects-normal/arm64/e6072d4f65d7061329687fe24e3d63a7-common-args.resp
    
    /Applications/Xcode.app/Contents/Developer/Toolchains/XcodeDefault.xctoolchain/usr/bin/clang -x objective-c -ivfsstatcache /Users/lekiaprosper/Library/Developer/Xcode/DerivedData/SDKStatCaches.noindex/iphoneos26.0-23A339-81ce72e5b06c9602b9d30b56f2eed08a.sdkstatcache -fmessage-length\=0 -fdiagnostics-show-note-include-stack -fmacro-backtrace-limit\=0 -fno-color-diagnostics -fmodules-prune-interval\=86400 -fmodules-prune-after\=345600 -fbuild-session-file\=/Users/lekiaprosper/Library/Developer/Xcode/DerivedData/ModuleCache.noindex/Session.modulevalidation -fmodules-validate-once-per-build-session -Wnon-modular-include-in-framework-module -Werror\=non-modular-include-in-framework-module -Wno-trigraphs -Wno-missing-field-initializers -Wno-missing-prototypes -Werror\=return-type -Wdocumentation -Wunreachable-code -Wno-implicit-atomic-properties -Werror\=deprecated-objc-isa-usage -Wno-objc-interface-ivars -Werror\=objc-root-class -Wno-arc-repeated-use-of-weak -Wimplicit-retain-self -Wduplicate-method-match -Wno-missing-braces -Wparentheses -Wswitch -Wunused-function -Wno-unused-label -Wno-unused-parameter -Wunused-variable -Wunused-value -Wempty-body -Wuninitialized -Wconditional-uninitialized -Wno-unknown-pragmas -Wno-shadow -Wno-four-char-constants -Wno-conversion -Wconstant-conversion -Wint-conversion -Wbool-conversion -Wenum-conversion -Wno-float-conversion -Wnon-literal-null-conversion -Wobjc-literal-conversion -Wshorten-64-to-32 -Wpointer-sign -Wno-newline-eof -Wno-selector -Wno-strict-selector-match -Wundeclared-selector -Wdeprecated-implementations -Wno-implicit-fallthrough -fstrict-aliasing -Wprotocol -Wdeprecated-declarations -Wno-sign-conversion -Winfinite-recursion -Wcomma -Wblock-capture-autoreleasing -Wstrict-prototypes -Wno-semicolon-before-method-body -Wunguarded-availability @/Users/lekiaprosper/Library/Developer/Xcode/DerivedData/App-bmeqrztakkzxpkcqfdhhsyyyzbjg/Build/Intermediates.noindex/ArchiveIntermediates/App/IntermediateBuildFilesPath/Pods.build/Release-iphoneos/CapacitorCordova.build/Objects-normal/arm64/e6072d4f65d7061329687fe24e3d63a7-common-args.resp -include /Users/lekiaprosper/Documents/Dev/Connectize/Connectize-Frontend/ios/App/Pods/Target\ Support\ Files/CapacitorCordova/CapacitorCordova-prefix.pch -MMD -MT dependencies -MF /Users/lekiaprosper/Library/Developer/Xcode/DerivedData/App-bmeqrztakkzxpkcqfdhhsyyyzbjg/Build/Intermediates.noindex/ArchiveIntermediates/App/IntermediateBuildFilesPath/Pods.build/Release-iphoneos/CapacitorCordova.build/Objects-normal/arm64/CDVWebViewProcessPoolFactory.d --serialize-diagnostics /Users/lekiaprosper/Library/Developer/Xcode/DerivedData/App-bmeqrztakkzxpkcqfdhhsyyyzbjg/Build/Intermediates.noindex/ArchiveIntermediates/App/IntermediateBuildFilesPath/Pods.build/Release-iphoneos/CapacitorCordova.build/Objects-normal/arm64/CDVWebViewProcessPoolFactory.dia -c /Users/lekiaprosper/Documents/Dev/Connectize/Connectize-Frontend/node_modules/@capacitor/ios/CapacitorCordova/CapacitorCordova/Classes/Public/CDVWebViewProcessPoolFactory.m -o /Users/lekiaprosper/Library/Developer/Xcode/DerivedData/App-bmeqrztakkzxpkcqfdhhsyyyzbjg/Build/Intermediates.noindex/ArchiveIntermediates/App/IntermediateBuildFilesPath/Pods.build/Release-iphoneos/CapacitorCordova.build/Objects-normal/arm64/CDVWebViewProcessPoolFactory.o

CompileC /Users/lekiaprosper/Library/Developer/Xcode/DerivedData/App-bmeqrztakkzxpkcqfdhhsyyyzbjg/Build/Intermediates.noindex/ArchiveIntermediates/App/IntermediateBuildFilesPath/Pods.build/Release-iphoneos/CapacitorCordova.build/Objects-normal/arm64/CDVPlugin.o /Users/lekiaprosper/Documents/Dev/Connectize/Connectize-Frontend/node_modules/@capacitor/ios/CapacitorCordova/CapacitorCordova/Classes/Public/CDVPlugin.m normal arm64 objective-c com.apple.compilers.llvm.clang.1_0.compiler (in target 'CapacitorCordova' from project 'Pods')
    cd /Users/lekiaprosper/Documents/Dev/Connectize/Connectize-Frontend/ios/App/Pods
    
    Using response file: /Users/lekiaprosper/Library/Developer/Xcode/DerivedData/App-bmeqrztakkzxpkcqfdhhsyyyzbjg/Build/Intermediates.noindex/ArchiveIntermediates/App/IntermediateBuildFilesPath/Pods.build/Release-iphoneos/CapacitorCordova.build/Objects-normal/arm64/e6072d4f65d7061329687fe24e3d63a7-common-args.resp
    
    /Applications/Xcode.app/Contents/Developer/Toolchains/XcodeDefault.xctoolchain/usr/bin/clang -x objective-c -ivfsstatcache /Users/lekiaprosper/Library/Developer/Xcode/DerivedData/SDKStatCaches.noindex/iphoneos26.0-23A339-81ce72e5b06c9602b9d30b56f2eed08a.sdkstatcache -fmessage-length\=0 -fdiagnostics-show-note-include-stack -fmacro-backtrace-limit\=0 -fno-color-diagnostics -fmodules-prune-interval\=86400 -fmodules-prune-after\=345600 -fbuild-session-file\=/Users/lekiaprosper/Library/Developer/Xcode/DerivedData/ModuleCache.noindex/Session.modulevalidation -fmodules-validate-once-per-build-session -Wnon-modular-include-in-framework-module -Werror\=non-modular-include-in-framework-module -Wno-trigraphs -Wno-missing-field-initializers -Wno-missing-prototypes -Werror\=return-type -Wdocumentation -Wunreachable-code -Wno-implicit-atomic-properties -Werror\=deprecated-objc-isa-usage -Wno-objc-interface-ivars -Werror\=objc-root-class -Wno-arc-repeated-use-of-weak -Wimplicit-retain-self -Wduplicate-method-match -Wno-missing-braces -Wparentheses -Wswitch -Wunused-function -Wno-unused-label -Wno-unused-parameter -Wunused-variable -Wunused-value -Wempty-body -Wuninitialized -Wconditional-uninitialized -Wno-unknown-pragmas -Wno-shadow -Wno-four-char-constants -Wno-conversion -Wconstant-conversion -Wint-conversion -Wbool-conversion -Wenum-conversion -Wno-float-conversion -Wnon-literal-null-conversion -Wobjc-literal-conversion -Wshorten-64-to-32 -Wpointer-sign -Wno-newline-eof -Wno-selector -Wno-strict-selector-match -Wundeclared-selector -Wdeprecated-implementations -Wno-implicit-fallthrough -fstrict-aliasing -Wprotocol -Wdeprecated-declarations -Wno-sign-conversion -Winfinite-recursion -Wcomma -Wblock-capture-autoreleasing -Wstrict-prototypes -Wno-semicolon-before-method-body -Wunguarded-availability @/Users/lekiaprosper/Library/Developer/Xcode/DerivedData/App-bmeqrztakkzxpkcqfdhhsyyyzbjg/Build/Intermediates.noindex/ArchiveIntermediates/App/IntermediateBuildFilesPath/Pods.build/Release-iphoneos/CapacitorCordova.build/Objects-normal/arm64/e6072d4f65d7061329687fe24e3d63a7-common-args.resp -include /Users/lekiaprosper/Documents/Dev/Connectize/Connectize-Frontend/ios/App/Pods/Target\ Support\ Files/CapacitorCordova/CapacitorCordova-prefix.pch -MMD -MT dependencies -MF /Users/lekiaprosper/Library/Developer/Xcode/DerivedData/App-bmeqrztakkzxpkcqfdhhsyyyzbjg/Build/Intermediates.noindex/ArchiveIntermediates/App/IntermediateBuildFilesPath/Pods.build/Release-iphoneos/CapacitorCordova.build/Objects-normal/arm64/CDVPlugin.d --serialize-diagnostics /Users/lekiaprosper/Library/Developer/Xcode/DerivedData/App-bmeqrztakkzxpkcqfdhhsyyyzbjg/Build/Intermediates.noindex/ArchiveIntermediates/App/IntermediateBuildFilesPath/Pods.build/Release-iphoneos/CapacitorCordova.build/Objects-normal/arm64/CDVPlugin.dia -c /Users/lekiaprosper/Documents/Dev/Connectize/Connectize-Frontend/node_modules/@capacitor/ios/CapacitorCordova/CapacitorCordova/Classes/Public/CDVPlugin.m -o /Users/lekiaprosper/Library/Developer/Xcode/DerivedData/App-bmeqrztakkzxpkcqfdhhsyyyzbjg/Build/Intermediates.noindex/ArchiveIntermediates/App/IntermediateBuildFilesPath/Pods.build/Release-iphoneos/CapacitorCordova.build/Objects-normal/arm64/CDVPlugin.o

CompileC /Users/lekiaprosper/Library/Developer/Xcode/DerivedData/App-bmeqrztakkzxpkcqfdhhsyyyzbjg/Build/Intermediates.noindex/ArchiveIntermediates/App/IntermediateBuildFilesPath/Pods.build/Release-iphoneos/CapacitorCordova.build/Objects-normal/arm64/CDVPlugin+Resources.o /Users/lekiaprosper/Documents/Dev/Connectize/Connectize-Frontend/node_modules/@capacitor/ios/CapacitorCordova/CapacitorCordova/Classes/Public/CDVPlugin+Resources.m normal arm64 objective-c com.apple.compilers.llvm.clang.1_0.compiler (in target 'CapacitorCordova' from project 'Pods')
    cd /Users/lekiaprosper/Documents/Dev/Connectize/Connectize-Frontend/ios/App/Pods
    
    Using response file: /Users/lekiaprosper/Library/Developer/Xcode/DerivedData/App-bmeqrztakkzxpkcqfdhhsyyyzbjg/Build/Intermediates.noindex/ArchiveIntermediates/App/IntermediateBuildFilesPath/Pods.build/Release-iphoneos/CapacitorCordova.build/Objects-normal/arm64/e6072d4f65d7061329687fe24e3d63a7-common-args.resp
    
    /Applications/Xcode.app/Contents/Developer/Toolchains/XcodeDefault.xctoolchain/usr/bin/clang -x objective-c -ivfsstatcache /Users/lekiaprosper/Library/Developer/Xcode/DerivedData/SDKStatCaches.noindex/iphoneos26.0-23A339-81ce72e5b06c9602b9d30b56f2eed08a.sdkstatcache -fmessage-length\=0 -fdiagnostics-show-note-include-stack -fmacro-backtrace-limit\=0 -fno-color-diagnostics -fmodules-prune-interval\=86400 -fmodules-prune-after\=345600 -fbuild-session-file\=/Users/lekiaprosper/Library/Developer/Xcode/DerivedData/ModuleCache.noindex/Session.modulevalidation -fmodules-validate-once-per-build-session -Wnon-modular-include-in-framework-module -Werror\=non-modular-include-in-framework-module -Wno-trigraphs -Wno-missing-field-initializers -Wno-missing-prototypes -Werror\=return-type -Wdocumentation -Wunreachable-code -Wno-implicit-atomic-properties -Werror\=deprecated-objc-isa-usage -Wno-objc-interface-ivars -Werror\=objc-root-class -Wno-arc-repeated-use-of-weak -Wimplicit-retain-self -Wduplicate-method-match -Wno-missing-braces -Wparentheses -Wswitch -Wunused-function -Wno-unused-label -Wno-unused-parameter -Wunused-variable -Wunused-value -Wempty-body -Wuninitialized -Wconditional-uninitialized -Wno-unknown-pragmas -Wno-shadow -Wno-four-char-constants -Wno-conversion -Wconstant-conversion -Wint-conversion -Wbool-conversion -Wenum-conversion -Wno-float-conversion -Wnon-literal-null-conversion -Wobjc-literal-conversion -Wshorten-64-to-32 -Wpointer-sign -Wno-newline-eof -Wno-selector -Wno-strict-selector-match -Wundeclared-selector -Wdeprecated-implementations -Wno-implicit-fallthrough -fstrict-aliasing -Wprotocol -Wdeprecated-declarations -Wno-sign-conversion -Winfinite-recursion -Wcomma -Wblock-capture-autoreleasing -Wstrict-prototypes -Wno-semicolon-before-method-body -Wunguarded-availability @/Users/lekiaprosper/Library/Developer/Xcode/DerivedData/App-bmeqrztakkzxpkcqfdhhsyyyzbjg/Build/Intermediates.noindex/ArchiveIntermediates/App/IntermediateBuildFilesPath/Pods.build/Release-iphoneos/CapacitorCordova.build/Objects-normal/arm64/e6072d4f65d7061329687fe24e3d63a7-common-args.resp -include /Users/lekiaprosper/Documents/Dev/Connectize/Connectize-Frontend/ios/App/Pods/Target\ Support\ Files/CapacitorCordova/CapacitorCordova-prefix.pch -MMD -MT dependencies -MF /Users/lekiaprosper/Library/Developer/Xcode/DerivedData/App-bmeqrztakkzxpkcqfdhhsyyyzbjg/Build/Intermediates.noindex/ArchiveIntermediates/App/IntermediateBuildFilesPath/Pods.build/Release-iphoneos/CapacitorCordova.build/Objects-normal/arm64/CDVPlugin+Resources.d --serialize-diagnostics /Users/lekiaprosper/Library/Developer/Xcode/DerivedData/App-bmeqrztakkzxpkcqfdhhsyyyzbjg/Build/Intermediates.noindex/ArchiveIntermediates/App/IntermediateBuildFilesPath/Pods.build/Release-iphoneos/CapacitorCordova.build/Objects-normal/arm64/CDVPlugin+Resources.dia -c /Users/lekiaprosper/Documents/Dev/Connectize/Connectize-Frontend/node_modules/@capacitor/ios/CapacitorCordova/CapacitorCordova/Classes/Public/CDVPlugin+Resources.m -o /Users/lekiaprosper/Library/Developer/Xcode/DerivedData/App-bmeqrztakkzxpkcqfdhhsyyyzbjg/Build/Intermediates.noindex/ArchiveIntermediates/App/IntermediateBuildFilesPath/Pods.build/Release-iphoneos/CapacitorCordova.build/Objects-normal/arm64/CDVPlugin+Resources.o

CompileC /Users/lekiaprosper/Library/Developer/Xcode/DerivedData/App-bmeqrztakkzxpkcqfdhhsyyyzbjg/Build/Intermediates.noindex/ArchiveIntermediates/App/IntermediateBuildFilesPath/Pods.build/Release-iphoneos/CapacitorCordova.build/Objects-normal/arm64/CDVPluginManager.o /Users/lekiaprosper/Documents/Dev/Connectize/Connectize-Frontend/node_modules/@capacitor/ios/CapacitorCordova/CapacitorCordova/Classes/Public/CDVPluginManager.m normal arm64 objective-c com.apple.compilers.llvm.clang.1_0.compiler (in target 'CapacitorCordova' from project 'Pods')
    cd /Users/lekiaprosper/Documents/Dev/Connectize/Connectize-Frontend/ios/App/Pods
    
    Using response file: /Users/lekiaprosper/Library/Developer/Xcode/DerivedData/App-bmeqrztakkzxpkcqfdhhsyyyzbjg/Build/Intermediates.noindex/ArchiveIntermediates/App/IntermediateBuildFilesPath/Pods.build/Release-iphoneos/CapacitorCordova.build/Objects-normal/arm64/e6072d4f65d7061329687fe24e3d63a7-common-args.resp
    
    /Applications/Xcode.app/Contents/Developer/Toolchains/XcodeDefault.xctoolchain/usr/bin/clang -x objective-c -ivfsstatcache /Users/lekiaprosper/Library/Developer/Xcode/DerivedData/SDKStatCaches.noindex/iphoneos26.0-23A339-81ce72e5b06c9602b9d30b56f2eed08a.sdkstatcache -fmessage-length\=0 -fdiagnostics-show-note-include-stack -fmacro-backtrace-limit\=0 -fno-color-diagnostics -fmodules-prune-interval\=86400 -fmodules-prune-after\=345600 -fbuild-session-file\=/Users/lekiaprosper/Library/Developer/Xcode/DerivedData/ModuleCache.noindex/Session.modulevalidation -fmodules-validate-once-per-build-session -Wnon-modular-include-in-framework-module -Werror\=non-modular-include-in-framework-module -Wno-trigraphs -Wno-missing-field-initializers -Wno-missing-prototypes -Werror\=return-type -Wdocumentation -Wunreachable-code -Wno-implicit-atomic-properties -Werror\=deprecated-objc-isa-usage -Wno-objc-interface-ivars -Werror\=objc-root-class -Wno-arc-repeated-use-of-weak -Wimplicit-retain-self -Wduplicate-method-match -Wno-missing-braces -Wparentheses -Wswitch -Wunused-function -Wno-unused-label -Wno-unused-parameter -Wunused-variable -Wunused-value -Wempty-body -Wuninitialized -Wconditional-uninitialized -Wno-unknown-pragmas -Wno-shadow -Wno-four-char-constants -Wno-conversion -Wconstant-conversion -Wint-conversion -Wbool-conversion -Wenum-conversion -Wno-float-conversion -Wnon-literal-null-conversion -Wobjc-literal-conversion -Wshorten-64-to-32 -Wpointer-sign -Wno-newline-eof -Wno-selector -Wno-strict-selector-match -Wundeclared-selector -Wdeprecated-implementations -Wno-implicit-fallthrough -fstrict-aliasing -Wprotocol -Wdeprecated-declarations -Wno-sign-conversion -Winfinite-recursion -Wcomma -Wblock-capture-autoreleasing -Wstrict-prototypes -Wno-semicolon-before-method-body -Wunguarded-availability @/Users/lekiaprosper/Library/Developer/Xcode/DerivedData/App-bmeqrztakkzxpkcqfdhhsyyyzbjg/Build/Intermediates.noindex/ArchiveIntermediates/App/IntermediateBuildFilesPath/Pods.build/Release-iphoneos/CapacitorCordova.build/Objects-normal/arm64/e6072d4f65d7061329687fe24e3d63a7-common-args.resp -include /Users/lekiaprosper/Documents/Dev/Connectize/Connectize-Frontend/ios/App/Pods/Target\ Support\ Files/CapacitorCordova/CapacitorCordova-prefix.pch -MMD -MT dependencies -MF /Users/lekiaprosper/Library/Developer/Xcode/DerivedData/App-bmeqrztakkzxpkcqfdhhsyyyzbjg/Build/Intermediates.noindex/ArchiveIntermediates/App/IntermediateBuildFilesPath/Pods.build/Release-iphoneos/CapacitorCordova.build/Objects-normal/arm64/CDVPluginManager.d --serialize-diagnostics /Users/lekiaprosper/Library/Developer/Xcode/DerivedData/App-bmeqrztakkzxpkcqfdhhsyyyzbjg/Build/Intermediates.noindex/ArchiveIntermediates/App/IntermediateBuildFilesPath/Pods.build/Release-iphoneos/CapacitorCordova.build/Objects-normal/arm64/CDVPluginManager.dia -c /Users/lekiaprosper/Documents/Dev/Connectize/Connectize-Frontend/node_modules/@capacitor/ios/CapacitorCordova/CapacitorCordova/Classes/Public/CDVPluginManager.m -o /Users/lekiaprosper/Library/Developer/Xcode/DerivedData/App-bmeqrztakkzxpkcqfdhhsyyyzbjg/Build/Intermediates.noindex/ArchiveIntermediates/App/IntermediateBuildFilesPath/Pods.build/Release-iphoneos/CapacitorCordova.build/Objects-normal/arm64/CDVPluginManager.o

CompileC /Users/lekiaprosper/Library/Developer/Xcode/DerivedData/App-bmeqrztakkzxpkcqfdhhsyyyzbjg/Build/Intermediates.noindex/ArchiveIntermediates/App/IntermediateBuildFilesPath/Pods.build/Release-iphoneos/CapacitorCordova.build/Objects-normal/arm64/CDVCommandDelegateImpl.o /Users/lekiaprosper/Documents/Dev/Connectize/Connectize-Frontend/node_modules/@capacitor/ios/CapacitorCordova/CapacitorCordova/Classes/Public/CDVCommandDelegateImpl.m normal arm64 objective-c com.apple.compilers.llvm.clang.1_0.compiler (in target 'CapacitorCordova' from project 'Pods')
    cd /Users/lekiaprosper/Documents/Dev/Connectize/Connectize-Frontend/ios/App/Pods
    
    Using response file: /Users/lekiaprosper/Library/Developer/Xcode/DerivedData/App-bmeqrztakkzxpkcqfdhhsyyyzbjg/Build/Intermediates.noindex/ArchiveIntermediates/App/IntermediateBuildFilesPath/Pods.build/Release-iphoneos/CapacitorCordova.build/Objects-normal/arm64/e6072d4f65d7061329687fe24e3d63a7-common-args.resp
    
    /Applications/Xcode.app/Contents/Developer/Toolchains/XcodeDefault.xctoolchain/usr/bin/clang -x objective-c -ivfsstatcache /Users/lekiaprosper/Library/Developer/Xcode/DerivedData/SDKStatCaches.noindex/iphoneos26.0-23A339-81ce72e5b06c9602b9d30b56f2eed08a.sdkstatcache -fmessage-length\=0 -fdiagnostics-show-note-include-stack -fmacro-backtrace-limit\=0 -fno-color-diagnostics -fmodules-prune-interval\=86400 -fmodules-prune-after\=345600 -fbuild-session-file\=/Users/lekiaprosper/Library/Developer/Xcode/DerivedData/ModuleCache.noindex/Session.modulevalidation -fmodules-validate-once-per-build-session -Wnon-modular-include-in-framework-module -Werror\=non-modular-include-in-framework-module -Wno-trigraphs -Wno-missing-field-initializers -Wno-missing-prototypes -Werror\=return-type -Wdocumentation -Wunreachable-code -Wno-implicit-atomic-properties -Werror\=deprecated-objc-isa-usage -Wno-objc-interface-ivars -Werror\=objc-root-class -Wno-arc-repeated-use-of-weak -Wimplicit-retain-self -Wduplicate-method-match -Wno-missing-braces -Wparentheses -Wswitch -Wunused-function -Wno-unused-label -Wno-unused-parameter -Wunused-variable -Wunused-value -Wempty-body -Wuninitialized -Wconditional-uninitialized -Wno-unknown-pragmas -Wno-shadow -Wno-four-char-constants -Wno-conversion -Wconstant-conversion -Wint-conversion -Wbool-conversion -Wenum-conversion -Wno-float-conversion -Wnon-literal-null-conversion -Wobjc-literal-conversion -Wshorten-64-to-32 -Wpointer-sign -Wno-newline-eof -Wno-selector -Wno-strict-selector-match -Wundeclared-selector -Wdeprecated-implementations -Wno-implicit-fallthrough -fstrict-aliasing -Wprotocol -Wdeprecated-declarations -Wno-sign-conversion -Winfinite-recursion -Wcomma -Wblock-capture-autoreleasing -Wstrict-prototypes -Wno-semicolon-before-method-body -Wunguarded-availability @/Users/lekiaprosper/Library/Developer/Xcode/DerivedData/App-bmeqrztakkzxpkcqfdhhsyyyzbjg/Build/Intermediates.noindex/ArchiveIntermediates/App/IntermediateBuildFilesPath/Pods.build/Release-iphoneos/CapacitorCordova.build/Objects-normal/arm64/e6072d4f65d7061329687fe24e3d63a7-common-args.resp -include /Users/lekiaprosper/Documents/Dev/Connectize/Connectize-Frontend/ios/App/Pods/Target\ Support\ Files/CapacitorCordova/CapacitorCordova-prefix.pch -MMD -MT dependencies -MF /Users/lekiaprosper/Library/Developer/Xcode/DerivedData/App-bmeqrztakkzxpkcqfdhhsyyyzbjg/Build/Intermediates.noindex/ArchiveIntermediates/App/IntermediateBuildFilesPath/Pods.build/Release-iphoneos/CapacitorCordova.build/Objects-normal/arm64/CDVCommandDelegateImpl.d --serialize-diagnostics /Users/lekiaprosper/Library/Developer/Xcode/DerivedData/App-bmeqrztakkzxpkcqfdhhsyyyzbjg/Build/Intermediates.noindex/ArchiveIntermediates/App/IntermediateBuildFilesPath/Pods.build/Release-iphoneos/CapacitorCordova.build/Objects-normal/arm64/CDVCommandDelegateImpl.dia -c /Users/lekiaprosper/Documents/Dev/Connectize/Connectize-Frontend/node_modules/@capacitor/ios/CapacitorCordova/CapacitorCordova/Classes/Public/CDVCommandDelegateImpl.m -o /Users/lekiaprosper/Library/Developer/Xcode/DerivedData/App-bmeqrztakkzxpkcqfdhhsyyyzbjg/Build/Intermediates.noindex/ArchiveIntermediates/App/IntermediateBuildFilesPath/Pods.build/Release-iphoneos/CapacitorCordova.build/Objects-normal/arm64/CDVCommandDelegateImpl.o

Libtool /Users/lekiaprosper/Library/Developer/Xcode/DerivedData/App-bmeqrztakkzxpkcqfdhhsyyyzbjg/Build/Intermediates.noindex/ArchiveIntermediates/App/IntermediateBuildFilesPath/UninstalledProducts/iphoneos/Cordova.framework/Cordova normal (in target 'CapacitorCordova' from project 'Pods')
    cd /Users/lekiaprosper/Documents/Dev/Connectize/Connectize-Frontend/ios/App/Pods
    /Applications/Xcode.app/Contents/Developer/Toolchains/XcodeDefault.xctoolchain/usr/bin/libtool -static -arch_only arm64 -D -syslibroot /Applications/Xcode.app/Contents/Developer/Platforms/iPhoneOS.platform/Developer/SDKs/iPhoneOS26.0.sdk -L/Users/lekiaprosper/Library/Developer/Xcode/DerivedData/App-bmeqrztakkzxpkcqfdhhsyyyzbjg/Build/Intermediates.noindex/ArchiveIntermediates/App/BuildProductsPath/Release-iphoneos/CapacitorCordova -filelist /Users/lekiaprosper/Library/Developer/Xcode/DerivedData/App-bmeqrztakkzxpkcqfdhhsyyyzbjg/Build/Intermediates.noindex/ArchiveIntermediates/App/IntermediateBuildFilesPath/Pods.build/Release-iphoneos/CapacitorCordova.build/Objects-normal/arm64/Cordova.LinkFileList -framework Foundation -dependency_info /Users/lekiaprosper/Library/Developer/Xcode/DerivedData/App-bmeqrztakkzxpkcqfdhhsyyyzbjg/Build/Intermediates.noindex/ArchiveIntermediates/App/IntermediateBuildFilesPath/Pods.build/Release-iphoneos/CapacitorCordova.build/Objects-normal/arm64/Cordova_libtool_dependency_info.dat -o /Users/lekiaprosper/Library/Developer/Xcode/DerivedData/App-bmeqrztakkzxpkcqfdhhsyyyzbjg/Build/Intermediates.noindex/ArchiveIntermediates/App/IntermediateBuildFilesPath/UninstalledProducts/iphoneos/Cordova.framework/Cordova

SetOwnerAndGroup lekiaprosper:staff /Users/lekiaprosper/Library/Developer/Xcode/DerivedData/App-bmeqrztakkzxpkcqfdhhsyyyzbjg/Build/Intermediates.noindex/ArchiveIntermediates/App/IntermediateBuildFilesPath/UninstalledProducts/iphoneos/Cordova.framework (in target 'CapacitorCordova' from project 'Pods')
    cd /Users/lekiaprosper/Documents/Dev/Connectize/Connectize-Frontend/ios/App/Pods
    /usr/sbin/chown -RH lekiaprosper:staff /Users/lekiaprosper/Library/Developer/Xcode/DerivedData/App-bmeqrztakkzxpkcqfdhhsyyyzbjg/Build/Intermediates.noindex/ArchiveIntermediates/App/IntermediateBuildFilesPath/UninstalledProducts/iphoneos/Cordova.framework

SetMode u+w,go-w,a+rX /Users/lekiaprosper/Library/Developer/Xcode/DerivedData/App-bmeqrztakkzxpkcqfdhhsyyyzbjg/Build/Intermediates.noindex/ArchiveIntermediates/App/IntermediateBuildFilesPath/UninstalledProducts/iphoneos/Cordova.framework (in target 'CapacitorCordova' from project 'Pods')
    cd /Users/lekiaprosper/Documents/Dev/Connectize/Connectize-Frontend/ios/App/Pods
    /bin/chmod -RH u+w,go-w,a+rX /Users/lekiaprosper/Library/Developer/Xcode/DerivedData/App-bmeqrztakkzxpkcqfdhhsyyyzbjg/Build/Intermediates.noindex/ArchiveIntermediates/App/IntermediateBuildFilesPath/UninstalledProducts/iphoneos/Cordova.framework

RegisterExecutionPolicyException /Users/lekiaprosper/Library/Developer/Xcode/DerivedData/App-bmeqrztakkzxpkcqfdhhsyyyzbjg/Build/Intermediates.noindex/ArchiveIntermediates/App/IntermediateBuildFilesPath/UninstalledProducts/iphoneos/Cordova.framework (in target 'CapacitorCordova' from project 'Pods')
    cd /Users/lekiaprosper/Documents/Dev/Connectize/Connectize-Frontend/ios/App/Pods
    builtin-RegisterExecutionPolicyException /Users/lekiaprosper/Library/Developer/Xcode/DerivedData/App-bmeqrztakkzxpkcqfdhhsyyyzbjg/Build/Intermediates.noindex/ArchiveIntermediates/App/IntermediateBuildFilesPath/UninstalledProducts/iphoneos/Cordova.framework

Touch /Users/lekiaprosper/Library/Developer/Xcode/DerivedData/App-bmeqrztakkzxpkcqfdhhsyyyzbjg/Build/Intermediates.noindex/ArchiveIntermediates/App/IntermediateBuildFilesPath/UninstalledProducts/iphoneos/Cordova.framework (in target 'CapacitorCordova' from project 'Pods')
    cd /Users/lekiaprosper/Documents/Dev/Connectize/Connectize-Frontend/ios/App/Pods
    /usr/bin/touch -c /Users/lekiaprosper/Library/Developer/Xcode/DerivedData/App-bmeqrztakkzxpkcqfdhhsyyyzbjg/Build/Intermediates.noindex/ArchiveIntermediates/App/IntermediateBuildFilesPath/UninstalledProducts/iphoneos/Cordova.framework

ProcessInfoPlistFile /Users/lekiaprosper/Library/Developer/Xcode/DerivedData/App-bmeqrztakkzxpkcqfdhhsyyyzbjg/Build/Intermediates.noindex/ArchiveIntermediates/App/IntermediateBuildFilesPath/UninstalledProducts/iphoneos/Capacitor.framework/Info.plist /Users/lekiaprosper/Documents/Dev/Connectize/Connectize-Frontend/ios/App/Pods/Target\ Support\ Files/Capacitor/Capacitor-Info.plist (in target 'Capacitor' from project 'Pods')
    cd /Users/lekiaprosper/Documents/Dev/Connectize/Connectize-Frontend/ios/App/Pods
    builtin-infoPlistUtility /Users/lekiaprosper/Documents/Dev/Connectize/Connectize-Frontend/ios/App/Pods/Target\ Support\ Files/Capacitor/Capacitor-Info.plist -producttype com.apple.product-type.framework -expandbuildsettings -format binary -platform iphoneos -requiredArchitecture arm64 -o /Users/lekiaprosper/Library/Developer/Xcode/DerivedData/App-bmeqrztakkzxpkcqfdhhsyyyzbjg/Build/Intermediates.noindex/ArchiveIntermediates/App/IntermediateBuildFilesPath/UninstalledProducts/iphoneos/Capacitor.framework/Info.plist

SwiftDriverJobDiscovery normal arm64 Compiling AppUUID.swift, Array+Capacitor.swift, CapacitorBridge.swift, CapacitorCookieManager.swift, CapacitorCookies.swift, CapacitorExtension.swift, CapacitorHttp.swift, CapacitorUrlRequest.swift, CAPApplicationDelegateProxy.swift, CAPBridge.swift, CAPBridgeDelegate.swift, CAPBridgedPlugin+getMethod.swift, CAPBridgeProtocol.swift, CAPBridgeViewController.swift, CAPFile.swift, CAPInstanceConfiguration.swift, CAPInstanceDescriptor.swift, CAPInstancePlugin.swift, CAPLog.swift, CAPNotifications.swift, CAPPlugin+LoadInstance.swift, CAPPluginCall.swift, CAPPluginMethod.swift, Console.swift, Data+Capacitor.swift, DocLinks.swift, HttpRequestHandler.swift, JS.swift, JSExport.swift, JSTypes.swift, JSValueDecoder.swift, JSValueEncoder.swift, KeyPath.swift, KeyValueStore.swift, NotificationHandlerProtocol.swift, NotificationRouter.swift, PluginCallResult.swift, PluginConfig.swift, Router.swift, TmpViewController.swift, UIColor.swift, WebView.swift, WebViewAssetHandler.swift, WebViewDelegationHandler.swift, WKWebView+Capacitor.swift (in target 'Capacitor' from project 'Pods')

SwiftDriver\ Compilation\ Requirements Capacitor normal arm64 com.apple.xcode.tools.swift.compiler (in target 'Capacitor' from project 'Pods')
    cd /Users/lekiaprosper/Documents/Dev/Connectize/Connectize-Frontend/ios/App/Pods
    builtin-Swift-Compilation-Requirements -- /Applications/Xcode.app/Contents/Developer/Toolchains/XcodeDefault.xctoolchain/usr/bin/swiftc -disable-bridging-pch -module-name Capacitor -Onone -whole-module-optimization -enforce-exclusivity\=checked @/Users/lekiaprosper/Library/Developer/Xcode/DerivedData/App-bmeqrztakkzxpkcqfdhhsyyyzbjg/Build/Intermediates.noindex/ArchiveIntermediates/App/IntermediateBuildFilesPath/Pods.build/Release-iphoneos/Capacitor.build/Objects-normal/arm64/Capacitor.SwiftFileList -D COCOAPODS -enable-bare-slash-regex -enable-experimental-feature DebugDescriptionMacro -sdk /Applications/Xcode.app/Contents/Developer/Platforms/iPhoneOS.platform/Developer/SDKs/iPhoneOS26.0.sdk -target arm64-apple-ios14.0 -g -module-cache-path /Users/lekiaprosper/Library/Developer/Xcode/DerivedData/ModuleCache.noindex -Xfrontend -serialize-debugging-options -suppress-warnings -swift-version 5 -I /Users/lekiaprosper/Library/Developer/Xcode/DerivedData/App-bmeqrztakkzxpkcqfdhhsyyyzbjg/Build/Intermediates.noindex/ArchiveIntermediates/App/BuildProductsPath/Release-iphoneos/Capacitor -F /Users/lekiaprosper/Library/Developer/Xcode/DerivedData/App-bmeqrztakkzxpkcqfdhhsyyyzbjg/Build/Intermediates.noindex/ArchiveIntermediates/App/BuildProductsPath/Release-iphoneos/Capacitor -F /Users/lekiaprosper/Library/Developer/Xcode/DerivedData/App-bmeqrztakkzxpkcqfdhhsyyyzbjg/Build/Intermediates.noindex/ArchiveIntermediates/App/BuildProductsPath/Release-iphoneos/CapacitorCordova -c -num-threads 10 -Xcc -ivfsstatcache -Xcc /Users/lekiaprosper/Library/Developer/Xcode/DerivedData/SDKStatCaches.noindex/iphoneos26.0-23A339-81ce72e5b06c9602b9d30b56f2eed08a.sdkstatcache -output-file-map /Users/lekiaprosper/Library/Developer/Xcode/DerivedData/App-bmeqrztakkzxpkcqfdhhsyyyzbjg/Build/Intermediates.noindex/ArchiveIntermediates/App/IntermediateBuildFilesPath/Pods.build/Release-iphoneos/Capacitor.build/Objects-normal/arm64/Capacitor-OutputFileMap.json -use-frontend-parseable-output -save-temps -no-color-diagnostics -explicit-module-build -module-cache-path /Users/lekiaprosper/Library/Developer/Xcode/DerivedData/App-bmeqrztakkzxpkcqfdhhsyyyzbjg/Build/Intermediates.noindex/ArchiveIntermediates/App/IntermediateBuildFilesPath/SwiftExplicitPrecompiledModules -clang-scanner-module-cache-path /Users/lekiaprosper/Library/Developer/Xcode/DerivedData/ModuleCache.noindex -sdk-module-cache-path /Users/lekiaprosper/Library/Developer/Xcode/DerivedData/ModuleCache.noindex -serialize-diagnostics -emit-dependencies -emit-module -emit-module-path /Users/lekiaprosper/Library/Developer/Xcode/DerivedData/App-bmeqrztakkzxpkcqfdhhsyyyzbjg/Build/Intermediates.noindex/ArchiveIntermediates/App/IntermediateBuildFilesPath/Pods.build/Release-iphoneos/Capacitor.build/Objects-normal/arm64/Capacitor.swiftmodule -validate-clang-modules-once -clang-build-session-file /Users/lekiaprosper/Library/Developer/Xcode/DerivedData/ModuleCache.noindex/Session.modulevalidation -Xcc -I/Users/lekiaprosper/Library/Developer/Xcode/DerivedData/App-bmeqrztakkzxpkcqfdhhsyyyzbjg/Build/Intermediates.noindex/ArchiveIntermediates/App/IntermediateBuildFilesPath/Pods.build/Release-iphoneos/Capacitor.build/swift-overrides.hmap -emit-const-values -Xfrontend -const-gather-protocols-file -Xfrontend /Users/lekiaprosper/Library/Developer/Xcode/DerivedData/App-bmeqrztakkzxpkcqfdhhsyyyzbjg/Build/Intermediates.noindex/ArchiveIntermediates/App/IntermediateBuildFilesPath/Pods.build/Release-iphoneos/Capacitor.build/Objects-normal/arm64/Capacitor_const_extract_protocols.json -Xcc -iquote -Xcc /Users/lekiaprosper/Library/Developer/Xcode/DerivedData/App-bmeqrztakkzxpkcqfdhhsyyyzbjg/Build/Intermediates.noindex/ArchiveIntermediates/App/IntermediateBuildFilesPath/Pods.build/Release-iphoneos/Capacitor.build/Capacitor-generated-files.hmap -Xcc -I/Users/lekiaprosper/Library/Developer/Xcode/DerivedData/App-bmeqrztakkzxpkcqfdhhsyyyzbjg/Build/Intermediates.noindex/ArchiveIntermediates/App/IntermediateBuildFilesPath/Pods.build/Release-iphoneos/Capacitor.build/Capacitor-own-target-headers.hmap -Xcc -I/Users/lekiaprosper/Library/Developer/Xcode/DerivedData/App-bmeqrztakkzxpkcqfdhhsyyyzbjg/Build/Intermediates.noindex/ArchiveIntermediates/App/IntermediateBuildFilesPath/Pods.build/Release-iphoneos/Capacitor.build/Capacitor-all-non-framework-target-headers.hmap -Xcc -ivfsoverlay -Xcc /Users/lekiaprosper/Library/Developer/Xcode/DerivedData/App-bmeqrztakkzxpkcqfdhhsyyyzbjg/Build/Intermediates.noindex/ArchiveIntermediates/App/IntermediateBuildFilesPath/Pods.build/Release-iphoneos/Pods-8699adb1dd336b26511df848a716bd42-VFS-iphoneos/all-product-headers.yaml -Xcc -iquote -Xcc /Users/lekiaprosper/Library/Developer/Xcode/DerivedData/App-bmeqrztakkzxpkcqfdhhsyyyzbjg/Build/Intermediates.noindex/ArchiveIntermediates/App/IntermediateBuildFilesPath/Pods.build/Release-iphoneos/Capacitor.build/Capacitor-project-headers.hmap -Xcc -I/Users/lekiaprosper/Library/Developer/Xcode/DerivedData/App-bmeqrztakkzxpkcqfdhhsyyyzbjg/Build/Intermediates.noindex/ArchiveIntermediates/App/BuildProductsPath/Release-iphoneos/Capacitor/include -Xcc -I/Users/lekiaprosper/Library/Developer/Xcode/DerivedData/App-bmeqrztakkzxpkcqfdhhsyyyzbjg/Build/Intermediates.noindex/ArchiveIntermediates/App/IntermediateBuildFilesPath/Pods.build/Release-iphoneos/Capacitor.build/DerivedSources-normal/arm64 -Xcc -I/Users/lekiaprosper/Library/Developer/Xcode/DerivedData/App-bmeqrztakkzxpkcqfdhhsyyyzbjg/Build/Intermediates.noindex/ArchiveIntermediates/App/IntermediateBuildFilesPath/Pods.build/Release-iphoneos/Capacitor.build/DerivedSources/arm64 -Xcc -I/Users/lekiaprosper/Library/Developer/Xcode/DerivedData/App-bmeqrztakkzxpkcqfdhhsyyyzbjg/Build/Intermediates.noindex/ArchiveIntermediates/App/IntermediateBuildFilesPath/Pods.build/Release-iphoneos/Capacitor.build/DerivedSources -Xcc -DPOD_CONFIGURATION_RELEASE\=1 -Xcc -DCOCOAPODS\=1 -emit-objc-header -emit-objc-header-path /Users/lekiaprosper/Library/Developer/Xcode/DerivedData/App-bmeqrztakkzxpkcqfdhhsyyyzbjg/Build/Intermediates.noindex/ArchiveIntermediates/App/IntermediateBuildFilesPath/Pods.build/Release-iphoneos/Capacitor.build/Objects-normal/arm64/Capacitor-Swift.h -import-underlying-module -Xcc -ivfsoverlay -Xcc /Users/lekiaprosper/Library/Developer/Xcode/DerivedData/App-bmeqrztakkzxpkcqfdhhsyyyzbjg/Build/Intermediates.noindex/ArchiveIntermediates/App/IntermediateBuildFilesPath/Pods.build/Release-iphoneos/Capacitor.build/unextended-module-overlay.yaml -working-directory /Users/lekiaprosper/Documents/Dev/Connectize/Connectize-Frontend/ios/App/Pods -no-emit-module-separately-wmo

SwiftMergeGeneratedHeaders /Users/lekiaprosper/Library/Developer/Xcode/DerivedData/App-bmeqrztakkzxpkcqfdhhsyyyzbjg/Build/Intermediates.noindex/ArchiveIntermediates/App/IntermediateBuildFilesPath/UninstalledProducts/iphoneos/Capacitor.framework/Headers/Capacitor-Swift.h /Users/lekiaprosper/Library/Developer/Xcode/DerivedData/App-bmeqrztakkzxpkcqfdhhsyyyzbjg/Build/Intermediates.noindex/ArchiveIntermediates/App/IntermediateBuildFilesPath/Pods.build/Release-iphoneos/Capacitor.build/Objects-normal/arm64/Capacitor-Swift.h (in target 'Capacitor' from project 'Pods')
    cd /Users/lekiaprosper/Documents/Dev/Connectize/Connectize-Frontend/ios/App/Pods
    builtin-swiftHeaderTool -arch arm64 /Users/lekiaprosper/Library/Developer/Xcode/DerivedData/App-bmeqrztakkzxpkcqfdhhsyyyzbjg/Build/Intermediates.noindex/ArchiveIntermediates/App/IntermediateBuildFilesPath/Pods.build/Release-iphoneos/Capacitor.build/Objects-normal/arm64/Capacitor-Swift.h -o /Users/lekiaprosper/Library/Developer/Xcode/DerivedData/App-bmeqrztakkzxpkcqfdhhsyyyzbjg/Build/Intermediates.noindex/ArchiveIntermediates/App/IntermediateBuildFilesPath/UninstalledProducts/iphoneos/Capacitor.framework/Headers/Capacitor-Swift.h

Copy /Users/lekiaprosper/Library/Developer/Xcode/DerivedData/App-bmeqrztakkzxpkcqfdhhsyyyzbjg/Build/Intermediates.noindex/ArchiveIntermediates/App/IntermediateBuildFilesPath/UninstalledProducts/iphoneos/Capacitor.framework/Modules/Capacitor.swiftmodule/arm64-apple-ios.abi.json /Users/lekiaprosper/Library/Developer/Xcode/DerivedData/App-bmeqrztakkzxpkcqfdhhsyyyzbjg/Build/Intermediates.noindex/ArchiveIntermediates/App/IntermediateBuildFilesPath/Pods.build/Release-iphoneos/Capacitor.build/Objects-normal/arm64/Capacitor.abi.json (in target 'Capacitor' from project 'Pods')
    cd /Users/lekiaprosper/Documents/Dev/Connectize/Connectize-Frontend/ios/App/Pods
    builtin-copy -exclude .DS_Store -exclude CVS -exclude .svn -exclude .git -exclude .hg -resolve-src-symlinks -rename /Users/lekiaprosper/Library/Developer/Xcode/DerivedData/App-bmeqrztakkzxpkcqfdhhsyyyzbjg/Build/Intermediates.noindex/ArchiveIntermediates/App/IntermediateBuildFilesPath/Pods.build/Release-iphoneos/Capacitor.build/Objects-normal/arm64/Capacitor.abi.json /Users/lekiaprosper/Library/Developer/Xcode/DerivedData/App-bmeqrztakkzxpkcqfdhhsyyyzbjg/Build/Intermediates.noindex/ArchiveIntermediates/App/IntermediateBuildFilesPath/UninstalledProducts/iphoneos/Capacitor.framework/Modules/Capacitor.swiftmodule/arm64-apple-ios.abi.json

Copy /Users/lekiaprosper/Library/Developer/Xcode/DerivedData/App-bmeqrztakkzxpkcqfdhhsyyyzbjg/Build/Intermediates.noindex/ArchiveIntermediates/App/IntermediateBuildFilesPath/UninstalledProducts/iphoneos/Capacitor.framework/Modules/Capacitor.swiftmodule/arm64-apple-ios.swiftmodule /Users/lekiaprosper/Library/Developer/Xcode/DerivedData/App-bmeqrztakkzxpkcqfdhhsyyyzbjg/Build/Intermediates.noindex/ArchiveIntermediates/App/IntermediateBuildFilesPath/Pods.build/Release-iphoneos/Capacitor.build/Objects-normal/arm64/Capacitor.swiftmodule (in target 'Capacitor' from project 'Pods')
    cd /Users/lekiaprosper/Documents/Dev/Connectize/Connectize-Frontend/ios/App/Pods
    builtin-copy -exclude .DS_Store -exclude CVS -exclude .svn -exclude .git -exclude .hg -resolve-src-symlinks -rename /Users/lekiaprosper/Library/Developer/Xcode/DerivedData/App-bmeqrztakkzxpkcqfdhhsyyyzbjg/Build/Intermediates.noindex/ArchiveIntermediates/App/IntermediateBuildFilesPath/Pods.build/Release-iphoneos/Capacitor.build/Objects-normal/arm64/Capacitor.swiftmodule /Users/lekiaprosper/Library/Developer/Xcode/DerivedData/App-bmeqrztakkzxpkcqfdhhsyyyzbjg/Build/Intermediates.noindex/ArchiveIntermediates/App/IntermediateBuildFilesPath/UninstalledProducts/iphoneos/Capacitor.framework/Modules/Capacitor.swiftmodule/arm64-apple-ios.swiftmodule

Copy /Users/lekiaprosper/Library/Developer/Xcode/DerivedData/App-bmeqrztakkzxpkcqfdhhsyyyzbjg/Build/Intermediates.noindex/ArchiveIntermediates/App/IntermediateBuildFilesPath/UninstalledProducts/iphoneos/Capacitor.framework/Modules/Capacitor.swiftmodule/arm64-apple-ios.swiftdoc /Users/lekiaprosper/Library/Developer/Xcode/DerivedData/App-bmeqrztakkzxpkcqfdhhsyyyzbjg/Build/Intermediates.noindex/ArchiveIntermediates/App/IntermediateBuildFilesPath/Pods.build/Release-iphoneos/Capacitor.build/Objects-normal/arm64/Capacitor.swiftdoc (in target 'Capacitor' from project 'Pods')
    cd /Users/lekiaprosper/Documents/Dev/Connectize/Connectize-Frontend/ios/App/Pods
    builtin-copy -exclude .DS_Store -exclude CVS -exclude .svn -exclude .git -exclude .hg -resolve-src-symlinks -rename /Users/lekiaprosper/Library/Developer/Xcode/DerivedData/App-bmeqrztakkzxpkcqfdhhsyyyzbjg/Build/Intermediates.noindex/ArchiveIntermediates/App/IntermediateBuildFilesPath/Pods.build/Release-iphoneos/Capacitor.build/Objects-normal/arm64/Capacitor.swiftdoc /Users/lekiaprosper/Library/Developer/Xcode/DerivedData/App-bmeqrztakkzxpkcqfdhhsyyyzbjg/Build/Intermediates.noindex/ArchiveIntermediates/App/IntermediateBuildFilesPath/UninstalledProducts/iphoneos/Capacitor.framework/Modules/Capacitor.swiftmodule/arm64-apple-ios.swiftdoc

ScanDependencies /Users/lekiaprosper/Library/Developer/Xcode/DerivedData/App-bmeqrztakkzxpkcqfdhhsyyyzbjg/Build/Intermediates.noindex/ArchiveIntermediates/App/IntermediateBuildFilesPath/Pods.build/Release-iphoneos/Capacitor.build/Objects-normal/arm64/WKWebView+Capacitor-5bc0e3c213bf2e6c01af327dbb1f9158.o /Users/lekiaprosper/Documents/Dev/Connectize/Connectize-Frontend/node_modules/@capacitor/ios/Capacitor/Capacitor/WKWebView+Capacitor.m normal arm64 objective-c com.apple.compilers.llvm.clang.1_0.compiler (in target 'Capacitor' from project 'Pods')
    cd /Users/lekiaprosper/Documents/Dev/Connectize/Connectize-Frontend/ios/App/Pods
    
    Using response file: /Users/lekiaprosper/Library/Developer/Xcode/DerivedData/App-bmeqrztakkzxpkcqfdhhsyyyzbjg/Build/Intermediates.noindex/ArchiveIntermediates/App/IntermediateBuildFilesPath/Pods.build/Release-iphoneos/Capacitor.build/Objects-normal/arm64/e6072d4f65d7061329687fe24e3d63a7-common-args.resp
    
    builtin-ScanDependencies -o /Users/lekiaprosper/Library/Developer/Xcode/DerivedData/App-bmeqrztakkzxpkcqfdhhsyyyzbjg/Build/Intermediates.noindex/ArchiveIntermediates/App/IntermediateBuildFilesPath/Pods.build/Release-iphoneos/Capacitor.build/Objects-normal/arm64/WKWebView+Capacitor-5bc0e3c213bf2e6c01af327dbb1f9158.o.scan -- /Applications/Xcode.app/Contents/Developer/Toolchains/XcodeDefault.xctoolchain/usr/bin/clang -x objective-c -ivfsstatcache /Users/lekiaprosper/Library/Developer/Xcode/DerivedData/SDKStatCaches.noindex/iphoneos26.0-23A339-81ce72e5b06c9602b9d30b56f2eed08a.sdkstatcache -fmessage-length\=0 -fdiagnostics-show-note-include-stack -fmacro-backtrace-limit\=0 -fno-color-diagnostics -fmodules-prune-interval\=86400 -fmodules-prune-after\=345600 -fbuild-session-file\=/Users/lekiaprosper/Library/Developer/Xcode/DerivedData/ModuleCache.noindex/Session.modulevalidation -fmodules-validate-once-per-build-session -Wnon-modular-include-in-framework-module -Werror\=non-modular-include-in-framework-module -Wno-trigraphs -Wno-missing-field-initializers -Wno-missing-prototypes -Werror\=return-type -Wdocumentation -Wunreachable-code -Wno-implicit-atomic-properties -Werror\=deprecated-objc-isa-usage -Wno-objc-interface-ivars -Werror\=objc-root-class -Wno-arc-repeated-use-of-weak -Wimplicit-retain-self -Wduplicate-method-match -Wno-missing-braces -Wparentheses -Wswitch -Wunused-function -Wno-unused-label -Wno-unused-parameter -Wunused-variable -Wunused-value -Wempty-body -Wuninitialized -Wconditional-uninitialized -Wno-unknown-pragmas -Wno-shadow -Wno-four-char-constants -Wno-conversion -Wconstant-conversion -Wint-conversion -Wbool-conversion -Wenum-conversion -Wno-float-conversion -Wnon-literal-null-conversion -Wobjc-literal-conversion -Wshorten-64-to-32 -Wpointer-sign -Wno-newline-eof -Wno-selector -Wno-strict-selector-match -Wundeclared-selector -Wdeprecated-implementations -Wno-implicit-fallthrough -fstrict-aliasing -Wprotocol -Wdeprecated-declarations -Wno-sign-conversion -Winfinite-recursion -Wcomma -Wblock-capture-autoreleasing -Wstrict-prototypes -Wno-semicolon-before-method-body -Wunguarded-availability @/Users/lekiaprosper/Library/Developer/Xcode/DerivedData/App-bmeqrztakkzxpkcqfdhhsyyyzbjg/Build/Intermediates.noindex/ArchiveIntermediates/App/IntermediateBuildFilesPath/Pods.build/Release-iphoneos/Capacitor.build/Objects-normal/arm64/e6072d4f65d7061329687fe24e3d63a7-common-args.resp -include /Users/lekiaprosper/Documents/Dev/Connectize/Connectize-Frontend/ios/App/Pods/Target\ Support\ Files/Capacitor/Capacitor-prefix.pch -MMD -MT dependencies -MF /Users/lekiaprosper/Library/Developer/Xcode/DerivedData/App-bmeqrztakkzxpkcqfdhhsyyyzbjg/Build/Intermediates.noindex/ArchiveIntermediates/App/IntermediateBuildFilesPath/Pods.build/Release-iphoneos/Capacitor.build/Objects-normal/arm64/WKWebView+Capacitor-5bc0e3c213bf2e6c01af327dbb1f9158.d --serialize-diagnostics /Users/lekiaprosper/Library/Developer/Xcode/DerivedData/App-bmeqrztakkzxpkcqfdhhsyyyzbjg/Build/Intermediates.noindex/ArchiveIntermediates/App/IntermediateBuildFilesPath/Pods.build/Release-iphoneos/Capacitor.build/Objects-normal/arm64/WKWebView+Capacitor-5bc0e3c213bf2e6c01af327dbb1f9158.dia -c /Users/lekiaprosper/Documents/Dev/Connectize/Connectize-Frontend/node_modules/@capacitor/ios/Capacitor/Capacitor/WKWebView+Capacitor.m -o /Users/lekiaprosper/Library/Developer/Xcode/DerivedData/App-bmeqrztakkzxpkcqfdhhsyyyzbjg/Build/Intermediates.noindex/ArchiveIntermediates/App/IntermediateBuildFilesPath/Pods.build/Release-iphoneos/Capacitor.build/Objects-normal/arm64/WKWebView+Capacitor-5bc0e3c213bf2e6c01af327dbb1f9158.o

ScanDependencies /Users/lekiaprosper/Library/Developer/Xcode/DerivedData/App-bmeqrztakkzxpkcqfdhhsyyyzbjg/Build/Intermediates.noindex/ArchiveIntermediates/App/IntermediateBuildFilesPath/Pods.build/Release-iphoneos/Capacitor.build/Objects-normal/arm64/Capacitor-dummy.o /Users/lekiaprosper/Documents/Dev/Connectize/Connectize-Frontend/ios/App/Pods/Target\ Support\ Files/Capacitor/Capacitor-dummy.m normal arm64 objective-c com.apple.compilers.llvm.clang.1_0.compiler (in target 'Capacitor' from project 'Pods')
    cd /Users/lekiaprosper/Documents/Dev/Connectize/Connectize-Frontend/ios/App/Pods
    
    Using response file: /Users/lekiaprosper/Library/Developer/Xcode/DerivedData/App-bmeqrztakkzxpkcqfdhhsyyyzbjg/Build/Intermediates.noindex/ArchiveIntermediates/App/IntermediateBuildFilesPath/Pods.build/Release-iphoneos/Capacitor.build/Objects-normal/arm64/e6072d4f65d7061329687fe24e3d63a7-common-args.resp
    
    builtin-ScanDependencies -o /Users/lekiaprosper/Library/Developer/Xcode/DerivedData/App-bmeqrztakkzxpkcqfdhhsyyyzbjg/Build/Intermediates.noindex/ArchiveIntermediates/App/IntermediateBuildFilesPath/Pods.build/Release-iphoneos/Capacitor.build/Objects-normal/arm64/Capacitor-dummy.o.scan -- /Applications/Xcode.app/Contents/Developer/Toolchains/XcodeDefault.xctoolchain/usr/bin/clang -x objective-c -ivfsstatcache /Users/lekiaprosper/Library/Developer/Xcode/DerivedData/SDKStatCaches.noindex/iphoneos26.0-23A339-81ce72e5b06c9602b9d30b56f2eed08a.sdkstatcache -fmessage-length\=0 -fdiagnostics-show-note-include-stack -fmacro-backtrace-limit\=0 -fno-color-diagnostics -fmodules-prune-interval\=86400 -fmodules-prune-after\=345600 -fbuild-session-file\=/Users/lekiaprosper/Library/Developer/Xcode/DerivedData/ModuleCache.noindex/Session.modulevalidation -fmodules-validate-once-per-build-session -Wnon-modular-include-in-framework-module -Werror\=non-modular-include-in-framework-module -Wno-trigraphs -Wno-missing-field-initializers -Wno-missing-prototypes -Werror\=return-type -Wdocumentation -Wunreachable-code -Wno-implicit-atomic-properties -Werror\=deprecated-objc-isa-usage -Wno-objc-interface-ivars -Werror\=objc-root-class -Wno-arc-repeated-use-of-weak -Wimplicit-retain-self -Wduplicate-method-match -Wno-missing-braces -Wparentheses -Wswitch -Wunused-function -Wno-unused-label -Wno-unused-parameter -Wunused-variable -Wunused-value -Wempty-body -Wuninitialized -Wconditional-uninitialized -Wno-unknown-pragmas -Wno-shadow -Wno-four-char-constants -Wno-conversion -Wconstant-conversion -Wint-conversion -Wbool-conversion -Wenum-conversion -Wno-float-conversion -Wnon-literal-null-conversion -Wobjc-literal-conversion -Wshorten-64-to-32 -Wpointer-sign -Wno-newline-eof -Wno-selector -Wno-strict-selector-match -Wundeclared-selector -Wdeprecated-implementations -Wno-implicit-fallthrough -fstrict-aliasing -Wprotocol -Wdeprecated-declarations -Wno-sign-conversion -Winfinite-recursion -Wcomma -Wblock-capture-autoreleasing -Wstrict-prototypes -Wno-semicolon-before-method-body -Wunguarded-availability @/Users/lekiaprosper/Library/Developer/Xcode/DerivedData/App-bmeqrztakkzxpkcqfdhhsyyyzbjg/Build/Intermediates.noindex/ArchiveIntermediates/App/IntermediateBuildFilesPath/Pods.build/Release-iphoneos/Capacitor.build/Objects-normal/arm64/e6072d4f65d7061329687fe24e3d63a7-common-args.resp -include /Users/lekiaprosper/Documents/Dev/Connectize/Connectize-Frontend/ios/App/Pods/Target\ Support\ Files/Capacitor/Capacitor-prefix.pch -MMD -MT dependencies -MF /Users/lekiaprosper/Library/Developer/Xcode/DerivedData/App-bmeqrztakkzxpkcqfdhhsyyyzbjg/Build/Intermediates.noindex/ArchiveIntermediates/App/IntermediateBuildFilesPath/Pods.build/Release-iphoneos/Capacitor.build/Objects-normal/arm64/Capacitor-dummy.d --serialize-diagnostics /Users/lekiaprosper/Library/Developer/Xcode/DerivedData/App-bmeqrztakkzxpkcqfdhhsyyyzbjg/Build/Intermediates.noindex/ArchiveIntermediates/App/IntermediateBuildFilesPath/Pods.build/Release-iphoneos/Capacitor.build/Objects-normal/arm64/Capacitor-dummy.dia -c /Users/lekiaprosper/Documents/Dev/Connectize/Connectize-Frontend/ios/App/Pods/Target\ Support\ Files/Capacitor/Capacitor-dummy.m -o /Users/lekiaprosper/Library/Developer/Xcode/DerivedData/App-bmeqrztakkzxpkcqfdhhsyyyzbjg/Build/Intermediates.noindex/ArchiveIntermediates/App/IntermediateBuildFilesPath/Pods.build/Release-iphoneos/Capacitor.build/Objects-normal/arm64/Capacitor-dummy.o

ScanDependencies /Users/lekiaprosper/Library/Developer/Xcode/DerivedData/App-bmeqrztakkzxpkcqfdhhsyyyzbjg/Build/Intermediates.noindex/ArchiveIntermediates/App/IntermediateBuildFilesPath/Pods.build/Release-iphoneos/Capacitor.build/Objects-normal/arm64/Capacitor_vers.o /Users/lekiaprosper/Library/Developer/Xcode/DerivedData/App-bmeqrztakkzxpkcqfdhhsyyyzbjg/Build/Intermediates.noindex/ArchiveIntermediates/App/IntermediateBuildFilesPath/Pods.build/Release-iphoneos/Capacitor.build/DerivedSources/Capacitor_vers.c normal arm64 c com.apple.compilers.llvm.clang.1_0.compiler (in target 'Capacitor' from project 'Pods')
    cd /Users/lekiaprosper/Documents/Dev/Connectize/Connectize-Frontend/ios/App/Pods
    
    Using response file: /Users/lekiaprosper/Library/Developer/Xcode/DerivedData/App-bmeqrztakkzxpkcqfdhhsyyyzbjg/Build/Intermediates.noindex/ArchiveIntermediates/App/IntermediateBuildFilesPath/Pods.build/Release-iphoneos/Capacitor.build/Objects-normal/arm64/7187679823f38a2a940e0043cdf9d637-common-args.resp
    
    builtin-ScanDependencies -o /Users/lekiaprosper/Library/Developer/Xcode/DerivedData/App-bmeqrztakkzxpkcqfdhhsyyyzbjg/Build/Intermediates.noindex/ArchiveIntermediates/App/IntermediateBuildFilesPath/Pods.build/Release-iphoneos/Capacitor.build/Objects-normal/arm64/Capacitor_vers.o.scan -- /Applications/Xcode.app/Contents/Developer/Toolchains/XcodeDefault.xctoolchain/usr/bin/clang -x c -ivfsstatcache /Users/lekiaprosper/Library/Developer/Xcode/DerivedData/SDKStatCaches.noindex/iphoneos26.0-23A339-81ce72e5b06c9602b9d30b56f2eed08a.sdkstatcache -fmessage-length\=0 -fdiagnostics-show-note-include-stack -fmacro-backtrace-limit\=0 -fno-color-diagnostics -fmodules-prune-interval\=86400 -fmodules-prune-after\=345600 -fbuild-session-file\=/Users/lekiaprosper/Library/Developer/Xcode/DerivedData/ModuleCache.noindex/Session.modulevalidation -fmodules-validate-once-per-build-session -Wnon-modular-include-in-framework-module -Werror\=non-modular-include-in-framework-module -Wno-trigraphs -Wno-missing-field-initializers -Wno-missing-prototypes -Werror\=return-type -Wdocumentation -Wunreachable-code -Werror\=deprecated-objc-isa-usage -Werror\=objc-root-class -Wno-missing-braces -Wparentheses -Wswitch -Wunused-function -Wno-unused-label -Wno-unused-parameter -Wunused-variable -Wunused-value -Wempty-body -Wuninitialized -Wconditional-uninitialized -Wno-unknown-pragmas -Wno-shadow -Wno-four-char-constants -Wno-conversion -Wconstant-conversion -Wint-conversion -Wbool-conversion -Wenum-conversion -Wno-float-conversion -Wnon-literal-null-conversion -Wobjc-literal-conversion -Wshorten-64-to-32 -Wpointer-sign -Wno-newline-eof -Wno-implicit-fallthrough -fstrict-aliasing -Wdeprecated-declarations -Wno-sign-conversion -Winfinite-recursion -Wcomma -Wblock-capture-autoreleasing -Wstrict-prototypes -Wno-semicolon-before-method-body -Wunguarded-availability @/Users/lekiaprosper/Library/Developer/Xcode/DerivedData/App-bmeqrztakkzxpkcqfdhhsyyyzbjg/Build/Intermediates.noindex/ArchiveIntermediates/App/IntermediateBuildFilesPath/Pods.build/Release-iphoneos/Capacitor.build/Objects-normal/arm64/7187679823f38a2a940e0043cdf9d637-common-args.resp -MMD -MT dependencies -MF /Users/lekiaprosper/Library/Developer/Xcode/DerivedData/App-bmeqrztakkzxpkcqfdhhsyyyzbjg/Build/Intermediates.noindex/ArchiveIntermediates/App/IntermediateBuildFilesPath/Pods.build/Release-iphoneos/Capacitor.build/Objects-normal/arm64/Capacitor_vers.d --serialize-diagnostics /Users/lekiaprosper/Library/Developer/Xcode/DerivedData/App-bmeqrztakkzxpkcqfdhhsyyyzbjg/Build/Intermediates.noindex/ArchiveIntermediates/App/IntermediateBuildFilesPath/Pods.build/Release-iphoneos/Capacitor.build/Objects-normal/arm64/Capacitor_vers.dia -c /Users/lekiaprosper/Library/Developer/Xcode/DerivedData/App-bmeqrztakkzxpkcqfdhhsyyyzbjg/Build/Intermediates.noindex/ArchiveIntermediates/App/IntermediateBuildFilesPath/Pods.build/Release-iphoneos/Capacitor.build/DerivedSources/Capacitor_vers.c -o /Users/lekiaprosper/Library/Developer/Xcode/DerivedData/App-bmeqrztakkzxpkcqfdhhsyyyzbjg/Build/Intermediates.noindex/ArchiveIntermediates/App/IntermediateBuildFilesPath/Pods.build/Release-iphoneos/Capacitor.build/Objects-normal/arm64/Capacitor_vers.o

ScanDependencies /Users/lekiaprosper/Library/Developer/Xcode/DerivedData/App-bmeqrztakkzxpkcqfdhhsyyyzbjg/Build/Intermediates.noindex/ArchiveIntermediates/App/IntermediateBuildFilesPath/Pods.build/Release-iphoneos/Capacitor.build/Objects-normal/arm64/UIStatusBarManager+CAPHandleTapAction.o /Users/lekiaprosper/Documents/Dev/Connectize/Connectize-Frontend/node_modules/@capacitor/ios/Capacitor/Capacitor/UIStatusBarManager+CAPHandleTapAction.m normal arm64 objective-c com.apple.compilers.llvm.clang.1_0.compiler (in target 'Capacitor' from project 'Pods')
    cd /Users/lekiaprosper/Documents/Dev/Connectize/Connectize-Frontend/ios/App/Pods
    
    Using response file: /Users/lekiaprosper/Library/Developer/Xcode/DerivedData/App-bmeqrztakkzxpkcqfdhhsyyyzbjg/Build/Intermediates.noindex/ArchiveIntermediates/App/IntermediateBuildFilesPath/Pods.build/Release-iphoneos/Capacitor.build/Objects-normal/arm64/e6072d4f65d7061329687fe24e3d63a7-common-args.resp
    
    builtin-ScanDependencies -o /Users/lekiaprosper/Library/Developer/Xcode/DerivedData/App-bmeqrztakkzxpkcqfdhhsyyyzbjg/Build/Intermediates.noindex/ArchiveIntermediates/App/IntermediateBuildFilesPath/Pods.build/Release-iphoneos/Capacitor.build/Objects-normal/arm64/UIStatusBarManager+CAPHandleTapAction.o.scan -- /Applications/Xcode.app/Contents/Developer/Toolchains/XcodeDefault.xctoolchain/usr/bin/clang -x objective-c -ivfsstatcache /Users/lekiaprosper/Library/Developer/Xcode/DerivedData/SDKStatCaches.noindex/iphoneos26.0-23A339-81ce72e5b06c9602b9d30b56f2eed08a.sdkstatcache -fmessage-length\=0 -fdiagnostics-show-note-include-stack -fmacro-backtrace-limit\=0 -fno-color-diagnostics -fmodules-prune-interval\=86400 -fmodules-prune-after\=345600 -fbuild-session-file\=/Users/lekiaprosper/Library/Developer/Xcode/DerivedData/ModuleCache.noindex/Session.modulevalidation -fmodules-validate-once-per-build-session -Wnon-modular-include-in-framework-module -Werror\=non-modular-include-in-framework-module -Wno-trigraphs -Wno-missing-field-initializers -Wno-missing-prototypes -Werror\=return-type -Wdocumentation -Wunreachable-code -Wno-implicit-atomic-properties -Werror\=deprecated-objc-isa-usage -Wno-objc-interface-ivars -Werror\=objc-root-class -Wno-arc-repeated-use-of-weak -Wimplicit-retain-self -Wduplicate-method-match -Wno-missing-braces -Wparentheses -Wswitch -Wunused-function -Wno-unused-label -Wno-unused-parameter -Wunused-variable -Wunused-value -Wempty-body -Wuninitialized -Wconditional-uninitialized -Wno-unknown-pragmas -Wno-shadow -Wno-four-char-constants -Wno-conversion -Wconstant-conversion -Wint-conversion -Wbool-conversion -Wenum-conversion -Wno-float-conversion -Wnon-literal-null-conversion -Wobjc-literal-conversion -Wshorten-64-to-32 -Wpointer-sign -Wno-newline-eof -Wno-selector -Wno-strict-selector-match -Wundeclared-selector -Wdeprecated-implementations -Wno-implicit-fallthrough -fstrict-aliasing -Wprotocol -Wdeprecated-declarations -Wno-sign-conversion -Winfinite-recursion -Wcomma -Wblock-capture-autoreleasing -Wstrict-prototypes -Wno-semicolon-before-method-body -Wunguarded-availability @/Users/lekiaprosper/Library/Developer/Xcode/DerivedData/App-bmeqrztakkzxpkcqfdhhsyyyzbjg/Build/Intermediates.noindex/ArchiveIntermediates/App/IntermediateBuildFilesPath/Pods.build/Release-iphoneos/Capacitor.build/Objects-normal/arm64/e6072d4f65d7061329687fe24e3d63a7-common-args.resp -include /Users/lekiaprosper/Documents/Dev/Connectize/Connectize-Frontend/ios/App/Pods/Target\ Support\ Files/Capacitor/Capacitor-prefix.pch -MMD -MT dependencies -MF /Users/lekiaprosper/Library/Developer/Xcode/DerivedData/App-bmeqrztakkzxpkcqfdhhsyyyzbjg/Build/Intermediates.noindex/ArchiveIntermediates/App/IntermediateBuildFilesPath/Pods.build/Release-iphoneos/Capacitor.build/Objects-normal/arm64/UIStatusBarManager+CAPHandleTapAction.d --serialize-diagnostics /Users/lekiaprosper/Library/Developer/Xcode/DerivedData/App-bmeqrztakkzxpkcqfdhhsyyyzbjg/Build/Intermediates.noindex/ArchiveIntermediates/App/IntermediateBuildFilesPath/Pods.build/Release-iphoneos/Capacitor.build/Objects-normal/arm64/UIStatusBarManager+CAPHandleTapAction.dia -c /Users/lekiaprosper/Documents/Dev/Connectize/Connectize-Frontend/node_modules/@capacitor/ios/Capacitor/Capacitor/UIStatusBarManager+CAPHandleTapAction.m -o /Users/lekiaprosper/Library/Developer/Xcode/DerivedData/App-bmeqrztakkzxpkcqfdhhsyyyzbjg/Build/Intermediates.noindex/ArchiveIntermediates/App/IntermediateBuildFilesPath/Pods.build/Release-iphoneos/Capacitor.build/Objects-normal/arm64/UIStatusBarManager+CAPHandleTapAction.o

ScanDependencies /Users/lekiaprosper/Library/Developer/Xcode/DerivedData/App-bmeqrztakkzxpkcqfdhhsyyyzbjg/Build/Intermediates.noindex/ArchiveIntermediates/App/IntermediateBuildFilesPath/Pods.build/Release-iphoneos/Capacitor.build/Objects-normal/arm64/CAPPluginMethod-bdab9a798343d1e8d53f4db6de780b62.o /Users/lekiaprosper/Documents/Dev/Connectize/Connectize-Frontend/node_modules/@capacitor/ios/Capacitor/Capacitor/CAPPluginMethod.m normal arm64 objective-c com.apple.compilers.llvm.clang.1_0.compiler (in target 'Capacitor' from project 'Pods')
    cd /Users/lekiaprosper/Documents/Dev/Connectize/Connectize-Frontend/ios/App/Pods
    
    Using response file: /Users/lekiaprosper/Library/Developer/Xcode/DerivedData/App-bmeqrztakkzxpkcqfdhhsyyyzbjg/Build/Intermediates.noindex/ArchiveIntermediates/App/IntermediateBuildFilesPath/Pods.build/Release-iphoneos/Capacitor.build/Objects-normal/arm64/e6072d4f65d7061329687fe24e3d63a7-common-args.resp
    
    builtin-ScanDependencies -o /Users/lekiaprosper/Library/Developer/Xcode/DerivedData/App-bmeqrztakkzxpkcqfdhhsyyyzbjg/Build/Intermediates.noindex/ArchiveIntermediates/App/IntermediateBuildFilesPath/Pods.build/Release-iphoneos/Capacitor.build/Objects-normal/arm64/CAPPluginMethod-bdab9a798343d1e8d53f4db6de780b62.o.scan -- /Applications/Xcode.app/Contents/Developer/Toolchains/XcodeDefault.xctoolchain/usr/bin/clang -x objective-c -ivfsstatcache /Users/lekiaprosper/Library/Developer/Xcode/DerivedData/SDKStatCaches.noindex/iphoneos26.0-23A339-81ce72e5b06c9602b9d30b56f2eed08a.sdkstatcache -fmessage-length\=0 -fdiagnostics-show-note-include-stack -fmacro-backtrace-limit\=0 -fno-color-diagnostics -fmodules-prune-interval\=86400 -fmodules-prune-after\=345600 -fbuild-session-file\=/Users/lekiaprosper/Library/Developer/Xcode/DerivedData/ModuleCache.noindex/Session.modulevalidation -fmodules-validate-once-per-build-session -Wnon-modular-include-in-framework-module -Werror\=non-modular-include-in-framework-module -Wno-trigraphs -Wno-missing-field-initializers -Wno-missing-prototypes -Werror\=return-type -Wdocumentation -Wunreachable-code -Wno-implicit-atomic-properties -Werror\=deprecated-objc-isa-usage -Wno-objc-interface-ivars -Werror\=objc-root-class -Wno-arc-repeated-use-of-weak -Wimplicit-retain-self -Wduplicate-method-match -Wno-missing-braces -Wparentheses -Wswitch -Wunused-function -Wno-unused-label -Wno-unused-parameter -Wunused-variable -Wunused-value -Wempty-body -Wuninitialized -Wconditional-uninitialized -Wno-unknown-pragmas -Wno-shadow -Wno-four-char-constants -Wno-conversion -Wconstant-conversion -Wint-conversion -Wbool-conversion -Wenum-conversion -Wno-float-conversion -Wnon-literal-null-conversion -Wobjc-literal-conversion -Wshorten-64-to-32 -Wpointer-sign -Wno-newline-eof -Wno-selector -Wno-strict-selector-match -Wundeclared-selector -Wdeprecated-implementations -Wno-implicit-fallthrough -fstrict-aliasing -Wprotocol -Wdeprecated-declarations -Wno-sign-conversion -Winfinite-recursion -Wcomma -Wblock-capture-autoreleasing -Wstrict-prototypes -Wno-semicolon-before-method-body -Wunguarded-availability @/Users/lekiaprosper/Library/Developer/Xcode/DerivedData/App-bmeqrztakkzxpkcqfdhhsyyyzbjg/Build/Intermediates.noindex/ArchiveIntermediates/App/IntermediateBuildFilesPath/Pods.build/Release-iphoneos/Capacitor.build/Objects-normal/arm64/e6072d4f65d7061329687fe24e3d63a7-common-args.resp -include /Users/lekiaprosper/Documents/Dev/Connectize/Connectize-Frontend/ios/App/Pods/Target\ Support\ Files/Capacitor/Capacitor-prefix.pch -MMD -MT dependencies -MF /Users/lekiaprosper/Library/Developer/Xcode/DerivedData/App-bmeqrztakkzxpkcqfdhhsyyyzbjg/Build/Intermediates.noindex/ArchiveIntermediates/App/IntermediateBuildFilesPath/Pods.build/Release-iphoneos/Capacitor.build/Objects-normal/arm64/CAPPluginMethod-bdab9a798343d1e8d53f4db6de780b62.d --serialize-diagnostics /Users/lekiaprosper/Library/Developer/Xcode/DerivedData/App-bmeqrztakkzxpkcqfdhhsyyyzbjg/Build/Intermediates.noindex/ArchiveIntermediates/App/IntermediateBuildFilesPath/Pods.build/Release-iphoneos/Capacitor.build/Objects-normal/arm64/CAPPluginMethod-bdab9a798343d1e8d53f4db6de780b62.dia -c /Users/lekiaprosper/Documents/Dev/Connectize/Connectize-Frontend/node_modules/@capacitor/ios/Capacitor/Capacitor/CAPPluginMethod.m -o /Users/lekiaprosper/Library/Developer/Xcode/DerivedData/App-bmeqrztakkzxpkcqfdhhsyyyzbjg/Build/Intermediates.noindex/ArchiveIntermediates/App/IntermediateBuildFilesPath/Pods.build/Release-iphoneos/Capacitor.build/Objects-normal/arm64/CAPPluginMethod-bdab9a798343d1e8d53f4db6de780b62.o

ScanDependencies /Users/lekiaprosper/Library/Developer/Xcode/DerivedData/App-bmeqrztakkzxpkcqfdhhsyyyzbjg/Build/Intermediates.noindex/ArchiveIntermediates/App/IntermediateBuildFilesPath/Pods.build/Release-iphoneos/Capacitor.build/Objects-normal/arm64/CAPPluginCall-b46c5bdc0ba6715901913c7ddc985f4e.o /Users/lekiaprosper/Documents/Dev/Connectize/Connectize-Frontend/node_modules/@capacitor/ios/Capacitor/Capacitor/CAPPluginCall.m normal arm64 objective-c com.apple.compilers.llvm.clang.1_0.compiler (in target 'Capacitor' from project 'Pods')
    cd /Users/lekiaprosper/Documents/Dev/Connectize/Connectize-Frontend/ios/App/Pods
    
    Using response file: /Users/lekiaprosper/Library/Developer/Xcode/DerivedData/App-bmeqrztakkzxpkcqfdhhsyyyzbjg/Build/Intermediates.noindex/ArchiveIntermediates/App/IntermediateBuildFilesPath/Pods.build/Release-iphoneos/Capacitor.build/Objects-normal/arm64/e6072d4f65d7061329687fe24e3d63a7-common-args.resp
    
    builtin-ScanDependencies -o /Users/lekiaprosper/Library/Developer/Xcode/DerivedData/App-bmeqrztakkzxpkcqfdhhsyyyzbjg/Build/Intermediates.noindex/ArchiveIntermediates/App/IntermediateBuildFilesPath/Pods.build/Release-iphoneos/Capacitor.build/Objects-normal/arm64/CAPPluginCall-b46c5bdc0ba6715901913c7ddc985f4e.o.scan -- /Applications/Xcode.app/Contents/Developer/Toolchains/XcodeDefault.xctoolchain/usr/bin/clang -x objective-c -ivfsstatcache /Users/lekiaprosper/Library/Developer/Xcode/DerivedData/SDKStatCaches.noindex/iphoneos26.0-23A339-81ce72e5b06c9602b9d30b56f2eed08a.sdkstatcache -fmessage-length\=0 -fdiagnostics-show-note-include-stack -fmacro-backtrace-limit\=0 -fno-color-diagnostics -fmodules-prune-interval\=86400 -fmodules-prune-after\=345600 -fbuild-session-file\=/Users/lekiaprosper/Library/Developer/Xcode/DerivedData/ModuleCache.noindex/Session.modulevalidation -fmodules-validate-once-per-build-session -Wnon-modular-include-in-framework-module -Werror\=non-modular-include-in-framework-module -Wno-trigraphs -Wno-missing-field-initializers -Wno-missing-prototypes -Werror\=return-type -Wdocumentation -Wunreachable-code -Wno-implicit-atomic-properties -Werror\=deprecated-objc-isa-usage -Wno-objc-interface-ivars -Werror\=objc-root-class -Wno-arc-repeated-use-of-weak -Wimplicit-retain-self -Wduplicate-method-match -Wno-missing-braces -Wparentheses -Wswitch -Wunused-function -Wno-unused-label -Wno-unused-parameter -Wunused-variable -Wunused-value -Wempty-body -Wuninitialized -Wconditional-uninitialized -Wno-unknown-pragmas -Wno-shadow -Wno-four-char-constants -Wno-conversion -Wconstant-conversion -Wint-conversion -Wbool-conversion -Wenum-conversion -Wno-float-conversion -Wnon-literal-null-conversion -Wobjc-literal-conversion -Wshorten-64-to-32 -Wpointer-sign -Wno-newline-eof -Wno-selector -Wno-strict-selector-match -Wundeclared-selector -Wdeprecated-implementations -Wno-implicit-fallthrough -fstrict-aliasing -Wprotocol -Wdeprecated-declarations -Wno-sign-conversion -Winfinite-recursion -Wcomma -Wblock-capture-autoreleasing -Wstrict-prototypes -Wno-semicolon-before-method-body -Wunguarded-availability @/Users/lekiaprosper/Library/Developer/Xcode/DerivedData/App-bmeqrztakkzxpkcqfdhhsyyyzbjg/Build/Intermediates.noindex/ArchiveIntermediates/App/IntermediateBuildFilesPath/Pods.build/Release-iphoneos/Capacitor.build/Objects-normal/arm64/e6072d4f65d7061329687fe24e3d63a7-common-args.resp -include /Users/lekiaprosper/Documents/Dev/Connectize/Connectize-Frontend/ios/App/Pods/Target\ Support\ Files/Capacitor/Capacitor-prefix.pch -MMD -MT dependencies -MF /Users/lekiaprosper/Library/Developer/Xcode/DerivedData/App-bmeqrztakkzxpkcqfdhhsyyyzbjg/Build/Intermediates.noindex/ArchiveIntermediates/App/IntermediateBuildFilesPath/Pods.build/Release-iphoneos/Capacitor.build/Objects-normal/arm64/CAPPluginCall-b46c5bdc0ba6715901913c7ddc985f4e.d --serialize-diagnostics /Users/lekiaprosper/Library/Developer/Xcode/DerivedData/App-bmeqrztakkzxpkcqfdhhsyyyzbjg/Build/Intermediates.noindex/ArchiveIntermediates/App/IntermediateBuildFilesPath/Pods.build/Release-iphoneos/Capacitor.build/Objects-normal/arm64/CAPPluginCall-b46c5bdc0ba6715901913c7ddc985f4e.dia -c /Users/lekiaprosper/Documents/Dev/Connectize/Connectize-Frontend/node_modules/@capacitor/ios/Capacitor/Capacitor/CAPPluginCall.m -o /Users/lekiaprosper/Library/Developer/Xcode/DerivedData/App-bmeqrztakkzxpkcqfdhhsyyyzbjg/Build/Intermediates.noindex/ArchiveIntermediates/App/IntermediateBuildFilesPath/Pods.build/Release-iphoneos/Capacitor.build/Objects-normal/arm64/CAPPluginCall-b46c5bdc0ba6715901913c7ddc985f4e.o

ScanDependencies /Users/lekiaprosper/Library/Developer/Xcode/DerivedData/App-bmeqrztakkzxpkcqfdhhsyyyzbjg/Build/Intermediates.noindex/ArchiveIntermediates/App/IntermediateBuildFilesPath/Pods.build/Release-iphoneos/Capacitor.build/Objects-normal/arm64/CAPPlugin.o /Users/lekiaprosper/Documents/Dev/Connectize/Connectize-Frontend/node_modules/@capacitor/ios/Capacitor/Capacitor/CAPPlugin.m normal arm64 objective-c com.apple.compilers.llvm.clang.1_0.compiler (in target 'Capacitor' from project 'Pods')
    cd /Users/lekiaprosper/Documents/Dev/Connectize/Connectize-Frontend/ios/App/Pods
    
    Using response file: /Users/lekiaprosper/Library/Developer/Xcode/DerivedData/App-bmeqrztakkzxpkcqfdhhsyyyzbjg/Build/Intermediates.noindex/ArchiveIntermediates/App/IntermediateBuildFilesPath/Pods.build/Release-iphoneos/Capacitor.build/Objects-normal/arm64/e6072d4f65d7061329687fe24e3d63a7-common-args.resp
    
    builtin-ScanDependencies -o /Users/lekiaprosper/Library/Developer/Xcode/DerivedData/App-bmeqrztakkzxpkcqfdhhsyyyzbjg/Build/Intermediates.noindex/ArchiveIntermediates/App/IntermediateBuildFilesPath/Pods.build/Release-iphoneos/Capacitor.build/Objects-normal/arm64/CAPPlugin.o.scan -- /Applications/Xcode.app/Contents/Developer/Toolchains/XcodeDefault.xctoolchain/usr/bin/clang -x objective-c -ivfsstatcache /Users/lekiaprosper/Library/Developer/Xcode/DerivedData/SDKStatCaches.noindex/iphoneos26.0-23A339-81ce72e5b06c9602b9d30b56f2eed08a.sdkstatcache -fmessage-length\=0 -fdiagnostics-show-note-include-stack -fmacro-backtrace-limit\=0 -fno-color-diagnostics -fmodules-prune-interval\=86400 -fmodules-prune-after\=345600 -fbuild-session-file\=/Users/lekiaprosper/Library/Developer/Xcode/DerivedData/ModuleCache.noindex/Session.modulevalidation -fmodules-validate-once-per-build-session -Wnon-modular-include-in-framework-module -Werror\=non-modular-include-in-framework-module -Wno-trigraphs -Wno-missing-field-initializers -Wno-missing-prototypes -Werror\=return-type -Wdocumentation -Wunreachable-code -Wno-implicit-atomic-properties -Werror\=deprecated-objc-isa-usage -Wno-objc-interface-ivars -Werror\=objc-root-class -Wno-arc-repeated-use-of-weak -Wimplicit-retain-self -Wduplicate-method-match -Wno-missing-braces -Wparentheses -Wswitch -Wunused-function -Wno-unused-label -Wno-unused-parameter -Wunused-variable -Wunused-value -Wempty-body -Wuninitialized -Wconditional-uninitialized -Wno-unknown-pragmas -Wno-shadow -Wno-four-char-constants -Wno-conversion -Wconstant-conversion -Wint-conversion -Wbool-conversion -Wenum-conversion -Wno-float-conversion -Wnon-literal-null-conversion -Wobjc-literal-conversion -Wshorten-64-to-32 -Wpointer-sign -Wno-newline-eof -Wno-selector -Wno-strict-selector-match -Wundeclared-selector -Wdeprecated-implementations -Wno-implicit-fallthrough -fstrict-aliasing -Wprotocol -Wdeprecated-declarations -Wno-sign-conversion -Winfinite-recursion -Wcomma -Wblock-capture-autoreleasing -Wstrict-prototypes -Wno-semicolon-before-method-body -Wunguarded-availability @/Users/lekiaprosper/Library/Developer/Xcode/DerivedData/App-bmeqrztakkzxpkcqfdhhsyyyzbjg/Build/Intermediates.noindex/ArchiveIntermediates/App/IntermediateBuildFilesPath/Pods.build/Release-iphoneos/Capacitor.build/Objects-normal/arm64/e6072d4f65d7061329687fe24e3d63a7-common-args.resp -include /Users/lekiaprosper/Documents/Dev/Connectize/Connectize-Frontend/ios/App/Pods/Target\ Support\ Files/Capacitor/Capacitor-prefix.pch -MMD -MT dependencies -MF /Users/lekiaprosper/Library/Developer/Xcode/DerivedData/App-bmeqrztakkzxpkcqfdhhsyyyzbjg/Build/Intermediates.noindex/ArchiveIntermediates/App/IntermediateBuildFilesPath/Pods.build/Release-iphoneos/Capacitor.build/Objects-normal/arm64/CAPPlugin.d --serialize-diagnostics /Users/lekiaprosper/Library/Developer/Xcode/DerivedData/App-bmeqrztakkzxpkcqfdhhsyyyzbjg/Build/Intermediates.noindex/ArchiveIntermediates/App/IntermediateBuildFilesPath/Pods.build/Release-iphoneos/Capacitor.build/Objects-normal/arm64/CAPPlugin.dia -c /Users/lekiaprosper/Documents/Dev/Connectize/Connectize-Frontend/node_modules/@capacitor/ios/Capacitor/Capacitor/CAPPlugin.m -o /Users/lekiaprosper/Library/Developer/Xcode/DerivedData/App-bmeqrztakkzxpkcqfdhhsyyyzbjg/Build/Intermediates.noindex/ArchiveIntermediates/App/IntermediateBuildFilesPath/Pods.build/Release-iphoneos/Capacitor.build/Objects-normal/arm64/CAPPlugin.o

ScanDependencies /Users/lekiaprosper/Library/Developer/Xcode/DerivedData/App-bmeqrztakkzxpkcqfdhhsyyyzbjg/Build/Intermediates.noindex/ArchiveIntermediates/App/IntermediateBuildFilesPath/Pods.build/Release-iphoneos/Capacitor.build/Objects-normal/arm64/CAPInstanceDescriptor-16713952f58ba9029efb67dc98838544.o /Users/lekiaprosper/Documents/Dev/Connectize/Connectize-Frontend/node_modules/@capacitor/ios/Capacitor/Capacitor/CAPInstanceDescriptor.m normal arm64 objective-c com.apple.compilers.llvm.clang.1_0.compiler (in target 'Capacitor' from project 'Pods')
    cd /Users/lekiaprosper/Documents/Dev/Connectize/Connectize-Frontend/ios/App/Pods
    
    Using response file: /Users/lekiaprosper/Library/Developer/Xcode/DerivedData/App-bmeqrztakkzxpkcqfdhhsyyyzbjg/Build/Intermediates.noindex/ArchiveIntermediates/App/IntermediateBuildFilesPath/Pods.build/Release-iphoneos/Capacitor.build/Objects-normal/arm64/e6072d4f65d7061329687fe24e3d63a7-common-args.resp
    
    builtin-ScanDependencies -o /Users/lekiaprosper/Library/Developer/Xcode/DerivedData/App-bmeqrztakkzxpkcqfdhhsyyyzbjg/Build/Intermediates.noindex/ArchiveIntermediates/App/IntermediateBuildFilesPath/Pods.build/Release-iphoneos/Capacitor.build/Objects-normal/arm64/CAPInstanceDescriptor-16713952f58ba9029efb67dc98838544.o.scan -- /Applications/Xcode.app/Contents/Developer/Toolchains/XcodeDefault.xctoolchain/usr/bin/clang -x objective-c -ivfsstatcache /Users/lekiaprosper/Library/Developer/Xcode/DerivedData/SDKStatCaches.noindex/iphoneos26.0-23A339-81ce72e5b06c9602b9d30b56f2eed08a.sdkstatcache -fmessage-length\=0 -fdiagnostics-show-note-include-stack -fmacro-backtrace-limit\=0 -fno-color-diagnostics -fmodules-prune-interval\=86400 -fmodules-prune-after\=345600 -fbuild-session-file\=/Users/lekiaprosper/Library/Developer/Xcode/DerivedData/ModuleCache.noindex/Session.modulevalidation -fmodules-validate-once-per-build-session -Wnon-modular-include-in-framework-module -Werror\=non-modular-include-in-framework-module -Wno-trigraphs -Wno-missing-field-initializers -Wno-missing-prototypes -Werror\=return-type -Wdocumentation -Wunreachable-code -Wno-implicit-atomic-properties -Werror\=deprecated-objc-isa-usage -Wno-objc-interface-ivars -Werror\=objc-root-class -Wno-arc-repeated-use-of-weak -Wimplicit-retain-self -Wduplicate-method-match -Wno-missing-braces -Wparentheses -Wswitch -Wunused-function -Wno-unused-label -Wno-unused-parameter -Wunused-variable -Wunused-value -Wempty-body -Wuninitialized -Wconditional-uninitialized -Wno-unknown-pragmas -Wno-shadow -Wno-four-char-constants -Wno-conversion -Wconstant-conversion -Wint-conversion -Wbool-conversion -Wenum-conversion -Wno-float-conversion -Wnon-literal-null-conversion -Wobjc-literal-conversion -Wshorten-64-to-32 -Wpointer-sign -Wno-newline-eof -Wno-selector -Wno-strict-selector-match -Wundeclared-selector -Wdeprecated-implementations -Wno-implicit-fallthrough -fstrict-aliasing -Wprotocol -Wdeprecated-declarations -Wno-sign-conversion -Winfinite-recursion -Wcomma -Wblock-capture-autoreleasing -Wstrict-prototypes -Wno-semicolon-before-method-body -Wunguarded-availability @/Users/lekiaprosper/Library/Developer/Xcode/DerivedData/App-bmeqrztakkzxpkcqfdhhsyyyzbjg/Build/Intermediates.noindex/ArchiveIntermediates/App/IntermediateBuildFilesPath/Pods.build/Release-iphoneos/Capacitor.build/Objects-normal/arm64/e6072d4f65d7061329687fe24e3d63a7-common-args.resp -include /Users/lekiaprosper/Documents/Dev/Connectize/Connectize-Frontend/ios/App/Pods/Target\ Support\ Files/Capacitor/Capacitor-prefix.pch -MMD -MT dependencies -MF /Users/lekiaprosper/Library/Developer/Xcode/DerivedData/App-bmeqrztakkzxpkcqfdhhsyyyzbjg/Build/Intermediates.noindex/ArchiveIntermediates/App/IntermediateBuildFilesPath/Pods.build/Release-iphoneos/Capacitor.build/Objects-normal/arm64/CAPInstanceDescriptor-16713952f58ba9029efb67dc98838544.d --serialize-diagnostics /Users/lekiaprosper/Library/Developer/Xcode/DerivedData/App-bmeqrztakkzxpkcqfdhhsyyyzbjg/Build/Intermediates.noindex/ArchiveIntermediates/App/IntermediateBuildFilesPath/Pods.build/Release-iphoneos/Capacitor.build/Objects-normal/arm64/CAPInstanceDescriptor-16713952f58ba9029efb67dc98838544.dia -c /Users/lekiaprosper/Documents/Dev/Connectize/Connectize-Frontend/node_modules/@capacitor/ios/Capacitor/Capacitor/CAPInstanceDescriptor.m -o /Users/lekiaprosper/Library/Developer/Xcode/DerivedData/App-bmeqrztakkzxpkcqfdhhsyyyzbjg/Build/Intermediates.noindex/ArchiveIntermediates/App/IntermediateBuildFilesPath/Pods.build/Release-iphoneos/Capacitor.build/Objects-normal/arm64/CAPInstanceDescriptor-16713952f58ba9029efb67dc98838544.o

ScanDependencies /Users/lekiaprosper/Library/Developer/Xcode/DerivedData/App-bmeqrztakkzxpkcqfdhhsyyyzbjg/Build/Intermediates.noindex/ArchiveIntermediates/App/IntermediateBuildFilesPath/Pods.build/Release-iphoneos/Capacitor.build/Objects-normal/arm64/CAPInstanceConfiguration-c8b8a3154c7ac38bf279bd052cc3b9cb.o /Users/lekiaprosper/Documents/Dev/Connectize/Connectize-Frontend/node_modules/@capacitor/ios/Capacitor/Capacitor/CAPInstanceConfiguration.m normal arm64 objective-c com.apple.compilers.llvm.clang.1_0.compiler (in target 'Capacitor' from project 'Pods')
    cd /Users/lekiaprosper/Documents/Dev/Connectize/Connectize-Frontend/ios/App/Pods
    
    Using response file: /Users/lekiaprosper/Library/Developer/Xcode/DerivedData/App-bmeqrztakkzxpkcqfdhhsyyyzbjg/Build/Intermediates.noindex/ArchiveIntermediates/App/IntermediateBuildFilesPath/Pods.build/Release-iphoneos/Capacitor.build/Objects-normal/arm64/e6072d4f65d7061329687fe24e3d63a7-common-args.resp
    
    builtin-ScanDependencies -o /Users/lekiaprosper/Library/Developer/Xcode/DerivedData/App-bmeqrztakkzxpkcqfdhhsyyyzbjg/Build/Intermediates.noindex/ArchiveIntermediates/App/IntermediateBuildFilesPath/Pods.build/Release-iphoneos/Capacitor.build/Objects-normal/arm64/CAPInstanceConfiguration-c8b8a3154c7ac38bf279bd052cc3b9cb.o.scan -- /Applications/Xcode.app/Contents/Developer/Toolchains/XcodeDefault.xctoolchain/usr/bin/clang -x objective-c -ivfsstatcache /Users/lekiaprosper/Library/Developer/Xcode/DerivedData/SDKStatCaches.noindex/iphoneos26.0-23A339-81ce72e5b06c9602b9d30b56f2eed08a.sdkstatcache -fmessage-length\=0 -fdiagnostics-show-note-include-stack -fmacro-backtrace-limit\=0 -fno-color-diagnostics -fmodules-prune-interval\=86400 -fmodules-prune-after\=345600 -fbuild-session-file\=/Users/lekiaprosper/Library/Developer/Xcode/DerivedData/ModuleCache.noindex/Session.modulevalidation -fmodules-validate-once-per-build-session -Wnon-modular-include-in-framework-module -Werror\=non-modular-include-in-framework-module -Wno-trigraphs -Wno-missing-field-initializers -Wno-missing-prototypes -Werror\=return-type -Wdocumentation -Wunreachable-code -Wno-implicit-atomic-properties -Werror\=deprecated-objc-isa-usage -Wno-objc-interface-ivars -Werror\=objc-root-class -Wno-arc-repeated-use-of-weak -Wimplicit-retain-self -Wduplicate-method-match -Wno-missing-braces -Wparentheses -Wswitch -Wunused-function -Wno-unused-label -Wno-unused-parameter -Wunused-variable -Wunused-value -Wempty-body -Wuninitialized -Wconditional-uninitialized -Wno-unknown-pragmas -Wno-shadow -Wno-four-char-constants -Wno-conversion -Wconstant-conversion -Wint-conversion -Wbool-conversion -Wenum-conversion -Wno-float-conversion -Wnon-literal-null-conversion -Wobjc-literal-conversion -Wshorten-64-to-32 -Wpointer-sign -Wno-newline-eof -Wno-selector -Wno-strict-selector-match -Wundeclared-selector -Wdeprecated-implementations -Wno-implicit-fallthrough -fstrict-aliasing -Wprotocol -Wdeprecated-declarations -Wno-sign-conversion -Winfinite-recursion -Wcomma -Wblock-capture-autoreleasing -Wstrict-prototypes -Wno-semicolon-before-method-body -Wunguarded-availability @/Users/lekiaprosper/Library/Developer/Xcode/DerivedData/App-bmeqrztakkzxpkcqfdhhsyyyzbjg/Build/Intermediates.noindex/ArchiveIntermediates/App/IntermediateBuildFilesPath/Pods.build/Release-iphoneos/Capacitor.build/Objects-normal/arm64/e6072d4f65d7061329687fe24e3d63a7-common-args.resp -include /Users/lekiaprosper/Documents/Dev/Connectize/Connectize-Frontend/ios/App/Pods/Target\ Support\ Files/Capacitor/Capacitor-prefix.pch -MMD -MT dependencies -MF /Users/lekiaprosper/Library/Developer/Xcode/DerivedData/App-bmeqrztakkzxpkcqfdhhsyyyzbjg/Build/Intermediates.noindex/ArchiveIntermediates/App/IntermediateBuildFilesPath/Pods.build/Release-iphoneos/Capacitor.build/Objects-normal/arm64/CAPInstanceConfiguration-c8b8a3154c7ac38bf279bd052cc3b9cb.d --serialize-diagnostics /Users/lekiaprosper/Library/Developer/Xcode/DerivedData/App-bmeqrztakkzxpkcqfdhhsyyyzbjg/Build/Intermediates.noindex/ArchiveIntermediates/App/IntermediateBuildFilesPath/Pods.build/Release-iphoneos/Capacitor.build/Objects-normal/arm64/CAPInstanceConfiguration-c8b8a3154c7ac38bf279bd052cc3b9cb.dia -c /Users/lekiaprosper/Documents/Dev/Connectize/Connectize-Frontend/node_modules/@capacitor/ios/Capacitor/Capacitor/CAPInstanceConfiguration.m -o /Users/lekiaprosper/Library/Developer/Xcode/DerivedData/App-bmeqrztakkzxpkcqfdhhsyyyzbjg/Build/Intermediates.noindex/ArchiveIntermediates/App/IntermediateBuildFilesPath/Pods.build/Release-iphoneos/Capacitor.build/Objects-normal/arm64/CAPInstanceConfiguration-c8b8a3154c7ac38bf279bd052cc3b9cb.o

ScanDependencies /Users/lekiaprosper/Library/Developer/Xcode/DerivedData/App-bmeqrztakkzxpkcqfdhhsyyyzbjg/Build/Intermediates.noindex/ArchiveIntermediates/App/IntermediateBuildFilesPath/Pods.build/Release-iphoneos/Capacitor.build/Objects-normal/arm64/CAPBridgedJSTypes.o /Users/lekiaprosper/Documents/Dev/Connectize/Connectize-Frontend/node_modules/@capacitor/ios/Capacitor/Capacitor/CAPBridgedJSTypes.m normal arm64 objective-c com.apple.compilers.llvm.clang.1_0.compiler (in target 'Capacitor' from project 'Pods')
    cd /Users/lekiaprosper/Documents/Dev/Connectize/Connectize-Frontend/ios/App/Pods
    
    Using response file: /Users/lekiaprosper/Library/Developer/Xcode/DerivedData/App-bmeqrztakkzxpkcqfdhhsyyyzbjg/Build/Intermediates.noindex/ArchiveIntermediates/App/IntermediateBuildFilesPath/Pods.build/Release-iphoneos/Capacitor.build/Objects-normal/arm64/e6072d4f65d7061329687fe24e3d63a7-common-args.resp
    
    builtin-ScanDependencies -o /Users/lekiaprosper/Library/Developer/Xcode/DerivedData/App-bmeqrztakkzxpkcqfdhhsyyyzbjg/Build/Intermediates.noindex/ArchiveIntermediates/App/IntermediateBuildFilesPath/Pods.build/Release-iphoneos/Capacitor.build/Objects-normal/arm64/CAPBridgedJSTypes.o.scan -- /Applications/Xcode.app/Contents/Developer/Toolchains/XcodeDefault.xctoolchain/usr/bin/clang -x objective-c -ivfsstatcache /Users/lekiaprosper/Library/Developer/Xcode/DerivedData/SDKStatCaches.noindex/iphoneos26.0-23A339-81ce72e5b06c9602b9d30b56f2eed08a.sdkstatcache -fmessage-length\=0 -fdiagnostics-show-note-include-stack -fmacro-backtrace-limit\=0 -fno-color-diagnostics -fmodules-prune-interval\=86400 -fmodules-prune-after\=345600 -fbuild-session-file\=/Users/lekiaprosper/Library/Developer/Xcode/DerivedData/ModuleCache.noindex/Session.modulevalidation -fmodules-validate-once-per-build-session -Wnon-modular-include-in-framework-module -Werror\=non-modular-include-in-framework-module -Wno-trigraphs -Wno-missing-field-initializers -Wno-missing-prototypes -Werror\=return-type -Wdocumentation -Wunreachable-code -Wno-implicit-atomic-properties -Werror\=deprecated-objc-isa-usage -Wno-objc-interface-ivars -Werror\=objc-root-class -Wno-arc-repeated-use-of-weak -Wimplicit-retain-self -Wduplicate-method-match -Wno-missing-braces -Wparentheses -Wswitch -Wunused-function -Wno-unused-label -Wno-unused-parameter -Wunused-variable -Wunused-value -Wempty-body -Wuninitialized -Wconditional-uninitialized -Wno-unknown-pragmas -Wno-shadow -Wno-four-char-constants -Wno-conversion -Wconstant-conversion -Wint-conversion -Wbool-conversion -Wenum-conversion -Wno-float-conversion -Wnon-literal-null-conversion -Wobjc-literal-conversion -Wshorten-64-to-32 -Wpointer-sign -Wno-newline-eof -Wno-selector -Wno-strict-selector-match -Wundeclared-selector -Wdeprecated-implementations -Wno-implicit-fallthrough -fstrict-aliasing -Wprotocol -Wdeprecated-declarations -Wno-sign-conversion -Winfinite-recursion -Wcomma -Wblock-capture-autoreleasing -Wstrict-prototypes -Wno-semicolon-before-method-body -Wunguarded-availability @/Users/lekiaprosper/Library/Developer/Xcode/DerivedData/App-bmeqrztakkzxpkcqfdhhsyyyzbjg/Build/Intermediates.noindex/ArchiveIntermediates/App/IntermediateBuildFilesPath/Pods.build/Release-iphoneos/Capacitor.build/Objects-normal/arm64/e6072d4f65d7061329687fe24e3d63a7-common-args.resp -include /Users/lekiaprosper/Documents/Dev/Connectize/Connectize-Frontend/ios/App/Pods/Target\ Support\ Files/Capacitor/Capacitor-prefix.pch -MMD -MT dependencies -MF /Users/lekiaprosper/Library/Developer/Xcode/DerivedData/App-bmeqrztakkzxpkcqfdhhsyyyzbjg/Build/Intermediates.noindex/ArchiveIntermediates/App/IntermediateBuildFilesPath/Pods.build/Release-iphoneos/Capacitor.build/Objects-normal/arm64/CAPBridgedJSTypes.d --serialize-diagnostics /Users/lekiaprosper/Library/Developer/Xcode/DerivedData/App-bmeqrztakkzxpkcqfdhhsyyyzbjg/Build/Intermediates.noindex/ArchiveIntermediates/App/IntermediateBuildFilesPath/Pods.build/Release-iphoneos/Capacitor.build/Objects-normal/arm64/CAPBridgedJSTypes.dia -c /Users/lekiaprosper/Documents/Dev/Connectize/Connectize-Frontend/node_modules/@capacitor/ios/Capacitor/Capacitor/CAPBridgedJSTypes.m -o /Users/lekiaprosper/Library/Developer/Xcode/DerivedData/App-bmeqrztakkzxpkcqfdhhsyyyzbjg/Build/Intermediates.noindex/ArchiveIntermediates/App/IntermediateBuildFilesPath/Pods.build/Release-iphoneos/Capacitor.build/Objects-normal/arm64/CAPBridgedJSTypes.o

ScanDependencies /Users/lekiaprosper/Library/Developer/Xcode/DerivedData/App-bmeqrztakkzxpkcqfdhhsyyyzbjg/Build/Intermediates.noindex/ArchiveIntermediates/App/IntermediateBuildFilesPath/Pods.build/Release-iphoneos/Capacitor.build/Objects-normal/arm64/CAPBridgeViewController+CDVScreenOrientationDelegate.o /Users/lekiaprosper/Documents/Dev/Connectize/Connectize-Frontend/node_modules/@capacitor/ios/Capacitor/Capacitor/CAPBridgeViewController+CDVScreenOrientationDelegate.m normal arm64 objective-c com.apple.compilers.llvm.clang.1_0.compiler (in target 'Capacitor' from project 'Pods')
    cd /Users/lekiaprosper/Documents/Dev/Connectize/Connectize-Frontend/ios/App/Pods
    
    Using response file: /Users/lekiaprosper/Library/Developer/Xcode/DerivedData/App-bmeqrztakkzxpkcqfdhhsyyyzbjg/Build/Intermediates.noindex/ArchiveIntermediates/App/IntermediateBuildFilesPath/Pods.build/Release-iphoneos/Capacitor.build/Objects-normal/arm64/e6072d4f65d7061329687fe24e3d63a7-common-args.resp
    
    builtin-ScanDependencies -o /Users/lekiaprosper/Library/Developer/Xcode/DerivedData/App-bmeqrztakkzxpkcqfdhhsyyyzbjg/Build/Intermediates.noindex/ArchiveIntermediates/App/IntermediateBuildFilesPath/Pods.build/Release-iphoneos/Capacitor.build/Objects-normal/arm64/CAPBridgeViewController+CDVScreenOrientationDelegate.o.scan -- /Applications/Xcode.app/Contents/Developer/Toolchains/XcodeDefault.xctoolchain/usr/bin/clang -x objective-c -ivfsstatcache /Users/lekiaprosper/Library/Developer/Xcode/DerivedData/SDKStatCaches.noindex/iphoneos26.0-23A339-81ce72e5b06c9602b9d30b56f2eed08a.sdkstatcache -fmessage-length\=0 -fdiagnostics-show-note-include-stack -fmacro-backtrace-limit\=0 -fno-color-diagnostics -fmodules-prune-interval\=86400 -fmodules-prune-after\=345600 -fbuild-session-file\=/Users/lekiaprosper/Library/Developer/Xcode/DerivedData/ModuleCache.noindex/Session.modulevalidation -fmodules-validate-once-per-build-session -Wnon-modular-include-in-framework-module -Werror\=non-modular-include-in-framework-module -Wno-trigraphs -Wno-missing-field-initializers -Wno-missing-prototypes -Werror\=return-type -Wdocumentation -Wunreachable-code -Wno-implicit-atomic-properties -Werror\=deprecated-objc-isa-usage -Wno-objc-interface-ivars -Werror\=objc-root-class -Wno-arc-repeated-use-of-weak -Wimplicit-retain-self -Wduplicate-method-match -Wno-missing-braces -Wparentheses -Wswitch -Wunused-function -Wno-unused-label -Wno-unused-parameter -Wunused-variable -Wunused-value -Wempty-body -Wuninitialized -Wconditional-uninitialized -Wno-unknown-pragmas -Wno-shadow -Wno-four-char-constants -Wno-conversion -Wconstant-conversion -Wint-conversion -Wbool-conversion -Wenum-conversion -Wno-float-conversion -Wnon-literal-null-conversion -Wobjc-literal-conversion -Wshorten-64-to-32 -Wpointer-sign -Wno-newline-eof -Wno-selector -Wno-strict-selector-match -Wundeclared-selector -Wdeprecated-implementations -Wno-implicit-fallthrough -fstrict-aliasing -Wprotocol -Wdeprecated-declarations -Wno-sign-conversion -Winfinite-recursion -Wcomma -Wblock-capture-autoreleasing -Wstrict-prototypes -Wno-semicolon-before-method-body -Wunguarded-availability @/Users/lekiaprosper/Library/Developer/Xcode/DerivedData/App-bmeqrztakkzxpkcqfdhhsyyyzbjg/Build/Intermediates.noindex/ArchiveIntermediates/App/IntermediateBuildFilesPath/Pods.build/Release-iphoneos/Capacitor.build/Objects-normal/arm64/e6072d4f65d7061329687fe24e3d63a7-common-args.resp -include /Users/lekiaprosper/Documents/Dev/Connectize/Connectize-Frontend/ios/App/Pods/Target\ Support\ Files/Capacitor/Capacitor-prefix.pch -MMD -MT dependencies -MF /Users/lekiaprosper/Library/Developer/Xcode/DerivedData/App-bmeqrztakkzxpkcqfdhhsyyyzbjg/Build/Intermediates.noindex/ArchiveIntermediates/App/IntermediateBuildFilesPath/Pods.build/Release-iphoneos/Capacitor.build/Objects-normal/arm64/CAPBridgeViewController+CDVScreenOrientationDelegate.d --serialize-diagnostics /Users/lekiaprosper/Library/Developer/Xcode/DerivedData/App-bmeqrztakkzxpkcqfdhhsyyyzbjg/Build/Intermediates.noindex/ArchiveIntermediates/App/IntermediateBuildFilesPath/Pods.build/Release-iphoneos/Capacitor.build/Objects-normal/arm64/CAPBridgeViewController+CDVScreenOrientationDelegate.dia -c /Users/lekiaprosper/Documents/Dev/Connectize/Connectize-Frontend/node_modules/@capacitor/ios/Capacitor/Capacitor/CAPBridgeViewController+CDVScreenOrientationDelegate.m -o /Users/lekiaprosper/Library/Developer/Xcode/DerivedData/App-bmeqrztakkzxpkcqfdhhsyyyzbjg/Build/Intermediates.noindex/ArchiveIntermediates/App/IntermediateBuildFilesPath/Pods.build/Release-iphoneos/Capacitor.build/Objects-normal/arm64/CAPBridgeViewController+CDVScreenOrientationDelegate.o

CompileC /Users/lekiaprosper/Library/Developer/Xcode/DerivedData/App-bmeqrztakkzxpkcqfdhhsyyyzbjg/Build/Intermediates.noindex/ArchiveIntermediates/App/IntermediateBuildFilesPath/Pods.build/Release-iphoneos/Capacitor.build/Objects-normal/arm64/Capacitor_vers.o /Users/lekiaprosper/Library/Developer/Xcode/DerivedData/App-bmeqrztakkzxpkcqfdhhsyyyzbjg/Build/Intermediates.noindex/ArchiveIntermediates/App/IntermediateBuildFilesPath/Pods.build/Release-iphoneos/Capacitor.build/DerivedSources/Capacitor_vers.c normal arm64 c com.apple.compilers.llvm.clang.1_0.compiler (in target 'Capacitor' from project 'Pods')
    cd /Users/lekiaprosper/Documents/Dev/Connectize/Connectize-Frontend/ios/App/Pods
    
    Using response file: /Users/lekiaprosper/Library/Developer/Xcode/DerivedData/App-bmeqrztakkzxpkcqfdhhsyyyzbjg/Build/Intermediates.noindex/ArchiveIntermediates/App/IntermediateBuildFilesPath/Pods.build/Release-iphoneos/Capacitor.build/Objects-normal/arm64/7187679823f38a2a940e0043cdf9d637-common-args.resp
    
    /Applications/Xcode.app/Contents/Developer/Toolchains/XcodeDefault.xctoolchain/usr/bin/clang -x c -ivfsstatcache /Users/lekiaprosper/Library/Developer/Xcode/DerivedData/SDKStatCaches.noindex/iphoneos26.0-23A339-81ce72e5b06c9602b9d30b56f2eed08a.sdkstatcache -fmessage-length\=0 -fdiagnostics-show-note-include-stack -fmacro-backtrace-limit\=0 -fno-color-diagnostics -fmodules-prune-interval\=86400 -fmodules-prune-after\=345600 -fbuild-session-file\=/Users/lekiaprosper/Library/Developer/Xcode/DerivedData/ModuleCache.noindex/Session.modulevalidation -fmodules-validate-once-per-build-session -Wnon-modular-include-in-framework-module -Werror\=non-modular-include-in-framework-module -Wno-trigraphs -Wno-missing-field-initializers -Wno-missing-prototypes -Werror\=return-type -Wdocumentation -Wunreachable-code -Werror\=deprecated-objc-isa-usage -Werror\=objc-root-class -Wno-missing-braces -Wparentheses -Wswitch -Wunused-function -Wno-unused-label -Wno-unused-parameter -Wunused-variable -Wunused-value -Wempty-body -Wuninitialized -Wconditional-uninitialized -Wno-unknown-pragmas -Wno-shadow -Wno-four-char-constants -Wno-conversion -Wconstant-conversion -Wint-conversion -Wbool-conversion -Wenum-conversion -Wno-float-conversion -Wnon-literal-null-conversion -Wobjc-literal-conversion -Wshorten-64-to-32 -Wpointer-sign -Wno-newline-eof -Wno-implicit-fallthrough -fstrict-aliasing -Wdeprecated-declarations -Wno-sign-conversion -Winfinite-recursion -Wcomma -Wblock-capture-autoreleasing -Wstrict-prototypes -Wno-semicolon-before-method-body -Wunguarded-availability @/Users/lekiaprosper/Library/Developer/Xcode/DerivedData/App-bmeqrztakkzxpkcqfdhhsyyyzbjg/Build/Intermediates.noindex/ArchiveIntermediates/App/IntermediateBuildFilesPath/Pods.build/Release-iphoneos/Capacitor.build/Objects-normal/arm64/7187679823f38a2a940e0043cdf9d637-common-args.resp -MMD -MT dependencies -MF /Users/lekiaprosper/Library/Developer/Xcode/DerivedData/App-bmeqrztakkzxpkcqfdhhsyyyzbjg/Build/Intermediates.noindex/ArchiveIntermediates/App/IntermediateBuildFilesPath/Pods.build/Release-iphoneos/Capacitor.build/Objects-normal/arm64/Capacitor_vers.d --serialize-diagnostics /Users/lekiaprosper/Library/Developer/Xcode/DerivedData/App-bmeqrztakkzxpkcqfdhhsyyyzbjg/Build/Intermediates.noindex/ArchiveIntermediates/App/IntermediateBuildFilesPath/Pods.build/Release-iphoneos/Capacitor.build/Objects-normal/arm64/Capacitor_vers.dia -c /Users/lekiaprosper/Library/Developer/Xcode/DerivedData/App-bmeqrztakkzxpkcqfdhhsyyyzbjg/Build/Intermediates.noindex/ArchiveIntermediates/App/IntermediateBuildFilesPath/Pods.build/Release-iphoneos/Capacitor.build/DerivedSources/Capacitor_vers.c -o /Users/lekiaprosper/Library/Developer/Xcode/DerivedData/App-bmeqrztakkzxpkcqfdhhsyyyzbjg/Build/Intermediates.noindex/ArchiveIntermediates/App/IntermediateBuildFilesPath/Pods.build/Release-iphoneos/Capacitor.build/Objects-normal/arm64/Capacitor_vers.o

CompileC /Users/lekiaprosper/Library/Developer/Xcode/DerivedData/App-bmeqrztakkzxpkcqfdhhsyyyzbjg/Build/Intermediates.noindex/ArchiveIntermediates/App/IntermediateBuildFilesPath/Pods.build/Release-iphoneos/Capacitor.build/Objects-normal/arm64/Capacitor-dummy.o /Users/lekiaprosper/Documents/Dev/Connectize/Connectize-Frontend/ios/App/Pods/Target\ Support\ Files/Capacitor/Capacitor-dummy.m normal arm64 objective-c com.apple.compilers.llvm.clang.1_0.compiler (in target 'Capacitor' from project 'Pods')
    cd /Users/lekiaprosper/Documents/Dev/Connectize/Connectize-Frontend/ios/App/Pods
    
    Using response file: /Users/lekiaprosper/Library/Developer/Xcode/DerivedData/App-bmeqrztakkzxpkcqfdhhsyyyzbjg/Build/Intermediates.noindex/ArchiveIntermediates/App/IntermediateBuildFilesPath/Pods.build/Release-iphoneos/Capacitor.build/Objects-normal/arm64/e6072d4f65d7061329687fe24e3d63a7-common-args.resp
    
    /Applications/Xcode.app/Contents/Developer/Toolchains/XcodeDefault.xctoolchain/usr/bin/clang -x objective-c -ivfsstatcache /Users/lekiaprosper/Library/Developer/Xcode/DerivedData/SDKStatCaches.noindex/iphoneos26.0-23A339-81ce72e5b06c9602b9d30b56f2eed08a.sdkstatcache -fmessage-length\=0 -fdiagnostics-show-note-include-stack -fmacro-backtrace-limit\=0 -fno-color-diagnostics -fmodules-prune-interval\=86400 -fmodules-prune-after\=345600 -fbuild-session-file\=/Users/lekiaprosper/Library/Developer/Xcode/DerivedData/ModuleCache.noindex/Session.modulevalidation -fmodules-validate-once-per-build-session -Wnon-modular-include-in-framework-module -Werror\=non-modular-include-in-framework-module -Wno-trigraphs -Wno-missing-field-initializers -Wno-missing-prototypes -Werror\=return-type -Wdocumentation -Wunreachable-code -Wno-implicit-atomic-properties -Werror\=deprecated-objc-isa-usage -Wno-objc-interface-ivars -Werror\=objc-root-class -Wno-arc-repeated-use-of-weak -Wimplicit-retain-self -Wduplicate-method-match -Wno-missing-braces -Wparentheses -Wswitch -Wunused-function -Wno-unused-label -Wno-unused-parameter -Wunused-variable -Wunused-value -Wempty-body -Wuninitialized -Wconditional-uninitialized -Wno-unknown-pragmas -Wno-shadow -Wno-four-char-constants -Wno-conversion -Wconstant-conversion -Wint-conversion -Wbool-conversion -Wenum-conversion -Wno-float-conversion -Wnon-literal-null-conversion -Wobjc-literal-conversion -Wshorten-64-to-32 -Wpointer-sign -Wno-newline-eof -Wno-selector -Wno-strict-selector-match -Wundeclared-selector -Wdeprecated-implementations -Wno-implicit-fallthrough -fstrict-aliasing -Wprotocol -Wdeprecated-declarations -Wno-sign-conversion -Winfinite-recursion -Wcomma -Wblock-capture-autoreleasing -Wstrict-prototypes -Wno-semicolon-before-method-body -Wunguarded-availability @/Users/lekiaprosper/Library/Developer/Xcode/DerivedData/App-bmeqrztakkzxpkcqfdhhsyyyzbjg/Build/Intermediates.noindex/ArchiveIntermediates/App/IntermediateBuildFilesPath/Pods.build/Release-iphoneos/Capacitor.build/Objects-normal/arm64/e6072d4f65d7061329687fe24e3d63a7-common-args.resp -include /Users/lekiaprosper/Documents/Dev/Connectize/Connectize-Frontend/ios/App/Pods/Target\ Support\ Files/Capacitor/Capacitor-prefix.pch -MMD -MT dependencies -MF /Users/lekiaprosper/Library/Developer/Xcode/DerivedData/App-bmeqrztakkzxpkcqfdhhsyyyzbjg/Build/Intermediates.noindex/ArchiveIntermediates/App/IntermediateBuildFilesPath/Pods.build/Release-iphoneos/Capacitor.build/Objects-normal/arm64/Capacitor-dummy.d --serialize-diagnostics /Users/lekiaprosper/Library/Developer/Xcode/DerivedData/App-bmeqrztakkzxpkcqfdhhsyyyzbjg/Build/Intermediates.noindex/ArchiveIntermediates/App/IntermediateBuildFilesPath/Pods.build/Release-iphoneos/Capacitor.build/Objects-normal/arm64/Capacitor-dummy.dia -c /Users/lekiaprosper/Documents/Dev/Connectize/Connectize-Frontend/ios/App/Pods/Target\ Support\ Files/Capacitor/Capacitor-dummy.m -o /Users/lekiaprosper/Library/Developer/Xcode/DerivedData/App-bmeqrztakkzxpkcqfdhhsyyyzbjg/Build/Intermediates.noindex/ArchiveIntermediates/App/IntermediateBuildFilesPath/Pods.build/Release-iphoneos/Capacitor.build/Objects-normal/arm64/Capacitor-dummy.o

CompileC /Users/lekiaprosper/Library/Developer/Xcode/DerivedData/App-bmeqrztakkzxpkcqfdhhsyyyzbjg/Build/Intermediates.noindex/ArchiveIntermediates/App/IntermediateBuildFilesPath/Pods.build/Release-iphoneos/Capacitor.build/Objects-normal/arm64/CAPPluginCall-b46c5bdc0ba6715901913c7ddc985f4e.o /Users/lekiaprosper/Documents/Dev/Connectize/Connectize-Frontend/node_modules/@capacitor/ios/Capacitor/Capacitor/CAPPluginCall.m normal arm64 objective-c com.apple.compilers.llvm.clang.1_0.compiler (in target 'Capacitor' from project 'Pods')
    cd /Users/lekiaprosper/Documents/Dev/Connectize/Connectize-Frontend/ios/App/Pods
    
    Using response file: /Users/lekiaprosper/Library/Developer/Xcode/DerivedData/App-bmeqrztakkzxpkcqfdhhsyyyzbjg/Build/Intermediates.noindex/ArchiveIntermediates/App/IntermediateBuildFilesPath/Pods.build/Release-iphoneos/Capacitor.build/Objects-normal/arm64/e6072d4f65d7061329687fe24e3d63a7-common-args.resp
    
    /Applications/Xcode.app/Contents/Developer/Toolchains/XcodeDefault.xctoolchain/usr/bin/clang -x objective-c -ivfsstatcache /Users/lekiaprosper/Library/Developer/Xcode/DerivedData/SDKStatCaches.noindex/iphoneos26.0-23A339-81ce72e5b06c9602b9d30b56f2eed08a.sdkstatcache -fmessage-length\=0 -fdiagnostics-show-note-include-stack -fmacro-backtrace-limit\=0 -fno-color-diagnostics -fmodules-prune-interval\=86400 -fmodules-prune-after\=345600 -fbuild-session-file\=/Users/lekiaprosper/Library/Developer/Xcode/DerivedData/ModuleCache.noindex/Session.modulevalidation -fmodules-validate-once-per-build-session -Wnon-modular-include-in-framework-module -Werror\=non-modular-include-in-framework-module -Wno-trigraphs -Wno-missing-field-initializers -Wno-missing-prototypes -Werror\=return-type -Wdocumentation -Wunreachable-code -Wno-implicit-atomic-properties -Werror\=deprecated-objc-isa-usage -Wno-objc-interface-ivars -Werror\=objc-root-class -Wno-arc-repeated-use-of-weak -Wimplicit-retain-self -Wduplicate-method-match -Wno-missing-braces -Wparentheses -Wswitch -Wunused-function -Wno-unused-label -Wno-unused-parameter -Wunused-variable -Wunused-value -Wempty-body -Wuninitialized -Wconditional-uninitialized -Wno-unknown-pragmas -Wno-shadow -Wno-four-char-constants -Wno-conversion -Wconstant-conversion -Wint-conversion -Wbool-conversion -Wenum-conversion -Wno-float-conversion -Wnon-literal-null-conversion -Wobjc-literal-conversion -Wshorten-64-to-32 -Wpointer-sign -Wno-newline-eof -Wno-selector -Wno-strict-selector-match -Wundeclared-selector -Wdeprecated-implementations -Wno-implicit-fallthrough -fstrict-aliasing -Wprotocol -Wdeprecated-declarations -Wno-sign-conversion -Winfinite-recursion -Wcomma -Wblock-capture-autoreleasing -Wstrict-prototypes -Wno-semicolon-before-method-body -Wunguarded-availability @/Users/lekiaprosper/Library/Developer/Xcode/DerivedData/App-bmeqrztakkzxpkcqfdhhsyyyzbjg/Build/Intermediates.noindex/ArchiveIntermediates/App/IntermediateBuildFilesPath/Pods.build/Release-iphoneos/Capacitor.build/Objects-normal/arm64/e6072d4f65d7061329687fe24e3d63a7-common-args.resp -include /Users/lekiaprosper/Documents/Dev/Connectize/Connectize-Frontend/ios/App/Pods/Target\ Support\ Files/Capacitor/Capacitor-prefix.pch -MMD -MT dependencies -MF /Users/lekiaprosper/Library/Developer/Xcode/DerivedData/App-bmeqrztakkzxpkcqfdhhsyyyzbjg/Build/Intermediates.noindex/ArchiveIntermediates/App/IntermediateBuildFilesPath/Pods.build/Release-iphoneos/Capacitor.build/Objects-normal/arm64/CAPPluginCall-b46c5bdc0ba6715901913c7ddc985f4e.d --serialize-diagnostics /Users/lekiaprosper/Library/Developer/Xcode/DerivedData/App-bmeqrztakkzxpkcqfdhhsyyyzbjg/Build/Intermediates.noindex/ArchiveIntermediates/App/IntermediateBuildFilesPath/Pods.build/Release-iphoneos/Capacitor.build/Objects-normal/arm64/CAPPluginCall-b46c5bdc0ba6715901913c7ddc985f4e.dia -c /Users/lekiaprosper/Documents/Dev/Connectize/Connectize-Frontend/node_modules/@capacitor/ios/Capacitor/Capacitor/CAPPluginCall.m -o /Users/lekiaprosper/Library/Developer/Xcode/DerivedData/App-bmeqrztakkzxpkcqfdhhsyyyzbjg/Build/Intermediates.noindex/ArchiveIntermediates/App/IntermediateBuildFilesPath/Pods.build/Release-iphoneos/Capacitor.build/Objects-normal/arm64/CAPPluginCall-b46c5bdc0ba6715901913c7ddc985f4e.o

SwiftDriver CapacitorStatusBar normal arm64 com.apple.xcode.tools.swift.compiler (in target 'CapacitorStatusBar' from project 'Pods')
    cd /Users/lekiaprosper/Documents/Dev/Connectize/Connectize-Frontend/ios/App/Pods
    builtin-SwiftDriver -- /Applications/Xcode.app/Contents/Developer/Toolchains/XcodeDefault.xctoolchain/usr/bin/swiftc -disable-bridging-pch -module-name CapacitorStatusBar -Onone -whole-module-optimization -enforce-exclusivity\=checked @/Users/lekiaprosper/Library/Developer/Xcode/DerivedData/App-bmeqrztakkzxpkcqfdhhsyyyzbjg/Build/Intermediates.noindex/ArchiveIntermediates/App/IntermediateBuildFilesPath/Pods.build/Release-iphoneos/CapacitorStatusBar.build/Objects-normal/arm64/CapacitorStatusBar.SwiftFileList -D COCOAPODS -enable-bare-slash-regex -enable-experimental-feature DebugDescriptionMacro -sdk /Applications/Xcode.app/Contents/Developer/Platforms/iPhoneOS.platform/Developer/SDKs/iPhoneOS26.0.sdk -target arm64-apple-ios14.0 -g -module-cache-path /Users/lekiaprosper/Library/Developer/Xcode/DerivedData/ModuleCache.noindex -Xfrontend -serialize-debugging-options -suppress-warnings -swift-version 5 -I /Users/lekiaprosper/Library/Developer/Xcode/DerivedData/App-bmeqrztakkzxpkcqfdhhsyyyzbjg/Build/Intermediates.noindex/ArchiveIntermediates/App/BuildProductsPath/Release-iphoneos/CapacitorStatusBar -F /Users/lekiaprosper/Library/Developer/Xcode/DerivedData/App-bmeqrztakkzxpkcqfdhhsyyyzbjg/Build/Intermediates.noindex/ArchiveIntermediates/App/BuildProductsPath/Release-iphoneos/CapacitorStatusBar -F /Users/lekiaprosper/Library/Developer/Xcode/DerivedData/App-bmeqrztakkzxpkcqfdhhsyyyzbjg/Build/Intermediates.noindex/ArchiveIntermediates/App/BuildProductsPath/Release-iphoneos/Capacitor -F /Users/lekiaprosper/Library/Developer/Xcode/DerivedData/App-bmeqrztakkzxpkcqfdhhsyyyzbjg/Build/Intermediates.noindex/ArchiveIntermediates/App/BuildProductsPath/Release-iphoneos/CapacitorCordova -c -num-threads 10 -Xcc -ivfsstatcache -Xcc /Users/lekiaprosper/Library/Developer/Xcode/DerivedData/SDKStatCaches.noindex/iphoneos26.0-23A339-81ce72e5b06c9602b9d30b56f2eed08a.sdkstatcache -output-file-map /Users/lekiaprosper/Library/Developer/Xcode/DerivedData/App-bmeqrztakkzxpkcqfdhhsyyyzbjg/Build/Intermediates.noindex/ArchiveIntermediates/App/IntermediateBuildFilesPath/Pods.build/Release-iphoneos/CapacitorStatusBar.build/Objects-normal/arm64/CapacitorStatusBar-OutputFileMap.json -use-frontend-parseable-output -save-temps -no-color-diagnostics -explicit-module-build -module-cache-path /Users/lekiaprosper/Library/Developer/Xcode/DerivedData/App-bmeqrztakkzxpkcqfdhhsyyyzbjg/Build/Intermediates.noindex/ArchiveIntermediates/App/IntermediateBuildFilesPath/SwiftExplicitPrecompiledModules -clang-scanner-module-cache-path /Users/lekiaprosper/Library/Developer/Xcode/DerivedData/ModuleCache.noindex -sdk-module-cache-path /Users/lekiaprosper/Library/Developer/Xcode/DerivedData/ModuleCache.noindex -serialize-diagnostics -emit-dependencies -emit-module -emit-module-path /Users/lekiaprosper/Library/Developer/Xcode/DerivedData/App-bmeqrztakkzxpkcqfdhhsyyyzbjg/Build/Intermediates.noindex/ArchiveIntermediates/App/IntermediateBuildFilesPath/Pods.build/Release-iphoneos/CapacitorStatusBar.build/Objects-normal/arm64/CapacitorStatusBar.swiftmodule -validate-clang-modules-once -clang-build-session-file /Users/lekiaprosper/Library/Developer/Xcode/DerivedData/ModuleCache.noindex/Session.modulevalidation -Xcc -I/Users/lekiaprosper/Library/Developer/Xcode/DerivedData/App-bmeqrztakkzxpkcqfdhhsyyyzbjg/Build/Intermediates.noindex/ArchiveIntermediates/App/IntermediateBuildFilesPath/Pods.build/Release-iphoneos/CapacitorStatusBar.build/swift-overrides.hmap -emit-const-values -Xfrontend -const-gather-protocols-file -Xfrontend /Users/lekiaprosper/Library/Developer/Xcode/DerivedData/App-bmeqrztakkzxpkcqfdhhsyyyzbjg/Build/Intermediates.noindex/ArchiveIntermediates/App/IntermediateBuildFilesPath/Pods.build/Release-iphoneos/CapacitorStatusBar.build/Objects-normal/arm64/CapacitorStatusBar_const_extract_protocols.json -Xcc -iquote -Xcc /Users/lekiaprosper/Library/Developer/Xcode/DerivedData/App-bmeqrztakkzxpkcqfdhhsyyyzbjg/Build/Intermediates.noindex/ArchiveIntermediates/App/IntermediateBuildFilesPath/Pods.build/Release-iphoneos/CapacitorStatusBar.build/CapacitorStatusBar-generated-files.hmap -Xcc -I/Users/lekiaprosper/Library/Developer/Xcode/DerivedData/App-bmeqrztakkzxpkcqfdhhsyyyzbjg/Build/Intermediates.noindex/ArchiveIntermediates/App/IntermediateBuildFilesPath/Pods.build/Release-iphoneos/CapacitorStatusBar.build/CapacitorStatusBar-own-target-headers.hmap -Xcc -I/Users/lekiaprosper/Library/Developer/Xcode/DerivedData/App-bmeqrztakkzxpkcqfdhhsyyyzbjg/Build/Intermediates.noindex/ArchiveIntermediates/App/IntermediateBuildFilesPath/Pods.build/Release-iphoneos/CapacitorStatusBar.build/CapacitorStatusBar-all-non-framework-target-headers.hmap -Xcc -ivfsoverlay -Xcc /Users/lekiaprosper/Library/Developer/Xcode/DerivedData/App-bmeqrztakkzxpkcqfdhhsyyyzbjg/Build/Intermediates.noindex/ArchiveIntermediates/App/IntermediateBuildFilesPath/Pods.build/Release-iphoneos/Pods-8699adb1dd336b26511df848a716bd42-VFS-iphoneos/all-product-headers.yaml -Xcc -iquote -Xcc /Users/lekiaprosper/Library/Developer/Xcode/DerivedData/App-bmeqrztakkzxpkcqfdhhsyyyzbjg/Build/Intermediates.noindex/ArchiveIntermediates/App/IntermediateBuildFilesPath/Pods.build/Release-iphoneos/CapacitorStatusBar.build/CapacitorStatusBar-project-headers.hmap -Xcc -I/Users/lekiaprosper/Library/Developer/Xcode/DerivedData/App-bmeqrztakkzxpkcqfdhhsyyyzbjg/Build/Intermediates.noindex/ArchiveIntermediates/App/BuildProductsPath/Release-iphoneos/CapacitorStatusBar/include -Xcc -I/Users/lekiaprosper/Library/Developer/Xcode/DerivedData/App-bmeqrztakkzxpkcqfdhhsyyyzbjg/Build/Intermediates.noindex/ArchiveIntermediates/App/IntermediateBuildFilesPath/Pods.build/Release-iphoneos/CapacitorStatusBar.build/DerivedSources-normal/arm64 -Xcc -I/Users/lekiaprosper/Library/Developer/Xcode/DerivedData/App-bmeqrztakkzxpkcqfdhhsyyyzbjg/Build/Intermediates.noindex/ArchiveIntermediates/App/IntermediateBuildFilesPath/Pods.build/Release-iphoneos/CapacitorStatusBar.build/DerivedSources/arm64 -Xcc -I/Users/lekiaprosper/Library/Developer/Xcode/DerivedData/App-bmeqrztakkzxpkcqfdhhsyyyzbjg/Build/Intermediates.noindex/ArchiveIntermediates/App/IntermediateBuildFilesPath/Pods.build/Release-iphoneos/CapacitorStatusBar.build/DerivedSources -Xcc -DPOD_CONFIGURATION_RELEASE\=1 -Xcc -DCOCOAPODS\=1 -emit-objc-header -emit-objc-header-path /Users/lekiaprosper/Library/Developer/Xcode/DerivedData/App-bmeqrztakkzxpkcqfdhhsyyyzbjg/Build/Intermediates.noindex/ArchiveIntermediates/App/IntermediateBuildFilesPath/Pods.build/Release-iphoneos/CapacitorStatusBar.build/Objects-normal/arm64/CapacitorStatusBar-Swift.h -import-underlying-module -Xcc -ivfsoverlay -Xcc /Users/lekiaprosper/Library/Developer/Xcode/DerivedData/App-bmeqrztakkzxpkcqfdhhsyyyzbjg/Build/Intermediates.noindex/ArchiveIntermediates/App/IntermediateBuildFilesPath/Pods.build/Release-iphoneos/CapacitorStatusBar.build/unextended-module-overlay.yaml -working-directory /Users/lekiaprosper/Documents/Dev/Connectize/Connectize-Frontend/ios/App/Pods -no-emit-module-separately-wmo

PrecompileModule /Users/lekiaprosper/Library/Developer/Xcode/DerivedData/App-bmeqrztakkzxpkcqfdhhsyyyzbjg/Build/Intermediates.noindex/ArchiveIntermediates/App/IntermediateBuildFilesPath/ExplicitPrecompiledModules/Cordova-28C3OWRVF0F4JWZXRBCJLMDUR.scan
    cd /
    builtin-precompileModule /Users/lekiaprosper/Library/Developer/Xcode/DerivedData/App-bmeqrztakkzxpkcqfdhhsyyyzbjg/Build/Intermediates.noindex/ArchiveIntermediates/App/IntermediateBuildFilesPath/ExplicitPrecompiledModules/Cordova-28C3OWRVF0F4JWZXRBCJLMDUR.scan

SwiftDriver CapacitorSplashScreen normal arm64 com.apple.xcode.tools.swift.compiler (in target 'CapacitorSplashScreen' from project 'Pods')
    cd /Users/lekiaprosper/Documents/Dev/Connectize/Connectize-Frontend/ios/App/Pods
    builtin-SwiftDriver -- /Applications/Xcode.app/Contents/Developer/Toolchains/XcodeDefault.xctoolchain/usr/bin/swiftc -disable-bridging-pch -module-name CapacitorSplashScreen -Onone -whole-module-optimization -enforce-exclusivity\=checked @/Users/lekiaprosper/Library/Developer/Xcode/DerivedData/App-bmeqrztakkzxpkcqfdhhsyyyzbjg/Build/Intermediates.noindex/ArchiveIntermediates/App/IntermediateBuildFilesPath/Pods.build/Release-iphoneos/CapacitorSplashScreen.build/Objects-normal/arm64/CapacitorSplashScreen.SwiftFileList -D COCOAPODS -enable-bare-slash-regex -enable-experimental-feature DebugDescriptionMacro -sdk /Applications/Xcode.app/Contents/Developer/Platforms/iPhoneOS.platform/Developer/SDKs/iPhoneOS26.0.sdk -target arm64-apple-ios14.0 -g -module-cache-path /Users/lekiaprosper/Library/Developer/Xcode/DerivedData/ModuleCache.noindex -Xfrontend -serialize-debugging-options -suppress-warnings -swift-version 5 -I /Users/lekiaprosper/Library/Developer/Xcode/DerivedData/App-bmeqrztakkzxpkcqfdhhsyyyzbjg/Build/Intermediates.noindex/ArchiveIntermediates/App/BuildProductsPath/Release-iphoneos/CapacitorSplashScreen -F /Users/lekiaprosper/Library/Developer/Xcode/DerivedData/App-bmeqrztakkzxpkcqfdhhsyyyzbjg/Build/Intermediates.noindex/ArchiveIntermediates/App/BuildProductsPath/Release-iphoneos/CapacitorSplashScreen -F /Users/lekiaprosper/Library/Developer/Xcode/DerivedData/App-bmeqrztakkzxpkcqfdhhsyyyzbjg/Build/Intermediates.noindex/ArchiveIntermediates/App/BuildProductsPath/Release-iphoneos/Capacitor -F /Users/lekiaprosper/Library/Developer/Xcode/DerivedData/App-bmeqrztakkzxpkcqfdhhsyyyzbjg/Build/Intermediates.noindex/ArchiveIntermediates/App/BuildProductsPath/Release-iphoneos/CapacitorCordova -c -num-threads 10 -Xcc -ivfsstatcache -Xcc /Users/lekiaprosper/Library/Developer/Xcode/DerivedData/SDKStatCaches.noindex/iphoneos26.0-23A339-81ce72e5b06c9602b9d30b56f2eed08a.sdkstatcache -output-file-map /Users/lekiaprosper/Library/Developer/Xcode/DerivedData/App-bmeqrztakkzxpkcqfdhhsyyyzbjg/Build/Intermediates.noindex/ArchiveIntermediates/App/IntermediateBuildFilesPath/Pods.build/Release-iphoneos/CapacitorSplashScreen.build/Objects-normal/arm64/CapacitorSplashScreen-OutputFileMap.json -use-frontend-parseable-output -save-temps -no-color-diagnostics -explicit-module-build -module-cache-path /Users/lekiaprosper/Library/Developer/Xcode/DerivedData/App-bmeqrztakkzxpkcqfdhhsyyyzbjg/Build/Intermediates.noindex/ArchiveIntermediates/App/IntermediateBuildFilesPath/SwiftExplicitPrecompiledModules -clang-scanner-module-cache-path /Users/lekiaprosper/Library/Developer/Xcode/DerivedData/ModuleCache.noindex -sdk-module-cache-path /Users/lekiaprosper/Library/Developer/Xcode/DerivedData/ModuleCache.noindex -serialize-diagnostics -emit-dependencies -emit-module -emit-module-path /Users/lekiaprosper/Library/Developer/Xcode/DerivedData/App-bmeqrztakkzxpkcqfdhhsyyyzbjg/Build/Intermediates.noindex/ArchiveIntermediates/App/IntermediateBuildFilesPath/Pods.build/Release-iphoneos/CapacitorSplashScreen.build/Objects-normal/arm64/CapacitorSplashScreen.swiftmodule -validate-clang-modules-once -clang-build-session-file /Users/lekiaprosper/Library/Developer/Xcode/DerivedData/ModuleCache.noindex/Session.modulevalidation -Xcc -I/Users/lekiaprosper/Library/Developer/Xcode/DerivedData/App-bmeqrztakkzxpkcqfdhhsyyyzbjg/Build/Intermediates.noindex/ArchiveIntermediates/App/IntermediateBuildFilesPath/Pods.build/Release-iphoneos/CapacitorSplashScreen.build/swift-overrides.hmap -emit-const-values -Xfrontend -const-gather-protocols-file -Xfrontend /Users/lekiaprosper/Library/Developer/Xcode/DerivedData/App-bmeqrztakkzxpkcqfdhhsyyyzbjg/Build/Intermediates.noindex/ArchiveIntermediates/App/IntermediateBuildFilesPath/Pods.build/Release-iphoneos/CapacitorSplashScreen.build/Objects-normal/arm64/CapacitorSplashScreen_const_extract_protocols.json -Xcc -iquote -Xcc /Users/lekiaprosper/Library/Developer/Xcode/DerivedData/App-bmeqrztakkzxpkcqfdhhsyyyzbjg/Build/Intermediates.noindex/ArchiveIntermediates/App/IntermediateBuildFilesPath/Pods.build/Release-iphoneos/CapacitorSplashScreen.build/CapacitorSplashScreen-generated-files.hmap -Xcc -I/Users/lekiaprosper/Library/Developer/Xcode/DerivedData/App-bmeqrztakkzxpkcqfdhhsyyyzbjg/Build/Intermediates.noindex/ArchiveIntermediates/App/IntermediateBuildFilesPath/Pods.build/Release-iphoneos/CapacitorSplashScreen.build/CapacitorSplashScreen-own-target-headers.hmap -Xcc -I/Users/lekiaprosper/Library/Developer/Xcode/DerivedData/App-bmeqrztakkzxpkcqfdhhsyyyzbjg/Build/Intermediates.noindex/ArchiveIntermediates/App/IntermediateBuildFilesPath/Pods.build/Release-iphoneos/CapacitorSplashScreen.build/CapacitorSplashScreen-all-non-framework-target-headers.hmap -Xcc -ivfsoverlay -Xcc /Users/lekiaprosper/Library/Developer/Xcode/DerivedData/App-bmeqrztakkzxpkcqfdhhsyyyzbjg/Build/Intermediates.noindex/ArchiveIntermediates/App/IntermediateBuildFilesPath/Pods.build/Release-iphoneos/Pods-8699adb1dd336b26511df848a716bd42-VFS-iphoneos/all-product-headers.yaml -Xcc -iquote -Xcc /Users/lekiaprosper/Library/Developer/Xcode/DerivedData/App-bmeqrztakkzxpkcqfdhhsyyyzbjg/Build/Intermediates.noindex/ArchiveIntermediates/App/IntermediateBuildFilesPath/Pods.build/Release-iphoneos/CapacitorSplashScreen.build/CapacitorSplashScreen-project-headers.hmap -Xcc -I/Users/lekiaprosper/Library/Developer/Xcode/DerivedData/App-bmeqrztakkzxpkcqfdhhsyyyzbjg/Build/Intermediates.noindex/ArchiveIntermediates/App/BuildProductsPath/Release-iphoneos/CapacitorSplashScreen/include -Xcc -I/Users/lekiaprosper/Library/Developer/Xcode/DerivedData/App-bmeqrztakkzxpkcqfdhhsyyyzbjg/Build/Intermediates.noindex/ArchiveIntermediates/App/IntermediateBuildFilesPath/Pods.build/Release-iphoneos/CapacitorSplashScreen.build/DerivedSources-normal/arm64 -Xcc -I/Users/lekiaprosper/Library/Developer/Xcode/DerivedData/App-bmeqrztakkzxpkcqfdhhsyyyzbjg/Build/Intermediates.noindex/ArchiveIntermediates/App/IntermediateBuildFilesPath/Pods.build/Release-iphoneos/CapacitorSplashScreen.build/DerivedSources/arm64 -Xcc -I/Users/lekiaprosper/Library/Developer/Xcode/DerivedData/App-bmeqrztakkzxpkcqfdhhsyyyzbjg/Build/Intermediates.noindex/ArchiveIntermediates/App/IntermediateBuildFilesPath/Pods.build/Release-iphoneos/CapacitorSplashScreen.build/DerivedSources -Xcc -DPOD_CONFIGURATION_RELEASE\=1 -Xcc -DCOCOAPODS\=1 -emit-objc-header -emit-objc-header-path /Users/lekiaprosper/Library/Developer/Xcode/DerivedData/App-bmeqrztakkzxpkcqfdhhsyyyzbjg/Build/Intermediates.noindex/ArchiveIntermediates/App/IntermediateBuildFilesPath/Pods.build/Release-iphoneos/CapacitorSplashScreen.build/Objects-normal/arm64/CapacitorSplashScreen-Swift.h -import-underlying-module -Xcc -ivfsoverlay -Xcc /Users/lekiaprosper/Library/Developer/Xcode/DerivedData/App-bmeqrztakkzxpkcqfdhhsyyyzbjg/Build/Intermediates.noindex/ArchiveIntermediates/App/IntermediateBuildFilesPath/Pods.build/Release-iphoneos/CapacitorSplashScreen.build/unextended-module-overlay.yaml -working-directory /Users/lekiaprosper/Documents/Dev/Connectize/Connectize-Frontend/ios/App/Pods -no-emit-module-separately-wmo

CompileC /Users/lekiaprosper/Library/Developer/Xcode/DerivedData/App-bmeqrztakkzxpkcqfdhhsyyyzbjg/Build/Intermediates.noindex/ArchiveIntermediates/App/IntermediateBuildFilesPath/Pods.build/Release-iphoneos/Capacitor.build/Objects-normal/arm64/WKWebView+Capacitor-5bc0e3c213bf2e6c01af327dbb1f9158.o /Users/lekiaprosper/Documents/Dev/Connectize/Connectize-Frontend/node_modules/@capacitor/ios/Capacitor/Capacitor/WKWebView+Capacitor.m normal arm64 objective-c com.apple.compilers.llvm.clang.1_0.compiler (in target 'Capacitor' from project 'Pods')
    cd /Users/lekiaprosper/Documents/Dev/Connectize/Connectize-Frontend/ios/App/Pods
    
    Using response file: /Users/lekiaprosper/Library/Developer/Xcode/DerivedData/App-bmeqrztakkzxpkcqfdhhsyyyzbjg/Build/Intermediates.noindex/ArchiveIntermediates/App/IntermediateBuildFilesPath/Pods.build/Release-iphoneos/Capacitor.build/Objects-normal/arm64/e6072d4f65d7061329687fe24e3d63a7-common-args.resp
    
    /Applications/Xcode.app/Contents/Developer/Toolchains/XcodeDefault.xctoolchain/usr/bin/clang -x objective-c -ivfsstatcache /Users/lekiaprosper/Library/Developer/Xcode/DerivedData/SDKStatCaches.noindex/iphoneos26.0-23A339-81ce72e5b06c9602b9d30b56f2eed08a.sdkstatcache -fmessage-length\=0 -fdiagnostics-show-note-include-stack -fmacro-backtrace-limit\=0 -fno-color-diagnostics -fmodules-prune-interval\=86400 -fmodules-prune-after\=345600 -fbuild-session-file\=/Users/lekiaprosper/Library/Developer/Xcode/DerivedData/ModuleCache.noindex/Session.modulevalidation -fmodules-validate-once-per-build-session -Wnon-modular-include-in-framework-module -Werror\=non-modular-include-in-framework-module -Wno-trigraphs -Wno-missing-field-initializers -Wno-missing-prototypes -Werror\=return-type -Wdocumentation -Wunreachable-code -Wno-implicit-atomic-properties -Werror\=deprecated-objc-isa-usage -Wno-objc-interface-ivars -Werror\=objc-root-class -Wno-arc-repeated-use-of-weak -Wimplicit-retain-self -Wduplicate-method-match -Wno-missing-braces -Wparentheses -Wswitch -Wunused-function -Wno-unused-label -Wno-unused-parameter -Wunused-variable -Wunused-value -Wempty-body -Wuninitialized -Wconditional-uninitialized -Wno-unknown-pragmas -Wno-shadow -Wno-four-char-constants -Wno-conversion -Wconstant-conversion -Wint-conversion -Wbool-conversion -Wenum-conversion -Wno-float-conversion -Wnon-literal-null-conversion -Wobjc-literal-conversion -Wshorten-64-to-32 -Wpointer-sign -Wno-newline-eof -Wno-selector -Wno-strict-selector-match -Wundeclared-selector -Wdeprecated-implementations -Wno-implicit-fallthrough -fstrict-aliasing -Wprotocol -Wdeprecated-declarations -Wno-sign-conversion -Winfinite-recursion -Wcomma -Wblock-capture-autoreleasing -Wstrict-prototypes -Wno-semicolon-before-method-body -Wunguarded-availability @/Users/lekiaprosper/Library/Developer/Xcode/DerivedData/App-bmeqrztakkzxpkcqfdhhsyyyzbjg/Build/Intermediates.noindex/ArchiveIntermediates/App/IntermediateBuildFilesPath/Pods.build/Release-iphoneos/Capacitor.build/Objects-normal/arm64/e6072d4f65d7061329687fe24e3d63a7-common-args.resp -include /Users/lekiaprosper/Documents/Dev/Connectize/Connectize-Frontend/ios/App/Pods/Target\ Support\ Files/Capacitor/Capacitor-prefix.pch -MMD -MT dependencies -MF /Users/lekiaprosper/Library/Developer/Xcode/DerivedData/App-bmeqrztakkzxpkcqfdhhsyyyzbjg/Build/Intermediates.noindex/ArchiveIntermediates/App/IntermediateBuildFilesPath/Pods.build/Release-iphoneos/Capacitor.build/Objects-normal/arm64/WKWebView+Capacitor-5bc0e3c213bf2e6c01af327dbb1f9158.d --serialize-diagnostics /Users/lekiaprosper/Library/Developer/Xcode/DerivedData/App-bmeqrztakkzxpkcqfdhhsyyyzbjg/Build/Intermediates.noindex/ArchiveIntermediates/App/IntermediateBuildFilesPath/Pods.build/Release-iphoneos/Capacitor.build/Objects-normal/arm64/WKWebView+Capacitor-5bc0e3c213bf2e6c01af327dbb1f9158.dia -c /Users/lekiaprosper/Documents/Dev/Connectize/Connectize-Frontend/node_modules/@capacitor/ios/Capacitor/Capacitor/WKWebView+Capacitor.m -o /Users/lekiaprosper/Library/Developer/Xcode/DerivedData/App-bmeqrztakkzxpkcqfdhhsyyyzbjg/Build/Intermediates.noindex/ArchiveIntermediates/App/IntermediateBuildFilesPath/Pods.build/Release-iphoneos/Capacitor.build/Objects-normal/arm64/WKWebView+Capacitor-5bc0e3c213bf2e6c01af327dbb1f9158.o

CompileC /Users/lekiaprosper/Library/Developer/Xcode/DerivedData/App-bmeqrztakkzxpkcqfdhhsyyyzbjg/Build/Intermediates.noindex/ArchiveIntermediates/App/IntermediateBuildFilesPath/Pods.build/Release-iphoneos/Capacitor.build/Objects-normal/arm64/CAPPluginMethod-bdab9a798343d1e8d53f4db6de780b62.o /Users/lekiaprosper/Documents/Dev/Connectize/Connectize-Frontend/node_modules/@capacitor/ios/Capacitor/Capacitor/CAPPluginMethod.m normal arm64 objective-c com.apple.compilers.llvm.clang.1_0.compiler (in target 'Capacitor' from project 'Pods')
    cd /Users/lekiaprosper/Documents/Dev/Connectize/Connectize-Frontend/ios/App/Pods
    
    Using response file: /Users/lekiaprosper/Library/Developer/Xcode/DerivedData/App-bmeqrztakkzxpkcqfdhhsyyyzbjg/Build/Intermediates.noindex/ArchiveIntermediates/App/IntermediateBuildFilesPath/Pods.build/Release-iphoneos/Capacitor.build/Objects-normal/arm64/e6072d4f65d7061329687fe24e3d63a7-common-args.resp
    
    /Applications/Xcode.app/Contents/Developer/Toolchains/XcodeDefault.xctoolchain/usr/bin/clang -x objective-c -ivfsstatcache /Users/lekiaprosper/Library/Developer/Xcode/DerivedData/SDKStatCaches.noindex/iphoneos26.0-23A339-81ce72e5b06c9602b9d30b56f2eed08a.sdkstatcache -fmessage-length\=0 -fdiagnostics-show-note-include-stack -fmacro-backtrace-limit\=0 -fno-color-diagnostics -fmodules-prune-interval\=86400 -fmodules-prune-after\=345600 -fbuild-session-file\=/Users/lekiaprosper/Library/Developer/Xcode/DerivedData/ModuleCache.noindex/Session.modulevalidation -fmodules-validate-once-per-build-session -Wnon-modular-include-in-framework-module -Werror\=non-modular-include-in-framework-module -Wno-trigraphs -Wno-missing-field-initializers -Wno-missing-prototypes -Werror\=return-type -Wdocumentation -Wunreachable-code -Wno-implicit-atomic-properties -Werror\=deprecated-objc-isa-usage -Wno-objc-interface-ivars -Werror\=objc-root-class -Wno-arc-repeated-use-of-weak -Wimplicit-retain-self -Wduplicate-method-match -Wno-missing-braces -Wparentheses -Wswitch -Wunused-function -Wno-unused-label -Wno-unused-parameter -Wunused-variable -Wunused-value -Wempty-body -Wuninitialized -Wconditional-uninitialized -Wno-unknown-pragmas -Wno-shadow -Wno-four-char-constants -Wno-conversion -Wconstant-conversion -Wint-conversion -Wbool-conversion -Wenum-conversion -Wno-float-conversion -Wnon-literal-null-conversion -Wobjc-literal-conversion -Wshorten-64-to-32 -Wpointer-sign -Wno-newline-eof -Wno-selector -Wno-strict-selector-match -Wundeclared-selector -Wdeprecated-implementations -Wno-implicit-fallthrough -fstrict-aliasing -Wprotocol -Wdeprecated-declarations -Wno-sign-conversion -Winfinite-recursion -Wcomma -Wblock-capture-autoreleasing -Wstrict-prototypes -Wno-semicolon-before-method-body -Wunguarded-availability @/Users/lekiaprosper/Library/Developer/Xcode/DerivedData/App-bmeqrztakkzxpkcqfdhhsyyyzbjg/Build/Intermediates.noindex/ArchiveIntermediates/App/IntermediateBuildFilesPath/Pods.build/Release-iphoneos/Capacitor.build/Objects-normal/arm64/e6072d4f65d7061329687fe24e3d63a7-common-args.resp -include /Users/lekiaprosper/Documents/Dev/Connectize/Connectize-Frontend/ios/App/Pods/Target\ Support\ Files/Capacitor/Capacitor-prefix.pch -MMD -MT dependencies -MF /Users/lekiaprosper/Library/Developer/Xcode/DerivedData/App-bmeqrztakkzxpkcqfdhhsyyyzbjg/Build/Intermediates.noindex/ArchiveIntermediates/App/IntermediateBuildFilesPath/Pods.build/Release-iphoneos/Capacitor.build/Objects-normal/arm64/CAPPluginMethod-bdab9a798343d1e8d53f4db6de780b62.d --serialize-diagnostics /Users/lekiaprosper/Library/Developer/Xcode/DerivedData/App-bmeqrztakkzxpkcqfdhhsyyyzbjg/Build/Intermediates.noindex/ArchiveIntermediates/App/IntermediateBuildFilesPath/Pods.build/Release-iphoneos/Capacitor.build/Objects-normal/arm64/CAPPluginMethod-bdab9a798343d1e8d53f4db6de780b62.dia -c /Users/lekiaprosper/Documents/Dev/Connectize/Connectize-Frontend/node_modules/@capacitor/ios/Capacitor/Capacitor/CAPPluginMethod.m -o /Users/lekiaprosper/Library/Developer/Xcode/DerivedData/App-bmeqrztakkzxpkcqfdhhsyyyzbjg/Build/Intermediates.noindex/ArchiveIntermediates/App/IntermediateBuildFilesPath/Pods.build/Release-iphoneos/Capacitor.build/Objects-normal/arm64/CAPPluginMethod-bdab9a798343d1e8d53f4db6de780b62.o

CompileC /Users/lekiaprosper/Library/Developer/Xcode/DerivedData/App-bmeqrztakkzxpkcqfdhhsyyyzbjg/Build/Intermediates.noindex/ArchiveIntermediates/App/IntermediateBuildFilesPath/Pods.build/Release-iphoneos/Capacitor.build/Objects-normal/arm64/CAPPlugin.o /Users/lekiaprosper/Documents/Dev/Connectize/Connectize-Frontend/node_modules/@capacitor/ios/Capacitor/Capacitor/CAPPlugin.m normal arm64 objective-c com.apple.compilers.llvm.clang.1_0.compiler (in target 'Capacitor' from project 'Pods')
    cd /Users/lekiaprosper/Documents/Dev/Connectize/Connectize-Frontend/ios/App/Pods
    
    Using response file: /Users/lekiaprosper/Library/Developer/Xcode/DerivedData/App-bmeqrztakkzxpkcqfdhhsyyyzbjg/Build/Intermediates.noindex/ArchiveIntermediates/App/IntermediateBuildFilesPath/Pods.build/Release-iphoneos/Capacitor.build/Objects-normal/arm64/e6072d4f65d7061329687fe24e3d63a7-common-args.resp
    
    /Applications/Xcode.app/Contents/Developer/Toolchains/XcodeDefault.xctoolchain/usr/bin/clang -x objective-c -ivfsstatcache /Users/lekiaprosper/Library/Developer/Xcode/DerivedData/SDKStatCaches.noindex/iphoneos26.0-23A339-81ce72e5b06c9602b9d30b56f2eed08a.sdkstatcache -fmessage-length\=0 -fdiagnostics-show-note-include-stack -fmacro-backtrace-limit\=0 -fno-color-diagnostics -fmodules-prune-interval\=86400 -fmodules-prune-after\=345600 -fbuild-session-file\=/Users/lekiaprosper/Library/Developer/Xcode/DerivedData/ModuleCache.noindex/Session.modulevalidation -fmodules-validate-once-per-build-session -Wnon-modular-include-in-framework-module -Werror\=non-modular-include-in-framework-module -Wno-trigraphs -Wno-missing-field-initializers -Wno-missing-prototypes -Werror\=return-type -Wdocumentation -Wunreachable-code -Wno-implicit-atomic-properties -Werror\=deprecated-objc-isa-usage -Wno-objc-interface-ivars -Werror\=objc-root-class -Wno-arc-repeated-use-of-weak -Wimplicit-retain-self -Wduplicate-method-match -Wno-missing-braces -Wparentheses -Wswitch -Wunused-function -Wno-unused-label -Wno-unused-parameter -Wunused-variable -Wunused-value -Wempty-body -Wuninitialized -Wconditional-uninitialized -Wno-unknown-pragmas -Wno-shadow -Wno-four-char-constants -Wno-conversion -Wconstant-conversion -Wint-conversion -Wbool-conversion -Wenum-conversion -Wno-float-conversion -Wnon-literal-null-conversion -Wobjc-literal-conversion -Wshorten-64-to-32 -Wpointer-sign -Wno-newline-eof -Wno-selector -Wno-strict-selector-match -Wundeclared-selector -Wdeprecated-implementations -Wno-implicit-fallthrough -fstrict-aliasing -Wprotocol -Wdeprecated-declarations -Wno-sign-conversion -Winfinite-recursion -Wcomma -Wblock-capture-autoreleasing -Wstrict-prototypes -Wno-semicolon-before-method-body -Wunguarded-availability @/Users/lekiaprosper/Library/Developer/Xcode/DerivedData/App-bmeqrztakkzxpkcqfdhhsyyyzbjg/Build/Intermediates.noindex/ArchiveIntermediates/App/IntermediateBuildFilesPath/Pods.build/Release-iphoneos/Capacitor.build/Objects-normal/arm64/e6072d4f65d7061329687fe24e3d63a7-common-args.resp -include /Users/lekiaprosper/Documents/Dev/Connectize/Connectize-Frontend/ios/App/Pods/Target\ Support\ Files/Capacitor/Capacitor-prefix.pch -MMD -MT dependencies -MF /Users/lekiaprosper/Library/Developer/Xcode/DerivedData/App-bmeqrztakkzxpkcqfdhhsyyyzbjg/Build/Intermediates.noindex/ArchiveIntermediates/App/IntermediateBuildFilesPath/Pods.build/Release-iphoneos/Capacitor.build/Objects-normal/arm64/CAPPlugin.d --serialize-diagnostics /Users/lekiaprosper/Library/Developer/Xcode/DerivedData/App-bmeqrztakkzxpkcqfdhhsyyyzbjg/Build/Intermediates.noindex/ArchiveIntermediates/App/IntermediateBuildFilesPath/Pods.build/Release-iphoneos/Capacitor.build/Objects-normal/arm64/CAPPlugin.dia -c /Users/lekiaprosper/Documents/Dev/Connectize/Connectize-Frontend/node_modules/@capacitor/ios/Capacitor/Capacitor/CAPPlugin.m -o /Users/lekiaprosper/Library/Developer/Xcode/DerivedData/App-bmeqrztakkzxpkcqfdhhsyyyzbjg/Build/Intermediates.noindex/ArchiveIntermediates/App/IntermediateBuildFilesPath/Pods.build/Release-iphoneos/Capacitor.build/Objects-normal/arm64/CAPPlugin.o

CompileC /Users/lekiaprosper/Library/Developer/Xcode/DerivedData/App-bmeqrztakkzxpkcqfdhhsyyyzbjg/Build/Intermediates.noindex/ArchiveIntermediates/App/IntermediateBuildFilesPath/Pods.build/Release-iphoneos/Capacitor.build/Objects-normal/arm64/CAPInstanceConfiguration-c8b8a3154c7ac38bf279bd052cc3b9cb.o /Users/lekiaprosper/Documents/Dev/Connectize/Connectize-Frontend/node_modules/@capacitor/ios/Capacitor/Capacitor/CAPInstanceConfiguration.m normal arm64 objective-c com.apple.compilers.llvm.clang.1_0.compiler (in target 'Capacitor' from project 'Pods')
    cd /Users/lekiaprosper/Documents/Dev/Connectize/Connectize-Frontend/ios/App/Pods
    
    Using response file: /Users/lekiaprosper/Library/Developer/Xcode/DerivedData/App-bmeqrztakkzxpkcqfdhhsyyyzbjg/Build/Intermediates.noindex/ArchiveIntermediates/App/IntermediateBuildFilesPath/Pods.build/Release-iphoneos/Capacitor.build/Objects-normal/arm64/e6072d4f65d7061329687fe24e3d63a7-common-args.resp
    
    /Applications/Xcode.app/Contents/Developer/Toolchains/XcodeDefault.xctoolchain/usr/bin/clang -x objective-c -ivfsstatcache /Users/lekiaprosper/Library/Developer/Xcode/DerivedData/SDKStatCaches.noindex/iphoneos26.0-23A339-81ce72e5b06c9602b9d30b56f2eed08a.sdkstatcache -fmessage-length\=0 -fdiagnostics-show-note-include-stack -fmacro-backtrace-limit\=0 -fno-color-diagnostics -fmodules-prune-interval\=86400 -fmodules-prune-after\=345600 -fbuild-session-file\=/Users/lekiaprosper/Library/Developer/Xcode/DerivedData/ModuleCache.noindex/Session.modulevalidation -fmodules-validate-once-per-build-session -Wnon-modular-include-in-framework-module -Werror\=non-modular-include-in-framework-module -Wno-trigraphs -Wno-missing-field-initializers -Wno-missing-prototypes -Werror\=return-type -Wdocumentation -Wunreachable-code -Wno-implicit-atomic-properties -Werror\=deprecated-objc-isa-usage -Wno-objc-interface-ivars -Werror\=objc-root-class -Wno-arc-repeated-use-of-weak -Wimplicit-retain-self -Wduplicate-method-match -Wno-missing-braces -Wparentheses -Wswitch -Wunused-function -Wno-unused-label -Wno-unused-parameter -Wunused-variable -Wunused-value -Wempty-body -Wuninitialized -Wconditional-uninitialized -Wno-unknown-pragmas -Wno-shadow -Wno-four-char-constants -Wno-conversion -Wconstant-conversion -Wint-conversion -Wbool-conversion -Wenum-conversion -Wno-float-conversion -Wnon-literal-null-conversion -Wobjc-literal-conversion -Wshorten-64-to-32 -Wpointer-sign -Wno-newline-eof -Wno-selector -Wno-strict-selector-match -Wundeclared-selector -Wdeprecated-implementations -Wno-implicit-fallthrough -fstrict-aliasing -Wprotocol -Wdeprecated-declarations -Wno-sign-conversion -Winfinite-recursion -Wcomma -Wblock-capture-autoreleasing -Wstrict-prototypes -Wno-semicolon-before-method-body -Wunguarded-availability @/Users/lekiaprosper/Library/Developer/Xcode/DerivedData/App-bmeqrztakkzxpkcqfdhhsyyyzbjg/Build/Intermediates.noindex/ArchiveIntermediates/App/IntermediateBuildFilesPath/Pods.build/Release-iphoneos/Capacitor.build/Objects-normal/arm64/e6072d4f65d7061329687fe24e3d63a7-common-args.resp -include /Users/lekiaprosper/Documents/Dev/Connectize/Connectize-Frontend/ios/App/Pods/Target\ Support\ Files/Capacitor/Capacitor-prefix.pch -MMD -MT dependencies -MF /Users/lekiaprosper/Library/Developer/Xcode/DerivedData/App-bmeqrztakkzxpkcqfdhhsyyyzbjg/Build/Intermediates.noindex/ArchiveIntermediates/App/IntermediateBuildFilesPath/Pods.build/Release-iphoneos/Capacitor.build/Objects-normal/arm64/CAPInstanceConfiguration-c8b8a3154c7ac38bf279bd052cc3b9cb.d --serialize-diagnostics /Users/lekiaprosper/Library/Developer/Xcode/DerivedData/App-bmeqrztakkzxpkcqfdhhsyyyzbjg/Build/Intermediates.noindex/ArchiveIntermediates/App/IntermediateBuildFilesPath/Pods.build/Release-iphoneos/Capacitor.build/Objects-normal/arm64/CAPInstanceConfiguration-c8b8a3154c7ac38bf279bd052cc3b9cb.dia -c /Users/lekiaprosper/Documents/Dev/Connectize/Connectize-Frontend/node_modules/@capacitor/ios/Capacitor/Capacitor/CAPInstanceConfiguration.m -o /Users/lekiaprosper/Library/Developer/Xcode/DerivedData/App-bmeqrztakkzxpkcqfdhhsyyyzbjg/Build/Intermediates.noindex/ArchiveIntermediates/App/IntermediateBuildFilesPath/Pods.build/Release-iphoneos/Capacitor.build/Objects-normal/arm64/CAPInstanceConfiguration-c8b8a3154c7ac38bf279bd052cc3b9cb.o

CompileC /Users/lekiaprosper/Library/Developer/Xcode/DerivedData/App-bmeqrztakkzxpkcqfdhhsyyyzbjg/Build/Intermediates.noindex/ArchiveIntermediates/App/IntermediateBuildFilesPath/Pods.build/Release-iphoneos/Capacitor.build/Objects-normal/arm64/CAPBridgedJSTypes.o /Users/lekiaprosper/Documents/Dev/Connectize/Connectize-Frontend/node_modules/@capacitor/ios/Capacitor/Capacitor/CAPBridgedJSTypes.m normal arm64 objective-c com.apple.compilers.llvm.clang.1_0.compiler (in target 'Capacitor' from project 'Pods')
    cd /Users/lekiaprosper/Documents/Dev/Connectize/Connectize-Frontend/ios/App/Pods
    
    Using response file: /Users/lekiaprosper/Library/Developer/Xcode/DerivedData/App-bmeqrztakkzxpkcqfdhhsyyyzbjg/Build/Intermediates.noindex/ArchiveIntermediates/App/IntermediateBuildFilesPath/Pods.build/Release-iphoneos/Capacitor.build/Objects-normal/arm64/e6072d4f65d7061329687fe24e3d63a7-common-args.resp
    
    /Applications/Xcode.app/Contents/Developer/Toolchains/XcodeDefault.xctoolchain/usr/bin/clang -x objective-c -ivfsstatcache /Users/lekiaprosper/Library/Developer/Xcode/DerivedData/SDKStatCaches.noindex/iphoneos26.0-23A339-81ce72e5b06c9602b9d30b56f2eed08a.sdkstatcache -fmessage-length\=0 -fdiagnostics-show-note-include-stack -fmacro-backtrace-limit\=0 -fno-color-diagnostics -fmodules-prune-interval\=86400 -fmodules-prune-after\=345600 -fbuild-session-file\=/Users/lekiaprosper/Library/Developer/Xcode/DerivedData/ModuleCache.noindex/Session.modulevalidation -fmodules-validate-once-per-build-session -Wnon-modular-include-in-framework-module -Werror\=non-modular-include-in-framework-module -Wno-trigraphs -Wno-missing-field-initializers -Wno-missing-prototypes -Werror\=return-type -Wdocumentation -Wunreachable-code -Wno-implicit-atomic-properties -Werror\=deprecated-objc-isa-usage -Wno-objc-interface-ivars -Werror\=objc-root-class -Wno-arc-repeated-use-of-weak -Wimplicit-retain-self -Wduplicate-method-match -Wno-missing-braces -Wparentheses -Wswitch -Wunused-function -Wno-unused-label -Wno-unused-parameter -Wunused-variable -Wunused-value -Wempty-body -Wuninitialized -Wconditional-uninitialized -Wno-unknown-pragmas -Wno-shadow -Wno-four-char-constants -Wno-conversion -Wconstant-conversion -Wint-conversion -Wbool-conversion -Wenum-conversion -Wno-float-conversion -Wnon-literal-null-conversion -Wobjc-literal-conversion -Wshorten-64-to-32 -Wpointer-sign -Wno-newline-eof -Wno-selector -Wno-strict-selector-match -Wundeclared-selector -Wdeprecated-implementations -Wno-implicit-fallthrough -fstrict-aliasing -Wprotocol -Wdeprecated-declarations -Wno-sign-conversion -Winfinite-recursion -Wcomma -Wblock-capture-autoreleasing -Wstrict-prototypes -Wno-semicolon-before-method-body -Wunguarded-availability @/Users/lekiaprosper/Library/Developer/Xcode/DerivedData/App-bmeqrztakkzxpkcqfdhhsyyyzbjg/Build/Intermediates.noindex/ArchiveIntermediates/App/IntermediateBuildFilesPath/Pods.build/Release-iphoneos/Capacitor.build/Objects-normal/arm64/e6072d4f65d7061329687fe24e3d63a7-common-args.resp -include /Users/lekiaprosper/Documents/Dev/Connectize/Connectize-Frontend/ios/App/Pods/Target\ Support\ Files/Capacitor/Capacitor-prefix.pch -MMD -MT dependencies -MF /Users/lekiaprosper/Library/Developer/Xcode/DerivedData/App-bmeqrztakkzxpkcqfdhhsyyyzbjg/Build/Intermediates.noindex/ArchiveIntermediates/App/IntermediateBuildFilesPath/Pods.build/Release-iphoneos/Capacitor.build/Objects-normal/arm64/CAPBridgedJSTypes.d --serialize-diagnostics /Users/lekiaprosper/Library/Developer/Xcode/DerivedData/App-bmeqrztakkzxpkcqfdhhsyyyzbjg/Build/Intermediates.noindex/ArchiveIntermediates/App/IntermediateBuildFilesPath/Pods.build/Release-iphoneos/Capacitor.build/Objects-normal/arm64/CAPBridgedJSTypes.dia -c /Users/lekiaprosper/Documents/Dev/Connectize/Connectize-Frontend/node_modules/@capacitor/ios/Capacitor/Capacitor/CAPBridgedJSTypes.m -o /Users/lekiaprosper/Library/Developer/Xcode/DerivedData/App-bmeqrztakkzxpkcqfdhhsyyyzbjg/Build/Intermediates.noindex/ArchiveIntermediates/App/IntermediateBuildFilesPath/Pods.build/Release-iphoneos/Capacitor.build/Objects-normal/arm64/CAPBridgedJSTypes.o

CompileC /Users/lekiaprosper/Library/Developer/Xcode/DerivedData/App-bmeqrztakkzxpkcqfdhhsyyyzbjg/Build/Intermediates.noindex/ArchiveIntermediates/App/IntermediateBuildFilesPath/Pods.build/Release-iphoneos/Capacitor.build/Objects-normal/arm64/CAPBridgeViewController+CDVScreenOrientationDelegate.o /Users/lekiaprosper/Documents/Dev/Connectize/Connectize-Frontend/node_modules/@capacitor/ios/Capacitor/Capacitor/CAPBridgeViewController+CDVScreenOrientationDelegate.m normal arm64 objective-c com.apple.compilers.llvm.clang.1_0.compiler (in target 'Capacitor' from project 'Pods')
    cd /Users/lekiaprosper/Documents/Dev/Connectize/Connectize-Frontend/ios/App/Pods
    
    Using response file: /Users/lekiaprosper/Library/Developer/Xcode/DerivedData/App-bmeqrztakkzxpkcqfdhhsyyyzbjg/Build/Intermediates.noindex/ArchiveIntermediates/App/IntermediateBuildFilesPath/Pods.build/Release-iphoneos/Capacitor.build/Objects-normal/arm64/e6072d4f65d7061329687fe24e3d63a7-common-args.resp
    
    /Applications/Xcode.app/Contents/Developer/Toolchains/XcodeDefault.xctoolchain/usr/bin/clang -x objective-c -ivfsstatcache /Users/lekiaprosper/Library/Developer/Xcode/DerivedData/SDKStatCaches.noindex/iphoneos26.0-23A339-81ce72e5b06c9602b9d30b56f2eed08a.sdkstatcache -fmessage-length\=0 -fdiagnostics-show-note-include-stack -fmacro-backtrace-limit\=0 -fno-color-diagnostics -fmodules-prune-interval\=86400 -fmodules-prune-after\=345600 -fbuild-session-file\=/Users/lekiaprosper/Library/Developer/Xcode/DerivedData/ModuleCache.noindex/Session.modulevalidation -fmodules-validate-once-per-build-session -Wnon-modular-include-in-framework-module -Werror\=non-modular-include-in-framework-module -Wno-trigraphs -Wno-missing-field-initializers -Wno-missing-prototypes -Werror\=return-type -Wdocumentation -Wunreachable-code -Wno-implicit-atomic-properties -Werror\=deprecated-objc-isa-usage -Wno-objc-interface-ivars -Werror\=objc-root-class -Wno-arc-repeated-use-of-weak -Wimplicit-retain-self -Wduplicate-method-match -Wno-missing-braces -Wparentheses -Wswitch -Wunused-function -Wno-unused-label -Wno-unused-parameter -Wunused-variable -Wunused-value -Wempty-body -Wuninitialized -Wconditional-uninitialized -Wno-unknown-pragmas -Wno-shadow -Wno-four-char-constants -Wno-conversion -Wconstant-conversion -Wint-conversion -Wbool-conversion -Wenum-conversion -Wno-float-conversion -Wnon-literal-null-conversion -Wobjc-literal-conversion -Wshorten-64-to-32 -Wpointer-sign -Wno-newline-eof -Wno-selector -Wno-strict-selector-match -Wundeclared-selector -Wdeprecated-implementations -Wno-implicit-fallthrough -fstrict-aliasing -Wprotocol -Wdeprecated-declarations -Wno-sign-conversion -Winfinite-recursion -Wcomma -Wblock-capture-autoreleasing -Wstrict-prototypes -Wno-semicolon-before-method-body -Wunguarded-availability @/Users/lekiaprosper/Library/Developer/Xcode/DerivedData/App-bmeqrztakkzxpkcqfdhhsyyyzbjg/Build/Intermediates.noindex/ArchiveIntermediates/App/IntermediateBuildFilesPath/Pods.build/Release-iphoneos/Capacitor.build/Objects-normal/arm64/e6072d4f65d7061329687fe24e3d63a7-common-args.resp -include /Users/lekiaprosper/Documents/Dev/Connectize/Connectize-Frontend/ios/App/Pods/Target\ Support\ Files/Capacitor/Capacitor-prefix.pch -MMD -MT dependencies -MF /Users/lekiaprosper/Library/Developer/Xcode/DerivedData/App-bmeqrztakkzxpkcqfdhhsyyyzbjg/Build/Intermediates.noindex/ArchiveIntermediates/App/IntermediateBuildFilesPath/Pods.build/Release-iphoneos/Capacitor.build/Objects-normal/arm64/CAPBridgeViewController+CDVScreenOrientationDelegate.d --serialize-diagnostics /Users/lekiaprosper/Library/Developer/Xcode/DerivedData/App-bmeqrztakkzxpkcqfdhhsyyyzbjg/Build/Intermediates.noindex/ArchiveIntermediates/App/IntermediateBuildFilesPath/Pods.build/Release-iphoneos/Capacitor.build/Objects-normal/arm64/CAPBridgeViewController+CDVScreenOrientationDelegate.dia -c /Users/lekiaprosper/Documents/Dev/Connectize/Connectize-Frontend/node_modules/@capacitor/ios/Capacitor/Capacitor/CAPBridgeViewController+CDVScreenOrientationDelegate.m -o /Users/lekiaprosper/Library/Developer/Xcode/DerivedData/App-bmeqrztakkzxpkcqfdhhsyyyzbjg/Build/Intermediates.noindex/ArchiveIntermediates/App/IntermediateBuildFilesPath/Pods.build/Release-iphoneos/Capacitor.build/Objects-normal/arm64/CAPBridgeViewController+CDVScreenOrientationDelegate.o

CompileC /Users/lekiaprosper/Library/Developer/Xcode/DerivedData/App-bmeqrztakkzxpkcqfdhhsyyyzbjg/Build/Intermediates.noindex/ArchiveIntermediates/App/IntermediateBuildFilesPath/Pods.build/Release-iphoneos/Capacitor.build/Objects-normal/arm64/CAPInstanceDescriptor-16713952f58ba9029efb67dc98838544.o /Users/lekiaprosper/Documents/Dev/Connectize/Connectize-Frontend/node_modules/@capacitor/ios/Capacitor/Capacitor/CAPInstanceDescriptor.m normal arm64 objective-c com.apple.compilers.llvm.clang.1_0.compiler (in target 'Capacitor' from project 'Pods')
    cd /Users/lekiaprosper/Documents/Dev/Connectize/Connectize-Frontend/ios/App/Pods
    
    Using response file: /Users/lekiaprosper/Library/Developer/Xcode/DerivedData/App-bmeqrztakkzxpkcqfdhhsyyyzbjg/Build/Intermediates.noindex/ArchiveIntermediates/App/IntermediateBuildFilesPath/Pods.build/Release-iphoneos/Capacitor.build/Objects-normal/arm64/e6072d4f65d7061329687fe24e3d63a7-common-args.resp
    
    /Applications/Xcode.app/Contents/Developer/Toolchains/XcodeDefault.xctoolchain/usr/bin/clang -x objective-c -ivfsstatcache /Users/lekiaprosper/Library/Developer/Xcode/DerivedData/SDKStatCaches.noindex/iphoneos26.0-23A339-81ce72e5b06c9602b9d30b56f2eed08a.sdkstatcache -fmessage-length\=0 -fdiagnostics-show-note-include-stack -fmacro-backtrace-limit\=0 -fno-color-diagnostics -fmodules-prune-interval\=86400 -fmodules-prune-after\=345600 -fbuild-session-file\=/Users/lekiaprosper/Library/Developer/Xcode/DerivedData/ModuleCache.noindex/Session.modulevalidation -fmodules-validate-once-per-build-session -Wnon-modular-include-in-framework-module -Werror\=non-modular-include-in-framework-module -Wno-trigraphs -Wno-missing-field-initializers -Wno-missing-prototypes -Werror\=return-type -Wdocumentation -Wunreachable-code -Wno-implicit-atomic-properties -Werror\=deprecated-objc-isa-usage -Wno-objc-interface-ivars -Werror\=objc-root-class -Wno-arc-repeated-use-of-weak -Wimplicit-retain-self -Wduplicate-method-match -Wno-missing-braces -Wparentheses -Wswitch -Wunused-function -Wno-unused-label -Wno-unused-parameter -Wunused-variable -Wunused-value -Wempty-body -Wuninitialized -Wconditional-uninitialized -Wno-unknown-pragmas -Wno-shadow -Wno-four-char-constants -Wno-conversion -Wconstant-conversion -Wint-conversion -Wbool-conversion -Wenum-conversion -Wno-float-conversion -Wnon-literal-null-conversion -Wobjc-literal-conversion -Wshorten-64-to-32 -Wpointer-sign -Wno-newline-eof -Wno-selector -Wno-strict-selector-match -Wundeclared-selector -Wdeprecated-implementations -Wno-implicit-fallthrough -fstrict-aliasing -Wprotocol -Wdeprecated-declarations -Wno-sign-conversion -Winfinite-recursion -Wcomma -Wblock-capture-autoreleasing -Wstrict-prototypes -Wno-semicolon-before-method-body -Wunguarded-availability @/Users/lekiaprosper/Library/Developer/Xcode/DerivedData/App-bmeqrztakkzxpkcqfdhhsyyyzbjg/Build/Intermediates.noindex/ArchiveIntermediates/App/IntermediateBuildFilesPath/Pods.build/Release-iphoneos/Capacitor.build/Objects-normal/arm64/e6072d4f65d7061329687fe24e3d63a7-common-args.resp -include /Users/lekiaprosper/Documents/Dev/Connectize/Connectize-Frontend/ios/App/Pods/Target\ Support\ Files/Capacitor/Capacitor-prefix.pch -MMD -MT dependencies -MF /Users/lekiaprosper/Library/Developer/Xcode/DerivedData/App-bmeqrztakkzxpkcqfdhhsyyyzbjg/Build/Intermediates.noindex/ArchiveIntermediates/App/IntermediateBuildFilesPath/Pods.build/Release-iphoneos/Capacitor.build/Objects-normal/arm64/CAPInstanceDescriptor-16713952f58ba9029efb67dc98838544.d --serialize-diagnostics /Users/lekiaprosper/Library/Developer/Xcode/DerivedData/App-bmeqrztakkzxpkcqfdhhsyyyzbjg/Build/Intermediates.noindex/ArchiveIntermediates/App/IntermediateBuildFilesPath/Pods.build/Release-iphoneos/Capacitor.build/Objects-normal/arm64/CAPInstanceDescriptor-16713952f58ba9029efb67dc98838544.dia -c /Users/lekiaprosper/Documents/Dev/Connectize/Connectize-Frontend/node_modules/@capacitor/ios/Capacitor/Capacitor/CAPInstanceDescriptor.m -o /Users/lekiaprosper/Library/Developer/Xcode/DerivedData/App-bmeqrztakkzxpkcqfdhhsyyyzbjg/Build/Intermediates.noindex/ArchiveIntermediates/App/IntermediateBuildFilesPath/Pods.build/Release-iphoneos/Capacitor.build/Objects-normal/arm64/CAPInstanceDescriptor-16713952f58ba9029efb67dc98838544.o

CompileC /Users/lekiaprosper/Library/Developer/Xcode/DerivedData/App-bmeqrztakkzxpkcqfdhhsyyyzbjg/Build/Intermediates.noindex/ArchiveIntermediates/App/IntermediateBuildFilesPath/Pods.build/Release-iphoneos/Capacitor.build/Objects-normal/arm64/UIStatusBarManager+CAPHandleTapAction.o /Users/lekiaprosper/Documents/Dev/Connectize/Connectize-Frontend/node_modules/@capacitor/ios/Capacitor/Capacitor/UIStatusBarManager+CAPHandleTapAction.m normal arm64 objective-c com.apple.compilers.llvm.clang.1_0.compiler (in target 'Capacitor' from project 'Pods')
    cd /Users/lekiaprosper/Documents/Dev/Connectize/Connectize-Frontend/ios/App/Pods
    
    Using response file: /Users/lekiaprosper/Library/Developer/Xcode/DerivedData/App-bmeqrztakkzxpkcqfdhhsyyyzbjg/Build/Intermediates.noindex/ArchiveIntermediates/App/IntermediateBuildFilesPath/Pods.build/Release-iphoneos/Capacitor.build/Objects-normal/arm64/e6072d4f65d7061329687fe24e3d63a7-common-args.resp
    
    /Applications/Xcode.app/Contents/Developer/Toolchains/XcodeDefault.xctoolchain/usr/bin/clang -x objective-c -ivfsstatcache /Users/lekiaprosper/Library/Developer/Xcode/DerivedData/SDKStatCaches.noindex/iphoneos26.0-23A339-81ce72e5b06c9602b9d30b56f2eed08a.sdkstatcache -fmessage-length\=0 -fdiagnostics-show-note-include-stack -fmacro-backtrace-limit\=0 -fno-color-diagnostics -fmodules-prune-interval\=86400 -fmodules-prune-after\=345600 -fbuild-session-file\=/Users/lekiaprosper/Library/Developer/Xcode/DerivedData/ModuleCache.noindex/Session.modulevalidation -fmodules-validate-once-per-build-session -Wnon-modular-include-in-framework-module -Werror\=non-modular-include-in-framework-module -Wno-trigraphs -Wno-missing-field-initializers -Wno-missing-prototypes -Werror\=return-type -Wdocumentation -Wunreachable-code -Wno-implicit-atomic-properties -Werror\=deprecated-objc-isa-usage -Wno-objc-interface-ivars -Werror\=objc-root-class -Wno-arc-repeated-use-of-weak -Wimplicit-retain-self -Wduplicate-method-match -Wno-missing-braces -Wparentheses -Wswitch -Wunused-function -Wno-unused-label -Wno-unused-parameter -Wunused-variable -Wunused-value -Wempty-body -Wuninitialized -Wconditional-uninitialized -Wno-unknown-pragmas -Wno-shadow -Wno-four-char-constants -Wno-conversion -Wconstant-conversion -Wint-conversion -Wbool-conversion -Wenum-conversion -Wno-float-conversion -Wnon-literal-null-conversion -Wobjc-literal-conversion -Wshorten-64-to-32 -Wpointer-sign -Wno-newline-eof -Wno-selector -Wno-strict-selector-match -Wundeclared-selector -Wdeprecated-implementations -Wno-implicit-fallthrough -fstrict-aliasing -Wprotocol -Wdeprecated-declarations -Wno-sign-conversion -Winfinite-recursion -Wcomma -Wblock-capture-autoreleasing -Wstrict-prototypes -Wno-semicolon-before-method-body -Wunguarded-availability @/Users/lekiaprosper/Library/Developer/Xcode/DerivedData/App-bmeqrztakkzxpkcqfdhhsyyyzbjg/Build/Intermediates.noindex/ArchiveIntermediates/App/IntermediateBuildFilesPath/Pods.build/Release-iphoneos/Capacitor.build/Objects-normal/arm64/e6072d4f65d7061329687fe24e3d63a7-common-args.resp -include /Users/lekiaprosper/Documents/Dev/Connectize/Connectize-Frontend/ios/App/Pods/Target\ Support\ Files/Capacitor/Capacitor-prefix.pch -MMD -MT dependencies -MF /Users/lekiaprosper/Library/Developer/Xcode/DerivedData/App-bmeqrztakkzxpkcqfdhhsyyyzbjg/Build/Intermediates.noindex/ArchiveIntermediates/App/IntermediateBuildFilesPath/Pods.build/Release-iphoneos/Capacitor.build/Objects-normal/arm64/UIStatusBarManager+CAPHandleTapAction.d --serialize-diagnostics /Users/lekiaprosper/Library/Developer/Xcode/DerivedData/App-bmeqrztakkzxpkcqfdhhsyyyzbjg/Build/Intermediates.noindex/ArchiveIntermediates/App/IntermediateBuildFilesPath/Pods.build/Release-iphoneos/Capacitor.build/Objects-normal/arm64/UIStatusBarManager+CAPHandleTapAction.dia -c /Users/lekiaprosper/Documents/Dev/Connectize/Connectize-Frontend/node_modules/@capacitor/ios/Capacitor/Capacitor/UIStatusBarManager+CAPHandleTapAction.m -o /Users/lekiaprosper/Library/Developer/Xcode/DerivedData/App-bmeqrztakkzxpkcqfdhhsyyyzbjg/Build/Intermediates.noindex/ArchiveIntermediates/App/IntermediateBuildFilesPath/Pods.build/Release-iphoneos/Capacitor.build/Objects-normal/arm64/UIStatusBarManager+CAPHandleTapAction.o

Libtool /Users/lekiaprosper/Library/Developer/Xcode/DerivedData/App-bmeqrztakkzxpkcqfdhhsyyyzbjg/Build/Intermediates.noindex/ArchiveIntermediates/App/IntermediateBuildFilesPath/UninstalledProducts/iphoneos/Capacitor.framework/Capacitor normal (in target 'Capacitor' from project 'Pods')
    cd /Users/lekiaprosper/Documents/Dev/Connectize/Connectize-Frontend/ios/App/Pods
    /Applications/Xcode.app/Contents/Developer/Toolchains/XcodeDefault.xctoolchain/usr/bin/libtool -static -arch_only arm64 -D -syslibroot /Applications/Xcode.app/Contents/Developer/Platforms/iPhoneOS.platform/Developer/SDKs/iPhoneOS26.0.sdk -L/Users/lekiaprosper/Library/Developer/Xcode/DerivedData/App-bmeqrztakkzxpkcqfdhhsyyyzbjg/Build/Intermediates.noindex/ArchiveIntermediates/App/BuildProductsPath/Release-iphoneos/Capacitor -filelist /Users/lekiaprosper/Library/Developer/Xcode/DerivedData/App-bmeqrztakkzxpkcqfdhhsyyyzbjg/Build/Intermediates.noindex/ArchiveIntermediates/App/IntermediateBuildFilesPath/Pods.build/Release-iphoneos/Capacitor.build/Objects-normal/arm64/Capacitor.LinkFileList -framework Foundation -dependency_info /Users/lekiaprosper/Library/Developer/Xcode/DerivedData/App-bmeqrztakkzxpkcqfdhhsyyyzbjg/Build/Intermediates.noindex/ArchiveIntermediates/App/IntermediateBuildFilesPath/Pods.build/Release-iphoneos/Capacitor.build/Objects-normal/arm64/Capacitor_libtool_dependency_info.dat -o /Users/lekiaprosper/Library/Developer/Xcode/DerivedData/App-bmeqrztakkzxpkcqfdhhsyyyzbjg/Build/Intermediates.noindex/ArchiveIntermediates/App/IntermediateBuildFilesPath/UninstalledProducts/iphoneos/Capacitor.framework/Capacitor

ExtractAppIntentsMetadata (in target 'Capacitor' from project 'Pods')
    cd /Users/lekiaprosper/Documents/Dev/Connectize/Connectize-Frontend/ios/App/Pods
    /Applications/Xcode.app/Contents/Developer/Toolchains/XcodeDefault.xctoolchain/usr/bin/appintentsmetadataprocessor --toolchain-dir /Applications/Xcode.app/Contents/Developer/Toolchains/XcodeDefault.xctoolchain --module-name Capacitor --sdk-root /Applications/Xcode.app/Contents/Developer/Platforms/iPhoneOS.platform/Developer/SDKs/iPhoneOS26.0.sdk --xcode-version 17A324 --platform-family iOS --deployment-target 14.0 --bundle-identifier org.cocoapods.Capacitor --output /Users/lekiaprosper/Library/Developer/Xcode/DerivedData/App-bmeqrztakkzxpkcqfdhhsyyyzbjg/Build/Intermediates.noindex/ArchiveIntermediates/App/IntermediateBuildFilesPath/UninstalledProducts/iphoneos/Capacitor.appintents --target-triple arm64-apple-ios14.0 --binary-file /Users/lekiaprosper/Library/Developer/Xcode/DerivedData/App-bmeqrztakkzxpkcqfdhhsyyyzbjg/Build/Intermediates.noindex/ArchiveIntermediates/App/IntermediateBuildFilesPath/UninstalledProducts/iphoneos/Capacitor.framework/Capacitor --dependency-file /Users/lekiaprosper/Library/Developer/Xcode/DerivedData/App-bmeqrztakkzxpkcqfdhhsyyyzbjg/Build/Intermediates.noindex/ArchiveIntermediates/App/IntermediateBuildFilesPath/Pods.build/Release-iphoneos/Capacitor.build/Objects-normal/arm64/Capacitor_libtool_dependency_info.dat --stringsdata-file /Users/lekiaprosper/Library/Developer/Xcode/DerivedData/App-bmeqrztakkzxpkcqfdhhsyyyzbjg/Build/Intermediates.noindex/ArchiveIntermediates/App/IntermediateBuildFilesPath/Pods.build/Release-iphoneos/Capacitor.build/Objects-normal/arm64/ExtractedAppShortcutsMetadata.stringsdata --source-file-list /Users/lekiaprosper/Library/Developer/Xcode/DerivedData/App-bmeqrztakkzxpkcqfdhhsyyyzbjg/Build/Intermediates.noindex/ArchiveIntermediates/App/IntermediateBuildFilesPath/Pods.build/Release-iphoneos/Capacitor.build/Objects-normal/arm64/Capacitor.SwiftFileList --metadata-file-list /Users/lekiaprosper/Library/Developer/Xcode/DerivedData/App-bmeqrztakkzxpkcqfdhhsyyyzbjg/Build/Intermediates.noindex/ArchiveIntermediates/App/IntermediateBuildFilesPath/Pods.build/Release-iphoneos/Capacitor.build/Capacitor.DependencyMetadataFileList --static-metadata-file-list /Users/lekiaprosper/Library/Developer/Xcode/DerivedData/App-bmeqrztakkzxpkcqfdhhsyyyzbjg/Build/Intermediates.noindex/ArchiveIntermediates/App/IntermediateBuildFilesPath/Pods.build/Release-iphoneos/Capacitor.build/Capacitor.DependencyStaticMetadataFileList --swift-const-vals-list /Users/lekiaprosper/Library/Developer/Xcode/DerivedData/App-bmeqrztakkzxpkcqfdhhsyyyzbjg/Build/Intermediates.noindex/ArchiveIntermediates/App/IntermediateBuildFilesPath/Pods.build/Release-iphoneos/Capacitor.build/Objects-normal/arm64/Capacitor.SwiftConstValuesFileList --force --compile-time-extraction --deployment-aware-processing --validate-assistant-intents --no-app-shortcuts-localization
2025-09-20 22:19:09.880 appintentsmetadataprocessor[96143:13677804] Starting appintentsmetadataprocessor export
2025-09-20 22:19:10.008 appintentsmetadataprocessor[96143:13677804] Extracted no relevant App Intents symbols, skipping writing output

SetOwnerAndGroup lekiaprosper:staff /Users/lekiaprosper/Library/Developer/Xcode/DerivedData/App-bmeqrztakkzxpkcqfdhhsyyyzbjg/Build/Intermediates.noindex/ArchiveIntermediates/App/IntermediateBuildFilesPath/UninstalledProducts/iphoneos/Capacitor.framework (in target 'Capacitor' from project 'Pods')
    cd /Users/lekiaprosper/Documents/Dev/Connectize/Connectize-Frontend/ios/App/Pods
    /usr/sbin/chown -RH lekiaprosper:staff /Users/lekiaprosper/Library/Developer/Xcode/DerivedData/App-bmeqrztakkzxpkcqfdhhsyyyzbjg/Build/Intermediates.noindex/ArchiveIntermediates/App/IntermediateBuildFilesPath/UninstalledProducts/iphoneos/Capacitor.framework

SetMode u+w,go-w,a+rX /Users/lekiaprosper/Library/Developer/Xcode/DerivedData/App-bmeqrztakkzxpkcqfdhhsyyyzbjg/Build/Intermediates.noindex/ArchiveIntermediates/App/IntermediateBuildFilesPath/UninstalledProducts/iphoneos/Capacitor.framework (in target 'Capacitor' from project 'Pods')
    cd /Users/lekiaprosper/Documents/Dev/Connectize/Connectize-Frontend/ios/App/Pods
    /bin/chmod -RH u+w,go-w,a+rX /Users/lekiaprosper/Library/Developer/Xcode/DerivedData/App-bmeqrztakkzxpkcqfdhhsyyyzbjg/Build/Intermediates.noindex/ArchiveIntermediates/App/IntermediateBuildFilesPath/UninstalledProducts/iphoneos/Capacitor.framework

RegisterExecutionPolicyException /Users/lekiaprosper/Library/Developer/Xcode/DerivedData/App-bmeqrztakkzxpkcqfdhhsyyyzbjg/Build/Intermediates.noindex/ArchiveIntermediates/App/IntermediateBuildFilesPath/UninstalledProducts/iphoneos/Capacitor.framework (in target 'Capacitor' from project 'Pods')
    cd /Users/lekiaprosper/Documents/Dev/Connectize/Connectize-Frontend/ios/App/Pods
    builtin-RegisterExecutionPolicyException /Users/lekiaprosper/Library/Developer/Xcode/DerivedData/App-bmeqrztakkzxpkcqfdhhsyyyzbjg/Build/Intermediates.noindex/ArchiveIntermediates/App/IntermediateBuildFilesPath/UninstalledProducts/iphoneos/Capacitor.framework

SwiftDriver\ Compilation CapacitorStatusBar normal arm64 com.apple.xcode.tools.swift.compiler (in target 'CapacitorStatusBar' from project 'Pods')
    cd /Users/lekiaprosper/Documents/Dev/Connectize/Connectize-Frontend/ios/App/Pods
    builtin-Swift-Compilation -- /Applications/Xcode.app/Contents/Developer/Toolchains/XcodeDefault.xctoolchain/usr/bin/swiftc -disable-bridging-pch -module-name CapacitorStatusBar -Onone -whole-module-optimization -enforce-exclusivity\=checked @/Users/lekiaprosper/Library/Developer/Xcode/DerivedData/App-bmeqrztakkzxpkcqfdhhsyyyzbjg/Build/Intermediates.noindex/ArchiveIntermediates/App/IntermediateBuildFilesPath/Pods.build/Release-iphoneos/CapacitorStatusBar.build/Objects-normal/arm64/CapacitorStatusBar.SwiftFileList -D COCOAPODS -enable-bare-slash-regex -enable-experimental-feature DebugDescriptionMacro -sdk /Applications/Xcode.app/Contents/Developer/Platforms/iPhoneOS.platform/Developer/SDKs/iPhoneOS26.0.sdk -target arm64-apple-ios14.0 -g -module-cache-path /Users/lekiaprosper/Library/Developer/Xcode/DerivedData/ModuleCache.noindex -Xfrontend -serialize-debugging-options -suppress-warnings -swift-version 5 -I /Users/lekiaprosper/Library/Developer/Xcode/DerivedData/App-bmeqrztakkzxpkcqfdhhsyyyzbjg/Build/Intermediates.noindex/ArchiveIntermediates/App/BuildProductsPath/Release-iphoneos/CapacitorStatusBar -F /Users/lekiaprosper/Library/Developer/Xcode/DerivedData/App-bmeqrztakkzxpkcqfdhhsyyyzbjg/Build/Intermediates.noindex/ArchiveIntermediates/App/BuildProductsPath/Release-iphoneos/CapacitorStatusBar -F /Users/lekiaprosper/Library/Developer/Xcode/DerivedData/App-bmeqrztakkzxpkcqfdhhsyyyzbjg/Build/Intermediates.noindex/ArchiveIntermediates/App/BuildProductsPath/Release-iphoneos/Capacitor -F /Users/lekiaprosper/Library/Developer/Xcode/DerivedData/App-bmeqrztakkzxpkcqfdhhsyyyzbjg/Build/Intermediates.noindex/ArchiveIntermediates/App/BuildProductsPath/Release-iphoneos/CapacitorCordova -c -num-threads 10 -Xcc -ivfsstatcache -Xcc /Users/lekiaprosper/Library/Developer/Xcode/DerivedData/SDKStatCaches.noindex/iphoneos26.0-23A339-81ce72e5b06c9602b9d30b56f2eed08a.sdkstatcache -output-file-map /Users/lekiaprosper/Library/Developer/Xcode/DerivedData/App-bmeqrztakkzxpkcqfdhhsyyyzbjg/Build/Intermediates.noindex/ArchiveIntermediates/App/IntermediateBuildFilesPath/Pods.build/Release-iphoneos/CapacitorStatusBar.build/Objects-normal/arm64/CapacitorStatusBar-OutputFileMap.json -use-frontend-parseable-output -save-temps -no-color-diagnostics -explicit-module-build -module-cache-path /Users/lekiaprosper/Library/Developer/Xcode/DerivedData/App-bmeqrztakkzxpkcqfdhhsyyyzbjg/Build/Intermediates.noindex/ArchiveIntermediates/App/IntermediateBuildFilesPath/SwiftExplicitPrecompiledModules -clang-scanner-module-cache-path /Users/lekiaprosper/Library/Developer/Xcode/DerivedData/ModuleCache.noindex -sdk-module-cache-path /Users/lekiaprosper/Library/Developer/Xcode/DerivedData/ModuleCache.noindex -serialize-diagnostics -emit-dependencies -emit-module -emit-module-path /Users/lekiaprosper/Library/Developer/Xcode/DerivedData/App-bmeqrztakkzxpkcqfdhhsyyyzbjg/Build/Intermediates.noindex/ArchiveIntermediates/App/IntermediateBuildFilesPath/Pods.build/Release-iphoneos/CapacitorStatusBar.build/Objects-normal/arm64/CapacitorStatusBar.swiftmodule -validate-clang-modules-once -clang-build-session-file /Users/lekiaprosper/Library/Developer/Xcode/DerivedData/ModuleCache.noindex/Session.modulevalidation -Xcc -I/Users/lekiaprosper/Library/Developer/Xcode/DerivedData/App-bmeqrztakkzxpkcqfdhhsyyyzbjg/Build/Intermediates.noindex/ArchiveIntermediates/App/IntermediateBuildFilesPath/Pods.build/Release-iphoneos/CapacitorStatusBar.build/swift-overrides.hmap -emit-const-values -Xfrontend -const-gather-protocols-file -Xfrontend /Users/lekiaprosper/Library/Developer/Xcode/DerivedData/App-bmeqrztakkzxpkcqfdhhsyyyzbjg/Build/Intermediates.noindex/ArchiveIntermediates/App/IntermediateBuildFilesPath/Pods.build/Release-iphoneos/CapacitorStatusBar.build/Objects-normal/arm64/CapacitorStatusBar_const_extract_protocols.json -Xcc -iquote -Xcc /Users/lekiaprosper/Library/Developer/Xcode/DerivedData/App-bmeqrztakkzxpkcqfdhhsyyyzbjg/Build/Intermediates.noindex/ArchiveIntermediates/App/IntermediateBuildFilesPath/Pods.build/Release-iphoneos/CapacitorStatusBar.build/CapacitorStatusBar-generated-files.hmap -Xcc -I/Users/lekiaprosper/Library/Developer/Xcode/DerivedData/App-bmeqrztakkzxpkcqfdhhsyyyzbjg/Build/Intermediates.noindex/ArchiveIntermediates/App/IntermediateBuildFilesPath/Pods.build/Release-iphoneos/CapacitorStatusBar.build/CapacitorStatusBar-own-target-headers.hmap -Xcc -I/Users/lekiaprosper/Library/Developer/Xcode/DerivedData/App-bmeqrztakkzxpkcqfdhhsyyyzbjg/Build/Intermediates.noindex/ArchiveIntermediates/App/IntermediateBuildFilesPath/Pods.build/Release-iphoneos/CapacitorStatusBar.build/CapacitorStatusBar-all-non-framework-target-headers.hmap -Xcc -ivfsoverlay -Xcc /Users/lekiaprosper/Library/Developer/Xcode/DerivedData/App-bmeqrztakkzxpkcqfdhhsyyyzbjg/Build/Intermediates.noindex/ArchiveIntermediates/App/IntermediateBuildFilesPath/Pods.build/Release-iphoneos/Pods-8699adb1dd336b26511df848a716bd42-VFS-iphoneos/all-product-headers.yaml -Xcc -iquote -Xcc /Users/lekiaprosper/Library/Developer/Xcode/DerivedData/App-bmeqrztakkzxpkcqfdhhsyyyzbjg/Build/Intermediates.noindex/ArchiveIntermediates/App/IntermediateBuildFilesPath/Pods.build/Release-iphoneos/CapacitorStatusBar.build/CapacitorStatusBar-project-headers.hmap -Xcc -I/Users/lekiaprosper/Library/Developer/Xcode/DerivedData/App-bmeqrztakkzxpkcqfdhhsyyyzbjg/Build/Intermediates.noindex/ArchiveIntermediates/App/BuildProductsPath/Release-iphoneos/CapacitorStatusBar/include -Xcc -I/Users/lekiaprosper/Library/Developer/Xcode/DerivedData/App-bmeqrztakkzxpkcqfdhhsyyyzbjg/Build/Intermediates.noindex/ArchiveIntermediates/App/IntermediateBuildFilesPath/Pods.build/Release-iphoneos/CapacitorStatusBar.build/DerivedSources-normal/arm64 -Xcc -I/Users/lekiaprosper/Library/Developer/Xcode/DerivedData/App-bmeqrztakkzxpkcqfdhhsyyyzbjg/Build/Intermediates.noindex/ArchiveIntermediates/App/IntermediateBuildFilesPath/Pods.build/Release-iphoneos/CapacitorStatusBar.build/DerivedSources/arm64 -Xcc -I/Users/lekiaprosper/Library/Developer/Xcode/DerivedData/App-bmeqrztakkzxpkcqfdhhsyyyzbjg/Build/Intermediates.noindex/ArchiveIntermediates/App/IntermediateBuildFilesPath/Pods.build/Release-iphoneos/CapacitorStatusBar.build/DerivedSources -Xcc -DPOD_CONFIGURATION_RELEASE\=1 -Xcc -DCOCOAPODS\=1 -emit-objc-header -emit-objc-header-path /Users/lekiaprosper/Library/Developer/Xcode/DerivedData/App-bmeqrztakkzxpkcqfdhhsyyyzbjg/Build/Intermediates.noindex/ArchiveIntermediates/App/IntermediateBuildFilesPath/Pods.build/Release-iphoneos/CapacitorStatusBar.build/Objects-normal/arm64/CapacitorStatusBar-Swift.h -import-underlying-module -Xcc -ivfsoverlay -Xcc /Users/lekiaprosper/Library/Developer/Xcode/DerivedData/App-bmeqrztakkzxpkcqfdhhsyyyzbjg/Build/Intermediates.noindex/ArchiveIntermediates/App/IntermediateBuildFilesPath/Pods.build/Release-iphoneos/CapacitorStatusBar.build/unextended-module-overlay.yaml -working-directory /Users/lekiaprosper/Documents/Dev/Connectize/Connectize-Frontend/ios/App/Pods -no-emit-module-separately-wmo

SwiftExplicitDependencyGeneratePcm arm64 /Users/lekiaprosper/Library/Developer/Xcode/DerivedData/App-bmeqrztakkzxpkcqfdhhsyyyzbjg/Build/Intermediates.noindex/ArchiveIntermediates/App/IntermediateBuildFilesPath/SwiftExplicitPrecompiledModules/CapacitorStatusBar-380BMLZATROF5R3IW201Z6IZ0.pcm

SwiftExplicitDependencyGeneratePcm arm64 /Users/lekiaprosper/Library/Developer/Xcode/DerivedData/App-bmeqrztakkzxpkcqfdhhsyyyzbjg/Build/Intermediates.noindex/ArchiveIntermediates/App/IntermediateBuildFilesPath/SwiftExplicitPrecompiledModules/Capacitor-B76AMUVTFR3I84LIALWL2MFE4.pcm

SwiftDriver\ Compilation CapacitorSplashScreen normal arm64 com.apple.xcode.tools.swift.compiler (in target 'CapacitorSplashScreen' from project 'Pods')
    cd /Users/lekiaprosper/Documents/Dev/Connectize/Connectize-Frontend/ios/App/Pods
    builtin-Swift-Compilation -- /Applications/Xcode.app/Contents/Developer/Toolchains/XcodeDefault.xctoolchain/usr/bin/swiftc -disable-bridging-pch -module-name CapacitorSplashScreen -Onone -whole-module-optimization -enforce-exclusivity\=checked @/Users/lekiaprosper/Library/Developer/Xcode/DerivedData/App-bmeqrztakkzxpkcqfdhhsyyyzbjg/Build/Intermediates.noindex/ArchiveIntermediates/App/IntermediateBuildFilesPath/Pods.build/Release-iphoneos/CapacitorSplashScreen.build/Objects-normal/arm64/CapacitorSplashScreen.SwiftFileList -D COCOAPODS -enable-bare-slash-regex -enable-experimental-feature DebugDescriptionMacro -sdk /Applications/Xcode.app/Contents/Developer/Platforms/iPhoneOS.platform/Developer/SDKs/iPhoneOS26.0.sdk -target arm64-apple-ios14.0 -g -module-cache-path /Users/lekiaprosper/Library/Developer/Xcode/DerivedData/ModuleCache.noindex -Xfrontend -serialize-debugging-options -suppress-warnings -swift-version 5 -I /Users/lekiaprosper/Library/Developer/Xcode/DerivedData/App-bmeqrztakkzxpkcqfdhhsyyyzbjg/Build/Intermediates.noindex/ArchiveIntermediates/App/BuildProductsPath/Release-iphoneos/CapacitorSplashScreen -F /Users/lekiaprosper/Library/Developer/Xcode/DerivedData/App-bmeqrztakkzxpkcqfdhhsyyyzbjg/Build/Intermediates.noindex/ArchiveIntermediates/App/BuildProductsPath/Release-iphoneos/CapacitorSplashScreen -F /Users/lekiaprosper/Library/Developer/Xcode/DerivedData/App-bmeqrztakkzxpkcqfdhhsyyyzbjg/Build/Intermediates.noindex/ArchiveIntermediates/App/BuildProductsPath/Release-iphoneos/Capacitor -F /Users/lekiaprosper/Library/Developer/Xcode/DerivedData/App-bmeqrztakkzxpkcqfdhhsyyyzbjg/Build/Intermediates.noindex/ArchiveIntermediates/App/BuildProductsPath/Release-iphoneos/CapacitorCordova -c -num-threads 10 -Xcc -ivfsstatcache -Xcc /Users/lekiaprosper/Library/Developer/Xcode/DerivedData/SDKStatCaches.noindex/iphoneos26.0-23A339-81ce72e5b06c9602b9d30b56f2eed08a.sdkstatcache -output-file-map /Users/lekiaprosper/Library/Developer/Xcode/DerivedData/App-bmeqrztakkzxpkcqfdhhsyyyzbjg/Build/Intermediates.noindex/ArchiveIntermediates/App/IntermediateBuildFilesPath/Pods.build/Release-iphoneos/CapacitorSplashScreen.build/Objects-normal/arm64/CapacitorSplashScreen-OutputFileMap.json -use-frontend-parseable-output -save-temps -no-color-diagnostics -explicit-module-build -module-cache-path /Users/lekiaprosper/Library/Developer/Xcode/DerivedData/App-bmeqrztakkzxpkcqfdhhsyyyzbjg/Build/Intermediates.noindex/ArchiveIntermediates/App/IntermediateBuildFilesPath/SwiftExplicitPrecompiledModules -clang-scanner-module-cache-path /Users/lekiaprosper/Library/Developer/Xcode/DerivedData/ModuleCache.noindex -sdk-module-cache-path /Users/lekiaprosper/Library/Developer/Xcode/DerivedData/ModuleCache.noindex -serialize-diagnostics -emit-dependencies -emit-module -emit-module-path /Users/lekiaprosper/Library/Developer/Xcode/DerivedData/App-bmeqrztakkzxpkcqfdhhsyyyzbjg/Build/Intermediates.noindex/ArchiveIntermediates/App/IntermediateBuildFilesPath/Pods.build/Release-iphoneos/CapacitorSplashScreen.build/Objects-normal/arm64/CapacitorSplashScreen.swiftmodule -validate-clang-modules-once -clang-build-session-file /Users/lekiaprosper/Library/Developer/Xcode/DerivedData/ModuleCache.noindex/Session.modulevalidation -Xcc -I/Users/lekiaprosper/Library/Developer/Xcode/DerivedData/App-bmeqrztakkzxpkcqfdhhsyyyzbjg/Build/Intermediates.noindex/ArchiveIntermediates/App/IntermediateBuildFilesPath/Pods.build/Release-iphoneos/CapacitorSplashScreen.build/swift-overrides.hmap -emit-const-values -Xfrontend -const-gather-protocols-file -Xfrontend /Users/lekiaprosper/Library/Developer/Xcode/DerivedData/App-bmeqrztakkzxpkcqfdhhsyyyzbjg/Build/Intermediates.noindex/ArchiveIntermediates/App/IntermediateBuildFilesPath/Pods.build/Release-iphoneos/CapacitorSplashScreen.build/Objects-normal/arm64/CapacitorSplashScreen_const_extract_protocols.json -Xcc -iquote -Xcc /Users/lekiaprosper/Library/Developer/Xcode/DerivedData/App-bmeqrztakkzxpkcqfdhhsyyyzbjg/Build/Intermediates.noindex/ArchiveIntermediates/App/IntermediateBuildFilesPath/Pods.build/Release-iphoneos/CapacitorSplashScreen.build/CapacitorSplashScreen-generated-files.hmap -Xcc -I/Users/lekiaprosper/Library/Developer/Xcode/DerivedData/App-bmeqrztakkzxpkcqfdhhsyyyzbjg/Build/Intermediates.noindex/ArchiveIntermediates/App/IntermediateBuildFilesPath/Pods.build/Release-iphoneos/CapacitorSplashScreen.build/CapacitorSplashScreen-own-target-headers.hmap -Xcc -I/Users/lekiaprosper/Library/Developer/Xcode/DerivedData/App-bmeqrztakkzxpkcqfdhhsyyyzbjg/Build/Intermediates.noindex/ArchiveIntermediates/App/IntermediateBuildFilesPath/Pods.build/Release-iphoneos/CapacitorSplashScreen.build/CapacitorSplashScreen-all-non-framework-target-headers.hmap -Xcc -ivfsoverlay -Xcc /Users/lekiaprosper/Library/Developer/Xcode/DerivedData/App-bmeqrztakkzxpkcqfdhhsyyyzbjg/Build/Intermediates.noindex/ArchiveIntermediates/App/IntermediateBuildFilesPath/Pods.build/Release-iphoneos/Pods-8699adb1dd336b26511df848a716bd42-VFS-iphoneos/all-product-headers.yaml -Xcc -iquote -Xcc /Users/lekiaprosper/Library/Developer/Xcode/DerivedData/App-bmeqrztakkzxpkcqfdhhsyyyzbjg/Build/Intermediates.noindex/ArchiveIntermediates/App/IntermediateBuildFilesPath/Pods.build/Release-iphoneos/CapacitorSplashScreen.build/CapacitorSplashScreen-project-headers.hmap -Xcc -I/Users/lekiaprosper/Library/Developer/Xcode/DerivedData/App-bmeqrztakkzxpkcqfdhhsyyyzbjg/Build/Intermediates.noindex/ArchiveIntermediates/App/BuildProductsPath/Release-iphoneos/CapacitorSplashScreen/include -Xcc -I/Users/lekiaprosper/Library/Developer/Xcode/DerivedData/App-bmeqrztakkzxpkcqfdhhsyyyzbjg/Build/Intermediates.noindex/ArchiveIntermediates/App/IntermediateBuildFilesPath/Pods.build/Release-iphoneos/CapacitorSplashScreen.build/DerivedSources-normal/arm64 -Xcc -I/Users/lekiaprosper/Library/Developer/Xcode/DerivedData/App-bmeqrztakkzxpkcqfdhhsyyyzbjg/Build/Intermediates.noindex/ArchiveIntermediates/App/IntermediateBuildFilesPath/Pods.build/Release-iphoneos/CapacitorSplashScreen.build/DerivedSources/arm64 -Xcc -I/Users/lekiaprosper/Library/Developer/Xcode/DerivedData/App-bmeqrztakkzxpkcqfdhhsyyyzbjg/Build/Intermediates.noindex/ArchiveIntermediates/App/IntermediateBuildFilesPath/Pods.build/Release-iphoneos/CapacitorSplashScreen.build/DerivedSources -Xcc -DPOD_CONFIGURATION_RELEASE\=1 -Xcc -DCOCOAPODS\=1 -emit-objc-header -emit-objc-header-path /Users/lekiaprosper/Library/Developer/Xcode/DerivedData/App-bmeqrztakkzxpkcqfdhhsyyyzbjg/Build/Intermediates.noindex/ArchiveIntermediates/App/IntermediateBuildFilesPath/Pods.build/Release-iphoneos/CapacitorSplashScreen.build/Objects-normal/arm64/CapacitorSplashScreen-Swift.h -import-underlying-module -Xcc -ivfsoverlay -Xcc /Users/lekiaprosper/Library/Developer/Xcode/DerivedData/App-bmeqrztakkzxpkcqfdhhsyyyzbjg/Build/Intermediates.noindex/ArchiveIntermediates/App/IntermediateBuildFilesPath/Pods.build/Release-iphoneos/CapacitorSplashScreen.build/unextended-module-overlay.yaml -working-directory /Users/lekiaprosper/Documents/Dev/Connectize/Connectize-Frontend/ios/App/Pods -no-emit-module-separately-wmo

SwiftExplicitDependencyGeneratePcm arm64 /Users/lekiaprosper/Library/Developer/Xcode/DerivedData/App-bmeqrztakkzxpkcqfdhhsyyyzbjg/Build/Intermediates.noindex/ArchiveIntermediates/App/IntermediateBuildFilesPath/SwiftExplicitPrecompiledModules/CapacitorSplashScreen-55RWLY29HK9NEEW2RQ2UFPKGW.pcm

Touch /Users/lekiaprosper/Library/Developer/Xcode/DerivedData/App-bmeqrztakkzxpkcqfdhhsyyyzbjg/Build/Intermediates.noindex/ArchiveIntermediates/App/IntermediateBuildFilesPath/UninstalledProducts/iphoneos/Capacitor.framework (in target 'Capacitor' from project 'Pods')
    cd /Users/lekiaprosper/Documents/Dev/Connectize/Connectize-Frontend/ios/App/Pods
    /usr/bin/touch -c /Users/lekiaprosper/Library/Developer/Xcode/DerivedData/App-bmeqrztakkzxpkcqfdhhsyyyzbjg/Build/Intermediates.noindex/ArchiveIntermediates/App/IntermediateBuildFilesPath/UninstalledProducts/iphoneos/Capacitor.framework

SwiftCompile normal arm64 Compiling\ CAPBridgeViewController.swift,\ CAPNotifications.swift,\ StatusBar.swift,\ StatusBarConfig.swift,\ StatusBarInfo.swift,\ StatusBarPlugin.swift,\ UIColor.swift /Users/lekiaprosper/Documents/Dev/Connectize/Connectize-Frontend/node_modules/@capacitor/status-bar/ios/Sources/StatusBarPlugin/CAPBridgeViewController.swift /Users/lekiaprosper/Documents/Dev/Connectize/Connectize-Frontend/node_modules/@capacitor/status-bar/ios/Sources/StatusBarPlugin/CAPNotifications.swift /Users/lekiaprosper/Documents/Dev/Connectize/Connectize-Frontend/node_modules/@capacitor/status-bar/ios/Sources/StatusBarPlugin/StatusBar.swift /Users/lekiaprosper/Documents/Dev/Connectize/Connectize-Frontend/node_modules/@capacitor/status-bar/ios/Sources/StatusBarPlugin/StatusBarConfig.swift /Users/lekiaprosper/Documents/Dev/Connectize/Connectize-Frontend/node_modules/@capacitor/status-bar/ios/Sources/StatusBarPlugin/StatusBarInfo.swift /Users/lekiaprosper/Documents/Dev/Connectize/Connectize-Frontend/node_modules/@capacitor/status-bar/ios/Sources/StatusBarPlugin/StatusBarPlugin.swift /Users/lekiaprosper/Documents/Dev/Connectize/Connectize-Frontend/node_modules/@capacitor/status-bar/ios/Sources/StatusBarPlugin/UIColor.swift /Applications/Xcode.app/Contents/Developer/Toolchains/XcodeDefault.xctoolchain/usr/lib/swift/iphoneos/prebuilt-modules/26.0/Symbols.swiftmodule/arm64e-apple-ios.swiftmodule /Applications/Xcode.app/Contents/Developer/Toolchains/XcodeDefault.xctoolchain/usr/lib/swift/iphoneos/prebuilt-modules/26.0/_StringProcessing.swiftmodule/arm64e-apple-ios.swiftmodule /Applications/Xcode.app/Contents/Developer/Toolchains/XcodeDefault.xctoolchain/usr/lib/swift/iphoneos/prebuilt-modules/26.0/Foundation.swiftmodule/arm64e-apple-ios.swiftmodule /Applications/Xcode.app/Contents/Developer/Toolchains/XcodeDefault.xctoolchain/usr/lib/swift/iphoneos/prebuilt-modules/26.0/FileProvider.swiftmodule/arm64e-apple-ios.swiftmodule /Applications/Xcode.app/Contents/Developer/Toolchains/XcodeDefault.xctoolchain/usr/lib/swift/iphoneos/prebuilt-modules/26.0/_DarwinFoundation2.swiftmodule/arm64e-apple-ios.swiftmodule /Applications/Xcode.app/Contents/Developer/Toolchains/XcodeDefault.xctoolchain/usr/lib/swift/iphoneos/prebuilt-modules/26.0/Network.swiftmodule/arm64e-apple-ios.swiftmodule /Applications/Xcode.app/Contents/Developer/Toolchains/XcodeDefault.xctoolchain/usr/lib/swift/iphoneos/prebuilt-modules/26.0/_DarwinFoundation3.swiftmodule/arm64e-apple-ios.swiftmodule /Applications/Xcode.app/Contents/Developer/Toolchains/XcodeDefault.xctoolchain/usr/lib/swift/iphoneos/prebuilt-modules/26.0/OSLog.swiftmodule/arm64e-apple-ios.swiftmodule /Applications/Xcode.app/Contents/Developer/Toolchains/XcodeDefault.xctoolchain/usr/lib/swift/iphoneos/prebuilt-modules/26.0/Observation.swiftmodule/arm64e-apple-ios.swiftmodule /Applications/Xcode.app/Contents/Developer/Toolchains/XcodeDefault.xctoolchain/usr/lib/swift/iphoneos/prebuilt-modules/26.0/_Concurrency.swiftmodule/arm64e-apple-ios.swiftmodule /Applications/Xcode.app/Contents/Developer/Toolchains/XcodeDefault.xctoolchain/usr/lib/swift/iphoneos/prebuilt-modules/26.0/CoreFoundation.swiftmodule/arm64e-apple-ios.swiftmodule /Applications/Xcode.app/Contents/Developer/Toolchains/XcodeDefault.xctoolchain/usr/lib/swift/iphoneos/prebuilt-modules/26.0/_Builtin_float.swiftmodule/arm64e-apple-ios.swiftmodule /Applications/Xcode.app/Contents/Developer/Toolchains/XcodeDefault.xctoolchain/usr/lib/swift/iphoneos/prebuilt-modules/26.0/QuartzCore.swiftmodule/arm64e-apple-ios.swiftmodule /Applications/Xcode.app/Contents/Developer/Toolchains/XcodeDefault.xctoolchain/usr/lib/swift/iphoneos/prebuilt-modules/26.0/Darwin.swiftmodule/arm64e-apple-ios.swiftmodule /Applications/Xcode.app/Contents/Developer/Toolchains/XcodeDefault.xctoolchain/usr/lib/swift/iphoneos/prebuilt-modules/26.0/CoreTransferable.swiftmodule/arm64e-apple-ios.swiftmodule /Applications/Xcode.app/Contents/Developer/Toolchains/XcodeDefault.xctoolchain/usr/lib/swift/iphoneos/prebuilt-modules/26.0/Combine.swiftmodule/arm64e-apple-ios.swiftmodule /Applications/Xcode.app/Contents/Developer/Toolchains/XcodeDefault.xctoolchain/usr/lib/swift/iphoneos/prebuilt-modules/26.0/Accessibility.swiftmodule/arm64e-apple-ios.swiftmodule /Applications/Xcode.app/Contents/Developer/Toolchains/XcodeDefault.xctoolchain/usr/lib/swift/iphoneos/prebuilt-modules/26.0/System.swiftmodule/arm64e-apple-ios.swiftmodule /Applications/Xcode.app/Contents/Developer/Toolchains/XcodeDefault.xctoolchain/usr/lib/swift/iphoneos/prebuilt-modules/26.0/CoreGraphics.swiftmodule/arm64e-apple-ios.swiftmodule /Applications/Xcode.app/Contents/Developer/Toolchains/XcodeDefault.xctoolchain/usr/lib/swift/iphoneos/prebuilt-modules/26.0/_DarwinFoundation1.swiftmodule/arm64e-apple-ios.swiftmodule /Applications/Xcode.app/Contents/Developer/Toolchains/XcodeDefault.xctoolchain/usr/lib/swift/iphoneos/prebuilt-modules/26.0/WebKit.swiftmodule/arm64e-apple-ios.swiftmodule /Applications/Xcode.app/Contents/Developer/Toolchains/XcodeDefault.xctoolchain/usr/lib/swift/iphoneos/prebuilt-modules/26.0/XPC.swiftmodule/arm64e-apple-ios.swiftmodule /Applications/Xcode.app/Contents/Developer/Toolchains/XcodeDefault.xctoolchain/usr/lib/swift/iphoneos/prebuilt-modules/26.0/DataDetection.swiftmodule/arm64e-apple-ios.swiftmodule /Applications/Xcode.app/Contents/Developer/Toolchains/XcodeDefault.xctoolchain/usr/lib/swift/iphoneos/prebuilt-modules/26.0/SwiftUICore.swiftmodule/arm64e-apple-ios.swiftmodule /Applications/Xcode.app/Contents/Developer/Toolchains/XcodeDefault.xctoolchain/usr/lib/swift/iphoneos/prebuilt-modules/26.0/os.swiftmodule/arm64e-apple-ios.swiftmodule /Applications/Xcode.app/Contents/Developer/Toolchains/XcodeDefault.xctoolchain/usr/lib/swift/iphoneos/prebuilt-modules/26.0/UniformTypeIdentifiers.swiftmodule/arm64e-apple-ios.swiftmodule /Applications/Xcode.app/Contents/Developer/Toolchains/XcodeDefault.xctoolchain/usr/lib/swift/iphoneos/prebuilt-modules/26.0/CoreText.swiftmodule/arm64e-apple-ios.swiftmodule /Users/lekiaprosper/Library/Developer/Xcode/DerivedData/App-bmeqrztakkzxpkcqfdhhsyyyzbjg/Build/Intermediates.noindex/ArchiveIntermediates/App/BuildProductsPath/Release-iphoneos/Capacitor/Capacitor.framework/Modules/Capacitor.swiftmodule/arm64-apple-ios.swiftmodule /Applications/Xcode.app/Contents/Developer/Toolchains/XcodeDefault.xctoolchain/usr/lib/swift/iphoneos/prebuilt-modules/26.0/CoreVideo.swiftmodule/arm64e-apple-ios.swiftmodule /Applications/Xcode.app/Contents/Developer/Toolchains/XcodeDefault.xctoolchain/usr/lib/swift/iphoneos/prebuilt-modules/26.0/DeveloperToolsSupport.swiftmodule/arm64e-apple-ios.swiftmodule /Applications/Xcode.app/Contents/Developer/Toolchains/XcodeDefault.xctoolchain/usr/lib/swift/iphoneos/prebuilt-modules/26.0/Swift.swiftmodule/arm64e-apple-ios.swiftmodule /Applications/Xcode.app/Contents/Developer/Toolchains/XcodeDefault.xctoolchain/usr/lib/swift/iphoneos/prebuilt-modules/26.0/Distributed.swiftmodule/arm64e-apple-ios.swiftmodule /Applications/Xcode.app/Contents/Developer/Toolchains/XcodeDefault.xctoolchain/usr/lib/swift/iphoneos/prebuilt-modules/26.0/Metal.swiftmodule/arm64e-apple-ios.swiftmodule /Applications/Xcode.app/Contents/Developer/Toolchains/XcodeDefault.xctoolchain/usr/lib/swift/iphoneos/prebuilt-modules/26.0/Dispatch.swiftmodule/arm64e-apple-ios.swiftmodule /Applications/Xcode.app/Contents/Developer/Toolchains/XcodeDefault.xctoolchain/usr/lib/swift/iphoneos/prebuilt-modules/26.0/ObjectiveC.swiftmodule/arm64e-apple-ios.swiftmodule /Applications/Xcode.app/Contents/Developer/Toolchains/XcodeDefault.xctoolchain/usr/lib/swift/iphoneos/prebuilt-modules/26.0/UIKit.swiftmodule/arm64e-apple-ios.swiftmodule /Applications/Xcode.app/Contents/Developer/Toolchains/XcodeDefault.xctoolchain/usr/lib/swift/iphoneos/prebuilt-modules/26.0/CoreImage.swiftmodule/arm64e-apple-ios.swiftmodule /Applications/Xcode.app/Contents/Developer/Toolchains/XcodeDefault.xctoolchain/usr/lib/swift/iphoneos/prebuilt-modules/26.0/SwiftOnoneSupport.swiftmodule/arm64e-apple-ios.swiftmodule /Users/lekiaprosper/Library/Developer/Xcode/DerivedData/ModuleCache.noindex/os_object-85J3Z7POB2A9Z9W2BYEWKY31V.pcm /Users/lekiaprosper/Library/Developer/Xcode/DerivedData/ModuleCache.noindex/_DarwinFoundation2-53206XS3V3419TLBUHXNOKPY5.pcm /Users/lekiaprosper/Library/Developer/Xcode/DerivedData/ModuleCache.noindex/CoreVideo-BTWV4AL4YS0OD6RBRVSSCRZU4.pcm /Users/lekiaprosper/Library/Developer/Xcode/DerivedData/ModuleCache.noindex/_SwiftConcurrencyShims-7BBJJ0CLECQZL5C07S51EQ2KM.pcm /Users/lekiaprosper/Library/Developer/Xcode/DerivedData/ModuleCache.noindex/os_workgroup-3D5RNOZR0P7RD8YK3I2FDXBL2.pcm /Users/lekiaprosper/Library/Developer/Xcode/DerivedData/ModuleCache.noindex/_Builtin_stdarg-C9QIKJL53448R6KBMCJ8BOU10.pcm /Users/lekiaprosper/Library/Developer/Xcode/DerivedData/ModuleCache.noindex/_Builtin_stdatomic-BG1JHZNLFZ2UWAZ9CYOIZK9N2.pcm /Users/lekiaprosper/Library/Developer/Xcode/DerivedData/ModuleCache.noindex/ptrcheck-1EI48Z60GE8L31Y07P3FCODQM.pcm /Users/lekiaprosper/Library/Developer/Xcode/DerivedData/ModuleCache.noindex/_Builtin_stdint-3R42SRI2R6MDEN66PQEHIL5SQ.pcm /Users/lekiaprosper/Library/Developer/Xcode/DerivedData/ModuleCache.noindex/Metal-3H6P8JPGWDAZVEZQJA865ILHL.pcm /Users/lekiaprosper/Library/Developer/Xcode/DerivedData/App-bmeqrztakkzxpkcqfdhhsyyyzbjg/Build/Intermediates.noindex/ArchiveIntermediates/App/IntermediateBuildFilesPath/SwiftExplicitPrecompiledModules/Cordova-547I3L5LSEC73LF58X8C9JHZF.pcm /Users/lekiaprosper/Library/Developer/Xcode/DerivedData/ModuleCache.noindex/CoreText-65X4AL09POOXDODNYQBUNAR1B.pcm /Users/lekiaprosper/Library/Developer/Xcode/DerivedData/ModuleCache.noindex/dnssd-7SUK4FVCH7SMURPNKMEXB86LA.pcm /Users/lekiaprosper/Library/Developer/Xcode/DerivedData/ModuleCache.noindex/sys_types-46X8R6228KZ90J6GS0I69P13D.pcm /Users/lekiaprosper/Library/Developer/Xcode/DerivedData/ModuleCache.noindex/CoreGraphics-KYFGOZ8FD8Y7EUL2DRP4E8L0.pcm /Users/lekiaprosper/Library/Developer/Xcode/DerivedData/ModuleCache.noindex/_DarwinFoundation3-COL28J5ZMIAAZMJBY1SK22N9R.pcm /Users/lekiaprosper/Library/Developer/Xcode/DerivedData/ModuleCache.noindex/XPC-EUF9DVEQAEMA38SAWG1GFA403.pcm /Users/lekiaprosper/Library/Developer/Xcode/DerivedData/ModuleCache.noindex/OpenGLES-1QX2WTPH5O3O82JO3TOHUMSJZ.pcm /Users/lekiaprosper/Library/Developer/Xcode/DerivedData/ModuleCache.noindex/OSLog-AGFDY653IZ0UNAZ8YIP51MGYP.pcm /Users/lekiaprosper/Library/Developer/Xcode/DerivedData/ModuleCache.noindex/_Builtin_limits-9OKT9NCN8BJ6YS2818N216K90.pcm /Users/lekiaprosper/Library/Developer/Xcode/DerivedData/ModuleCache.noindex/MachO-27FU7T7B1AZKFO3ZA44QDHZSN.pcm /Users/lekiaprosper/Library/Developer/Xcode/DerivedData/ModuleCache.noindex/CFNetwork-DRWDHPF0EXUPHS0AU15UFUIAV.pcm /Users/lekiaprosper/Library/Developer/Xcode/DerivedData/ModuleCache.noindex/Foundation-427ZOPTJY49FGPIL9IW28O24E.pcm /Users/lekiaprosper/Library/Developer/Xcode/DerivedData/ModuleCache.noindex/CoreServices-E6C80X79ZUNP6TXZEAB4OZYX3.pcm /Users/lekiaprosper/Library/Developer/Xcode/DerivedData/ModuleCache.noindex/SwiftShims-5C72ORWAYY96O2O2VDC1TYMBW.pcm /Users/lekiaprosper/Library/Developer/Xcode/DerivedData/ModuleCache.noindex/CommonCrypto-9FF74AYFBIXV1W6DRT5TXTKA0.pcm /Users/lekiaprosper/Library/Developer/Xcode/DerivedData/ModuleCache.noindex/CoreImage-8ZZOSH5ONHJTSGHZJOOV0V9WO.pcm /Users/lekiaprosper/Library/Developer/Xcode/DerivedData/ModuleCache.noindex/IOSurface-83SI8M83A80S5HZS73C2O10ZO.pcm /Users/lekiaprosper/Library/Developer/Xcode/DerivedData/ModuleCache.noindex/UIKit-EYB2BA9CYHJFKN1U9DPYFTJ7O.pcm /Users/lekiaprosper/Library/Developer/Xcode/DerivedData/ModuleCache.noindex/_Builtin_stdbool-B04HXVHFT4JTA3PIVTDMAAA6V.pcm /Users/lekiaprosper/Library/Developer/Xcode/DerivedData/ModuleCache.noindex/CoreTransferable-C09TTI2UY3FJQ11WL8TMOS0ZP.pcm /Users/lekiaprosper/Library/Developer/Xcode/DerivedData/App-bmeqrztakkzxpkcqfdhhsyyyzbjg/Build/Intermediates.noindex/ArchiveIntermediates/App/IntermediateBuildFilesPath/SwiftExplicitPrecompiledModules/Capacitor-B76AMUVTFR3I84LIALWL2MFE4.pcm /Users/lekiaprosper/Library/Developer/Xcode/DerivedData/ModuleCache.noindex/QuartzCore-9MJY93Y4ECAU8TF6IP8F4UGOW.pcm /Users/lekiaprosper/Library/Developer/Xcode/DerivedData/ModuleCache.noindex/CoreFoundation-A37ESHL5R9JGL5GQLO0286TO0.pcm /Users/lekiaprosper/Library/Developer/Xcode/DerivedData/ModuleCache.noindex/MobileCoreServices-7GLT01G7D5B0BD5R0PMLL9RYD.pcm /Users/lekiaprosper/Library/Developer/Xcode/DerivedData/ModuleCache.noindex/_AvailabilityInternal-EYNGYXVLM5GC3LVJ8XYJ4AP7G.pcm /Users/lekiaprosper/Library/Developer/Xcode/DerivedData/ModuleCache.noindex/_DarwinFoundation1-EYL4IC9FZPFYBUNB5XFCQRDY2.pcm /Users/lekiaprosper/Library/Developer/Xcode/DerivedData/ModuleCache.noindex/Darwin-CWPPGOQJ24W2L5NOM7E4131NU.pcm /Users/lekiaprosper/Library/Developer/Xcode/DerivedData/ModuleCache.noindex/_Builtin_stddef-47S9ZPIYEE6I1NM601WEDDZ2K.pcm /Users/lekiaprosper/Library/Developer/Xcode/DerivedData/ModuleCache.noindex/ptrauth-5IW83AC94WV8YTGHE0ST9J0U0.pcm /Users/lekiaprosper/Library/Developer/Xcode/DerivedData/ModuleCache.noindex/os-D45EM2ZTA44IRUG8HI3GNZE6Y.pcm /Users/lekiaprosper/Library/Developer/Xcode/DerivedData/ModuleCache.noindex/FileProvider-ETY43ANYTZ80DZJO7WE1A4RYN.pcm /Users/lekiaprosper/Library/Developer/Xcode/DerivedData/ModuleCache.noindex/DeveloperToolsSupport-47H5NNPNAABCMPAPYNJSJYJDU.pcm /Users/lekiaprosper/Library/Developer/Xcode/DerivedData/ModuleCache.noindex/ObjectiveC-3OVDSLH03WS1RKPVW45EMYT28.pcm /Users/lekiaprosper/Library/Developer/Xcode/DerivedData/ModuleCache.noindex/Network-BHEZZBDIMPQGE9ZKCHTFB5755.pcm /Users/lekiaprosper/Library/Developer/Xcode/DerivedData/ModuleCache.noindex/UserNotifications-DQBL23UXTBLV5IDP31U3DEOR1.pcm /Users/lekiaprosper/Library/Developer/Xcode/DerivedData/ModuleCache.noindex/WebKit-1WU2I8MN64J26C7KLO1E9OWGJ.pcm /Users/lekiaprosper/Library/Developer/Xcode/DerivedData/ModuleCache.noindex/UniformTypeIdentifiers-B092HE29GZW50P1UUR12H7ENC.pcm /Users/lekiaprosper/Library/Developer/Xcode/DerivedData/ModuleCache.noindex/Dispatch-86W94LMGHQ77O7D6ESFHY1IRB.pcm /Users/lekiaprosper/Library/Developer/Xcode/DerivedData/ModuleCache.noindex/Accessibility-1PWTIAYZWIP11HHQ70YX0NRJZ.pcm /Users/lekiaprosper/Library/Developer/Xcode/DerivedData/ModuleCache.noindex/Security-43948ZG9DWGGE683F8KCF2L0W.pcm /Users/lekiaprosper/Library/Developer/Xcode/DerivedData/App-bmeqrztakkzxpkcqfdhhsyyyzbjg/Build/Intermediates.noindex/ArchiveIntermediates/App/IntermediateBuildFilesPath/SwiftExplicitPrecompiledModules/CapacitorStatusBar-380BMLZATROF5R3IW201Z6IZ0.pcm /Users/lekiaprosper/Library/Developer/Xcode/DerivedData/ModuleCache.noindex/ImageIO-3PAQVDXCPVG126E4I4IUDQZ23.pcm /Users/lekiaprosper/Library/Developer/Xcode/DerivedData/ModuleCache.noindex/_Builtin_float-920YCOFDCYVVRM0IRRWCUMDSF.pcm /Users/lekiaprosper/Library/Developer/Xcode/DerivedData/ModuleCache.noindex/UIUtilities-8UW33S2YV2JMVCEU8BUULV087.pcm /Users/lekiaprosper/Library/Developer/Xcode/DerivedData/ModuleCache.noindex/SwiftUICore-5CWTOEDU520VTW06WGBFFINKA.pcm /Users/lekiaprosper/Library/Developer/Xcode/DerivedData/ModuleCache.noindex/_Builtin_inttypes-4D4WHKE8ZHSC9UXDD4GBA63J9.pcm /Users/lekiaprosper/Library/Developer/Xcode/DerivedData/ModuleCache.noindex/DataDetection-EJD8UBAA6IXBV4MMWOOSZIEA0.pcm /Users/lekiaprosper/Library/Developer/Xcode/DerivedData/ModuleCache.noindex/Symbols-5I7HWCTQNEL544JWVP6UJU76R.pcm /Users/lekiaprosper/Library/Developer/Xcode/DerivedData/App-bmeqrztakkzxpkcqfdhhsyyyzbjg/Build/Intermediates.noindex/ArchiveIntermediates/App/IntermediateBuildFilesPath/Pods.build/Release-iphoneos/CapacitorStatusBar.build/Objects-normal/arm64/CapacitorStatusBar-dependencies-1.json (in target 'CapacitorStatusBar' from project 'Pods')

CompileSwift normal arm64 (in target 'CapacitorStatusBar' from project 'Pods')
    cd /Users/lekiaprosper/Documents/Dev/Connectize/Connectize-Frontend/ios/App/Pods
    

SwiftCompile normal arm64 Compiling\ SplashScreen.swift,\ SplashScreenConfig.swift,\ SplashScreenPlugin.swift,\ SplashScreenSettings.swift /Users/lekiaprosper/Documents/Dev/Connectize/Connectize-Frontend/node_modules/@capacitor/splash-screen/ios/Sources/SplashScreenPlugin/SplashScreen.swift /Users/lekiaprosper/Documents/Dev/Connectize/Connectize-Frontend/node_modules/@capacitor/splash-screen/ios/Sources/SplashScreenPlugin/SplashScreenConfig.swift /Users/lekiaprosper/Documents/Dev/Connectize/Connectize-Frontend/node_modules/@capacitor/splash-screen/ios/Sources/SplashScreenPlugin/SplashScreenPlugin.swift /Users/lekiaprosper/Documents/Dev/Connectize/Connectize-Frontend/node_modules/@capacitor/splash-screen/ios/Sources/SplashScreenPlugin/SplashScreenSettings.swift /Applications/Xcode.app/Contents/Developer/Toolchains/XcodeDefault.xctoolchain/usr/lib/swift/iphoneos/prebuilt-modules/26.0/Network.swiftmodule/arm64e-apple-ios.swiftmodule /Applications/Xcode.app/Contents/Developer/Toolchains/XcodeDefault.xctoolchain/usr/lib/swift/iphoneos/prebuilt-modules/26.0/Darwin.swiftmodule/arm64e-apple-ios.swiftmodule /Applications/Xcode.app/Contents/Developer/Toolchains/XcodeDefault.xctoolchain/usr/lib/swift/iphoneos/prebuilt-modules/26.0/CoreFoundation.swiftmodule/arm64e-apple-ios.swiftmodule /Applications/Xcode.app/Contents/Developer/Toolchains/XcodeDefault.xctoolchain/usr/lib/swift/iphoneos/prebuilt-modules/26.0/CoreText.swiftmodule/arm64e-apple-ios.swiftmodule /Applications/Xcode.app/Contents/Developer/Toolchains/XcodeDefault.xctoolchain/usr/lib/swift/iphoneos/prebuilt-modules/26.0/UniformTypeIdentifiers.swiftmodule/arm64e-apple-ios.swiftmodule /Applications/Xcode.app/Contents/Developer/Toolchains/XcodeDefault.xctoolchain/usr/lib/swift/iphoneos/prebuilt-modules/26.0/_Concurrency.swiftmodule/arm64e-apple-ios.swiftmodule /Applications/Xcode.app/Contents/Developer/Toolchains/XcodeDefault.xctoolchain/usr/lib/swift/iphoneos/prebuilt-modules/26.0/_StringProcessing.swiftmodule/arm64e-apple-ios.swiftmodule /Applications/Xcode.app/Contents/Developer/Toolchains/XcodeDefault.xctoolchain/usr/lib/swift/iphoneos/prebuilt-modules/26.0/Swift.swiftmodule/arm64e-apple-ios.swiftmodule /Applications/Xcode.app/Contents/Developer/Toolchains/XcodeDefault.xctoolchain/usr/lib/swift/iphoneos/prebuilt-modules/26.0/OSLog.swiftmodule/arm64e-apple-ios.swiftmodule /Applications/Xcode.app/Contents/Developer/Toolchains/XcodeDefault.xctoolchain/usr/lib/swift/iphoneos/prebuilt-modules/26.0/SwiftOnoneSupport.swiftmodule/arm64e-apple-ios.swiftmodule /Applications/Xcode.app/Contents/Developer/Toolchains/XcodeDefault.xctoolchain/usr/lib/swift/iphoneos/prebuilt-modules/26.0/_DarwinFoundation1.swiftmodule/arm64e-apple-ios.swiftmodule /Applications/Xcode.app/Contents/Developer/Toolchains/XcodeDefault.xctoolchain/usr/lib/swift/iphoneos/prebuilt-modules/26.0/os.swiftmodule/arm64e-apple-ios.swiftmodule /Applications/Xcode.app/Contents/Developer/Toolchains/XcodeDefault.xctoolchain/usr/lib/swift/iphoneos/prebuilt-modules/26.0/Foundation.swiftmodule/arm64e-apple-ios.swiftmodule /Applications/Xcode.app/Contents/Developer/Toolchains/XcodeDefault.xctoolchain/usr/lib/swift/iphoneos/prebuilt-modules/26.0/QuartzCore.swiftmodule/arm64e-apple-ios.swiftmodule /Applications/Xcode.app/Contents/Developer/Toolchains/XcodeDefault.xctoolchain/usr/lib/swift/iphoneos/prebuilt-modules/26.0/ObjectiveC.swiftmodule/arm64e-apple-ios.swiftmodule /Applications/Xcode.app/Contents/Developer/Toolchains/XcodeDefault.xctoolchain/usr/lib/swift/iphoneos/prebuilt-modules/26.0/Observation.swiftmodule/arm64e-apple-ios.swiftmodule /Applications/Xcode.app/Contents/Developer/Toolchains/XcodeDefault.xctoolchain/usr/lib/swift/iphoneos/prebuilt-modules/26.0/WebKit.swiftmodule/arm64e-apple-ios.swiftmodule /Applications/Xcode.app/Contents/Developer/Toolchains/XcodeDefault.xctoolchain/usr/lib/swift/iphoneos/prebuilt-modules/26.0/UIKit.swiftmodule/arm64e-apple-ios.swiftmodule /Applications/Xcode.app/Contents/Developer/Toolchains/XcodeDefault.xctoolchain/usr/lib/swift/iphoneos/prebuilt-modules/26.0/DeveloperToolsSupport.swiftmodule/arm64e-apple-ios.swiftmodule /Applications/Xcode.app/Contents/Developer/Toolchains/XcodeDefault.xctoolchain/usr/lib/swift/iphoneos/prebuilt-modules/26.0/CoreGraphics.swiftmodule/arm64e-apple-ios.swiftmodule /Applications/Xcode.app/Contents/Developer/Toolchains/XcodeDefault.xctoolchain/usr/lib/swift/iphoneos/prebuilt-modules/26.0/_DarwinFoundation3.swiftmodule/arm64e-apple-ios.swiftmodule /Applications/Xcode.app/Contents/Developer/Toolchains/XcodeDefault.xctoolchain/usr/lib/swift/iphoneos/prebuilt-modules/26.0/CoreImage.swiftmodule/arm64e-apple-ios.swiftmodule /Users/lekiaprosper/Library/Developer/Xcode/DerivedData/App-bmeqrztakkzxpkcqfdhhsyyyzbjg/Build/Intermediates.noindex/ArchiveIntermediates/App/BuildProductsPath/Release-iphoneos/Capacitor/Capacitor.framework/Modules/Capacitor.swiftmodule/arm64-apple-ios.swiftmodule /Applications/Xcode.app/Contents/Developer/Toolchains/XcodeDefault.xctoolchain/usr/lib/swift/iphoneos/prebuilt-modules/26.0/Combine.swiftmodule/arm64e-apple-ios.swiftmodule /Applications/Xcode.app/Contents/Developer/Toolchains/XcodeDefault.xctoolchain/usr/lib/swift/iphoneos/prebuilt-modules/26.0/Dispatch.swiftmodule/arm64e-apple-ios.swiftmodule /Applications/Xcode.app/Contents/Developer/Toolchains/XcodeDefault.xctoolchain/usr/lib/swift/iphoneos/prebuilt-modules/26.0/CoreVideo.swiftmodule/arm64e-apple-ios.swiftmodule /Applications/Xcode.app/Contents/Developer/Toolchains/XcodeDefault.xctoolchain/usr/lib/swift/iphoneos/prebuilt-modules/26.0/CoreTransferable.swiftmodule/arm64e-apple-ios.swiftmodule /Applications/Xcode.app/Contents/Developer/Toolchains/XcodeDefault.xctoolchain/usr/lib/swift/iphoneos/prebuilt-modules/26.0/Metal.swiftmodule/arm64e-apple-ios.swiftmodule /Applications/Xcode.app/Contents/Developer/Toolchains/XcodeDefault.xctoolchain/usr/lib/swift/iphoneos/prebuilt-modules/26.0/System.swiftmodule/arm64e-apple-ios.swiftmodule /Applications/Xcode.app/Contents/Developer/Toolchains/XcodeDefault.xctoolchain/usr/lib/swift/iphoneos/prebuilt-modules/26.0/Symbols.swiftmodule/arm64e-apple-ios.swiftmodule /Applications/Xcode.app/Contents/Developer/Toolchains/XcodeDefault.xctoolchain/usr/lib/swift/iphoneos/prebuilt-modules/26.0/Accessibility.swiftmodule/arm64e-apple-ios.swiftmodule /Applications/Xcode.app/Contents/Developer/Toolchains/XcodeDefault.xctoolchain/usr/lib/swift/iphoneos/prebuilt-modules/26.0/XPC.swiftmodule/arm64e-apple-ios.swiftmodule /Applications/Xcode.app/Contents/Developer/Toolchains/XcodeDefault.xctoolchain/usr/lib/swift/iphoneos/prebuilt-modules/26.0/DataDetection.swiftmodule/arm64e-apple-ios.swiftmodule /Applications/Xcode.app/Contents/Developer/Toolchains/XcodeDefault.xctoolchain/usr/lib/swift/iphoneos/prebuilt-modules/26.0/FileProvider.swiftmodule/arm64e-apple-ios.swiftmodule /Applications/Xcode.app/Contents/Developer/Toolchains/XcodeDefault.xctoolchain/usr/lib/swift/iphoneos/prebuilt-modules/26.0/_Builtin_float.swiftmodule/arm64e-apple-ios.swiftmodule /Applications/Xcode.app/Contents/Developer/Toolchains/XcodeDefault.xctoolchain/usr/lib/swift/iphoneos/prebuilt-modules/26.0/SwiftUICore.swiftmodule/arm64e-apple-ios.swiftmodule /Applications/Xcode.app/Contents/Developer/Toolchains/XcodeDefault.xctoolchain/usr/lib/swift/iphoneos/prebuilt-modules/26.0/Distributed.swiftmodule/arm64e-apple-ios.swiftmodule /Applications/Xcode.app/Contents/Developer/Toolchains/XcodeDefault.xctoolchain/usr/lib/swift/iphoneos/prebuilt-modules/26.0/_DarwinFoundation2.swiftmodule/arm64e-apple-ios.swiftmodule /Users/lekiaprosper/Library/Developer/Xcode/DerivedData/ModuleCache.noindex/DeveloperToolsSupport-47H5NNPNAABCMPAPYNJSJYJDU.pcm /Users/lekiaprosper/Library/Developer/Xcode/DerivedData/App-bmeqrztakkzxpkcqfdhhsyyyzbjg/Build/Intermediates.noindex/ArchiveIntermediates/App/IntermediateBuildFilesPath/SwiftExplicitPrecompiledModules/CapacitorSplashScreen-55RWLY29HK9NEEW2RQ2UFPKGW.pcm /Users/lekiaprosper/Library/Developer/Xcode/DerivedData/ModuleCache.noindex/MobileCoreServices-7GLT01G7D5B0BD5R0PMLL9RYD.pcm /Users/lekiaprosper/Library/Developer/Xcode/DerivedData/ModuleCache.noindex/Metal-3H6P8JPGWDAZVEZQJA865ILHL.pcm /Users/lekiaprosper/Library/Developer/Xcode/DerivedData/ModuleCache.noindex/_DarwinFoundation1-EYL4IC9FZPFYBUNB5XFCQRDY2.pcm /Users/lekiaprosper/Library/Developer/Xcode/DerivedData/ModuleCache.noindex/_Builtin_stdbool-B04HXVHFT4JTA3PIVTDMAAA6V.pcm /Users/lekiaprosper/Library/Developer/Xcode/DerivedData/ModuleCache.noindex/UIUtilities-8UW33S2YV2JMVCEU8BUULV087.pcm /Users/lekiaprosper/Library/Developer/Xcode/DerivedData/ModuleCache.noindex/dnssd-7SUK4FVCH7SMURPNKMEXB86LA.pcm /Users/lekiaprosper/Library/Developer/Xcode/DerivedData/ModuleCache.noindex/os_workgroup-3D5RNOZR0P7RD8YK3I2FDXBL2.pcm /Users/lekiaprosper/Library/Developer/Xcode/DerivedData/ModuleCache.noindex/CFNetwork-DRWDHPF0EXUPHS0AU15UFUIAV.pcm /Users/lekiaprosper/Library/Developer/Xcode/DerivedData/ModuleCache.noindex/_Builtin_stdatomic-BG1JHZNLFZ2UWAZ9CYOIZK9N2.pcm /Users/lekiaprosper/Library/Developer/Xcode/DerivedData/ModuleCache.noindex/XPC-EUF9DVEQAEMA38SAWG1GFA403.pcm /Users/lekiaprosper/Library/Developer/Xcode/DerivedData/ModuleCache.noindex/Dispatch-86W94LMGHQ77O7D6ESFHY1IRB.pcm /Users/lekiaprosper/Library/Developer/Xcode/DerivedData/ModuleCache.noindex/_Builtin_stddef-47S9ZPIYEE6I1NM601WEDDZ2K.pcm /Users/lekiaprosper/Library/Developer/Xcode/DerivedData/ModuleCache.noindex/Network-BHEZZBDIMPQGE9ZKCHTFB5755.pcm /Users/lekiaprosper/Library/Developer/Xcode/DerivedData/ModuleCache.noindex/DataDetection-EJD8UBAA6IXBV4MMWOOSZIEA0.pcm /Users/lekiaprosper/Library/Developer/Xcode/DerivedData/ModuleCache.noindex/_Builtin_float-920YCOFDCYVVRM0IRRWCUMDSF.pcm /Users/lekiaprosper/Library/Developer/Xcode/DerivedData/ModuleCache.noindex/FileProvider-ETY43ANYTZ80DZJO7WE1A4RYN.pcm /Users/lekiaprosper/Library/Developer/Xcode/DerivedData/ModuleCache.noindex/_Builtin_inttypes-4D4WHKE8ZHSC9UXDD4GBA63J9.pcm /Users/lekiaprosper/Library/Developer/Xcode/DerivedData/ModuleCache.noindex/os-D45EM2ZTA44IRUG8HI3GNZE6Y.pcm /Users/lekiaprosper/Library/Developer/Xcode/DerivedData/ModuleCache.noindex/CoreImage-8ZZOSH5ONHJTSGHZJOOV0V9WO.pcm /Users/lekiaprosper/Library/Developer/Xcode/DerivedData/ModuleCache.noindex/IOSurface-83SI8M83A80S5HZS73C2O10ZO.pcm /Users/lekiaprosper/Library/Developer/Xcode/DerivedData/ModuleCache.noindex/Darwin-CWPPGOQJ24W2L5NOM7E4131NU.pcm /Users/lekiaprosper/Library/Developer/Xcode/DerivedData/ModuleCache.noindex/CoreText-65X4AL09POOXDODNYQBUNAR1B.pcm /Users/lekiaprosper/Library/Developer/Xcode/DerivedData/App-bmeqrztakkzxpkcqfdhhsyyyzbjg/Build/Intermediates.noindex/ArchiveIntermediates/App/IntermediateBuildFilesPath/SwiftExplicitPrecompiledModules/Cordova-547I3L5LSEC73LF58X8C9JHZF.pcm /Users/lekiaprosper/Library/Developer/Xcode/DerivedData/ModuleCache.noindex/UIKit-EYB2BA9CYHJFKN1U9DPYFTJ7O.pcm /Users/lekiaprosper/Library/Developer/Xcode/DerivedData/ModuleCache.noindex/WebKit-1WU2I8MN64J26C7KLO1E9OWGJ.pcm /Users/lekiaprosper/Library/Developer/Xcode/DerivedData/ModuleCache.noindex/CommonCrypto-9FF74AYFBIXV1W6DRT5TXTKA0.pcm /Users/lekiaprosper/Library/Developer/Xcode/DerivedData/ModuleCache.noindex/CoreServices-E6C80X79ZUNP6TXZEAB4OZYX3.pcm /Users/lekiaprosper/Library/Developer/Xcode/DerivedData/ModuleCache.noindex/Accessibility-1PWTIAYZWIP11HHQ70YX0NRJZ.pcm /Users/lekiaprosper/Library/Developer/Xcode/DerivedData/ModuleCache.noindex/QuartzCore-9MJY93Y4ECAU8TF6IP8F4UGOW.pcm /Users/lekiaprosper/Library/Developer/Xcode/DerivedData/ModuleCache.noindex/OSLog-AGFDY653IZ0UNAZ8YIP51MGYP.pcm /Users/lekiaprosper/Library/Developer/Xcode/DerivedData/App-bmeqrztakkzxpkcqfdhhsyyyzbjg/Build/Intermediates.noindex/ArchiveIntermediates/App/IntermediateBuildFilesPath/SwiftExplicitPrecompiledModules/Capacitor-B76AMUVTFR3I84LIALWL2MFE4.pcm /Users/lekiaprosper/Library/Developer/Xcode/DerivedData/ModuleCache.noindex/CoreVideo-BTWV4AL4YS0OD6RBRVSSCRZU4.pcm /Users/lekiaprosper/Library/Developer/Xcode/DerivedData/ModuleCache.noindex/_DarwinFoundation3-COL28J5ZMIAAZMJBY1SK22N9R.pcm /Users/lekiaprosper/Library/Developer/Xcode/DerivedData/ModuleCache.noindex/CoreFoundation-A37ESHL5R9JGL5GQLO0286TO0.pcm /Users/lekiaprosper/Library/Developer/Xcode/DerivedData/ModuleCache.noindex/_DarwinFoundation2-53206XS3V3419TLBUHXNOKPY5.pcm /Users/lekiaprosper/Library/Developer/Xcode/DerivedData/ModuleCache.noindex/Security-43948ZG9DWGGE683F8KCF2L0W.pcm /Users/lekiaprosper/Library/Developer/Xcode/DerivedData/ModuleCache.noindex/SwiftUICore-5CWTOEDU520VTW06WGBFFINKA.pcm /Users/lekiaprosper/Library/Developer/Xcode/DerivedData/ModuleCache.noindex/MachO-27FU7T7B1AZKFO3ZA44QDHZSN.pcm /Users/lekiaprosper/Library/Developer/Xcode/DerivedData/ModuleCache.noindex/Symbols-5I7HWCTQNEL544JWVP6UJU76R.pcm /Users/lekiaprosper/Library/Developer/Xcode/DerivedData/ModuleCache.noindex/_AvailabilityInternal-EYNGYXVLM5GC3LVJ8XYJ4AP7G.pcm /Users/lekiaprosper/Library/Developer/Xcode/DerivedData/ModuleCache.noindex/sys_types-46X8R6228KZ90J6GS0I69P13D.pcm /Users/lekiaprosper/Library/Developer/Xcode/DerivedData/ModuleCache.noindex/UniformTypeIdentifiers-B092HE29GZW50P1UUR12H7ENC.pcm /Users/lekiaprosper/Library/Developer/Xcode/DerivedData/ModuleCache.noindex/ObjectiveC-3OVDSLH03WS1RKPVW45EMYT28.pcm /Users/lekiaprosper/Library/Developer/Xcode/DerivedData/ModuleCache.noindex/_Builtin_stdarg-C9QIKJL53448R6KBMCJ8BOU10.pcm /Users/lekiaprosper/Library/Developer/Xcode/DerivedData/ModuleCache.noindex/ImageIO-3PAQVDXCPVG126E4I4IUDQZ23.pcm /Users/lekiaprosper/Library/Developer/Xcode/DerivedData/ModuleCache.noindex/CoreGraphics-KYFGOZ8FD8Y7EUL2DRP4E8L0.pcm /Users/lekiaprosper/Library/Developer/Xcode/DerivedData/ModuleCache.noindex/OpenGLES-1QX2WTPH5O3O82JO3TOHUMSJZ.pcm /Users/lekiaprosper/Library/Developer/Xcode/DerivedData/ModuleCache.noindex/os_object-85J3Z7POB2A9Z9W2BYEWKY31V.pcm /Users/lekiaprosper/Library/Developer/Xcode/DerivedData/ModuleCache.noindex/CoreTransferable-C09TTI2UY3FJQ11WL8TMOS0ZP.pcm /Users/lekiaprosper/Library/Developer/Xcode/DerivedData/ModuleCache.noindex/ptrauth-5IW83AC94WV8YTGHE0ST9J0U0.pcm /Users/lekiaprosper/Library/Developer/Xcode/DerivedData/ModuleCache.noindex/ptrcheck-1EI48Z60GE8L31Y07P3FCODQM.pcm /Users/lekiaprosper/Library/Developer/Xcode/DerivedData/ModuleCache.noindex/_Builtin_stdint-3R42SRI2R6MDEN66PQEHIL5SQ.pcm /Users/lekiaprosper/Library/Developer/Xcode/DerivedData/ModuleCache.noindex/_SwiftConcurrencyShims-7BBJJ0CLECQZL5C07S51EQ2KM.pcm /Users/lekiaprosper/Library/Developer/Xcode/DerivedData/ModuleCache.noindex/_Builtin_limits-9OKT9NCN8BJ6YS2818N216K90.pcm /Users/lekiaprosper/Library/Developer/Xcode/DerivedData/ModuleCache.noindex/Foundation-427ZOPTJY49FGPIL9IW28O24E.pcm /Users/lekiaprosper/Library/Developer/Xcode/DerivedData/ModuleCache.noindex/UserNotifications-DQBL23UXTBLV5IDP31U3DEOR1.pcm /Users/lekiaprosper/Library/Developer/Xcode/DerivedData/ModuleCache.noindex/SwiftShims-5C72ORWAYY96O2O2VDC1TYMBW.pcm /Users/lekiaprosper/Library/Developer/Xcode/DerivedData/App-bmeqrztakkzxpkcqfdhhsyyyzbjg/Build/Intermediates.noindex/ArchiveIntermediates/App/IntermediateBuildFilesPath/Pods.build/Release-iphoneos/CapacitorSplashScreen.build/Objects-normal/arm64/CapacitorSplashScreen-dependencies-1.json (in target 'CapacitorSplashScreen' from project 'Pods')

CompileSwift normal arm64 (in target 'CapacitorSplashScreen' from project 'Pods')
    cd /Users/lekiaprosper/Documents/Dev/Connectize/Connectize-Frontend/ios/App/Pods
    

ProcessInfoPlistFile /Users/lekiaprosper/Library/Developer/Xcode/DerivedData/App-bmeqrztakkzxpkcqfdhhsyyyzbjg/Build/Intermediates.noindex/ArchiveIntermediates/App/IntermediateBuildFilesPath/UninstalledProducts/iphoneos/CapacitorStatusBar.framework/Info.plist /Users/lekiaprosper/Documents/Dev/Connectize/Connectize-Frontend/ios/App/Pods/Target\ Support\ Files/CapacitorStatusBar/CapacitorStatusBar-Info.plist (in target 'CapacitorStatusBar' from project 'Pods')
    cd /Users/lekiaprosper/Documents/Dev/Connectize/Connectize-Frontend/ios/App/Pods
    builtin-infoPlistUtility /Users/lekiaprosper/Documents/Dev/Connectize/Connectize-Frontend/ios/App/Pods/Target\ Support\ Files/CapacitorStatusBar/CapacitorStatusBar-Info.plist -producttype com.apple.product-type.framework -expandbuildsettings -format binary -platform iphoneos -requiredArchitecture arm64 -o /Users/lekiaprosper/Library/Developer/Xcode/DerivedData/App-bmeqrztakkzxpkcqfdhhsyyyzbjg/Build/Intermediates.noindex/ArchiveIntermediates/App/IntermediateBuildFilesPath/UninstalledProducts/iphoneos/CapacitorStatusBar.framework/Info.plist

ProcessInfoPlistFile /Users/lekiaprosper/Library/Developer/Xcode/DerivedData/App-bmeqrztakkzxpkcqfdhhsyyyzbjg/Build/Intermediates.noindex/ArchiveIntermediates/App/IntermediateBuildFilesPath/UninstalledProducts/iphoneos/CapacitorSplashScreen.framework/Info.plist /Users/lekiaprosper/Documents/Dev/Connectize/Connectize-Frontend/ios/App/Pods/Target\ Support\ Files/CapacitorSplashScreen/CapacitorSplashScreen-Info.plist (in target 'CapacitorSplashScreen' from project 'Pods')
    cd /Users/lekiaprosper/Documents/Dev/Connectize/Connectize-Frontend/ios/App/Pods
    builtin-infoPlistUtility /Users/lekiaprosper/Documents/Dev/Connectize/Connectize-Frontend/ios/App/Pods/Target\ Support\ Files/CapacitorSplashScreen/CapacitorSplashScreen-Info.plist -producttype com.apple.product-type.framework -expandbuildsettings -format binary -platform iphoneos -requiredArchitecture arm64 -o /Users/lekiaprosper/Library/Developer/Xcode/DerivedData/App-bmeqrztakkzxpkcqfdhhsyyyzbjg/Build/Intermediates.noindex/ArchiveIntermediates/App/IntermediateBuildFilesPath/UninstalledProducts/iphoneos/CapacitorSplashScreen.framework/Info.plist

SwiftDriverJobDiscovery normal arm64 Compiling SplashScreen.swift, SplashScreenConfig.swift, SplashScreenPlugin.swift, SplashScreenSettings.swift (in target 'CapacitorSplashScreen' from project 'Pods')

SwiftDriver\ Compilation\ Requirements CapacitorSplashScreen normal arm64 com.apple.xcode.tools.swift.compiler (in target 'CapacitorSplashScreen' from project 'Pods')
    cd /Users/lekiaprosper/Documents/Dev/Connectize/Connectize-Frontend/ios/App/Pods
    builtin-Swift-Compilation-Requirements -- /Applications/Xcode.app/Contents/Developer/Toolchains/XcodeDefault.xctoolchain/usr/bin/swiftc -disable-bridging-pch -module-name CapacitorSplashScreen -Onone -whole-module-optimization -enforce-exclusivity\=checked @/Users/lekiaprosper/Library/Developer/Xcode/DerivedData/App-bmeqrztakkzxpkcqfdhhsyyyzbjg/Build/Intermediates.noindex/ArchiveIntermediates/App/IntermediateBuildFilesPath/Pods.build/Release-iphoneos/CapacitorSplashScreen.build/Objects-normal/arm64/CapacitorSplashScreen.SwiftFileList -D COCOAPODS -enable-bare-slash-regex -enable-experimental-feature DebugDescriptionMacro -sdk /Applications/Xcode.app/Contents/Developer/Platforms/iPhoneOS.platform/Developer/SDKs/iPhoneOS26.0.sdk -target arm64-apple-ios14.0 -g -module-cache-path /Users/lekiaprosper/Library/Developer/Xcode/DerivedData/ModuleCache.noindex -Xfrontend -serialize-debugging-options -suppress-warnings -swift-version 5 -I /Users/lekiaprosper/Library/Developer/Xcode/DerivedData/App-bmeqrztakkzxpkcqfdhhsyyyzbjg/Build/Intermediates.noindex/ArchiveIntermediates/App/BuildProductsPath/Release-iphoneos/CapacitorSplashScreen -F /Users/lekiaprosper/Library/Developer/Xcode/DerivedData/App-bmeqrztakkzxpkcqfdhhsyyyzbjg/Build/Intermediates.noindex/ArchiveIntermediates/App/BuildProductsPath/Release-iphoneos/CapacitorSplashScreen -F /Users/lekiaprosper/Library/Developer/Xcode/DerivedData/App-bmeqrztakkzxpkcqfdhhsyyyzbjg/Build/Intermediates.noindex/ArchiveIntermediates/App/BuildProductsPath/Release-iphoneos/Capacitor -F /Users/lekiaprosper/Library/Developer/Xcode/DerivedData/App-bmeqrztakkzxpkcqfdhhsyyyzbjg/Build/Intermediates.noindex/ArchiveIntermediates/App/BuildProductsPath/Release-iphoneos/CapacitorCordova -c -num-threads 10 -Xcc -ivfsstatcache -Xcc /Users/lekiaprosper/Library/Developer/Xcode/DerivedData/SDKStatCaches.noindex/iphoneos26.0-23A339-81ce72e5b06c9602b9d30b56f2eed08a.sdkstatcache -output-file-map /Users/lekiaprosper/Library/Developer/Xcode/DerivedData/App-bmeqrztakkzxpkcqfdhhsyyyzbjg/Build/Intermediates.noindex/ArchiveIntermediates/App/IntermediateBuildFilesPath/Pods.build/Release-iphoneos/CapacitorSplashScreen.build/Objects-normal/arm64/CapacitorSplashScreen-OutputFileMap.json -use-frontend-parseable-output -save-temps -no-color-diagnostics -explicit-module-build -module-cache-path /Users/lekiaprosper/Library/Developer/Xcode/DerivedData/App-bmeqrztakkzxpkcqfdhhsyyyzbjg/Build/Intermediates.noindex/ArchiveIntermediates/App/IntermediateBuildFilesPath/SwiftExplicitPrecompiledModules -clang-scanner-module-cache-path /Users/lekiaprosper/Library/Developer/Xcode/DerivedData/ModuleCache.noindex -sdk-module-cache-path /Users/lekiaprosper/Library/Developer/Xcode/DerivedData/ModuleCache.noindex -serialize-diagnostics -emit-dependencies -emit-module -emit-module-path /Users/lekiaprosper/Library/Developer/Xcode/DerivedData/App-bmeqrztakkzxpkcqfdhhsyyyzbjg/Build/Intermediates.noindex/ArchiveIntermediates/App/IntermediateBuildFilesPath/Pods.build/Release-iphoneos/CapacitorSplashScreen.build/Objects-normal/arm64/CapacitorSplashScreen.swiftmodule -validate-clang-modules-once -clang-build-session-file /Users/lekiaprosper/Library/Developer/Xcode/DerivedData/ModuleCache.noindex/Session.modulevalidation -Xcc -I/Users/lekiaprosper/Library/Developer/Xcode/DerivedData/App-bmeqrztakkzxpkcqfdhhsyyyzbjg/Build/Intermediates.noindex/ArchiveIntermediates/App/IntermediateBuildFilesPath/Pods.build/Release-iphoneos/CapacitorSplashScreen.build/swift-overrides.hmap -emit-const-values -Xfrontend -const-gather-protocols-file -Xfrontend /Users/lekiaprosper/Library/Developer/Xcode/DerivedData/App-bmeqrztakkzxpkcqfdhhsyyyzbjg/Build/Intermediates.noindex/ArchiveIntermediates/App/IntermediateBuildFilesPath/Pods.build/Release-iphoneos/CapacitorSplashScreen.build/Objects-normal/arm64/CapacitorSplashScreen_const_extract_protocols.json -Xcc -iquote -Xcc /Users/lekiaprosper/Library/Developer/Xcode/DerivedData/App-bmeqrztakkzxpkcqfdhhsyyyzbjg/Build/Intermediates.noindex/ArchiveIntermediates/App/IntermediateBuildFilesPath/Pods.build/Release-iphoneos/CapacitorSplashScreen.build/CapacitorSplashScreen-generated-files.hmap -Xcc -I/Users/lekiaprosper/Library/Developer/Xcode/DerivedData/App-bmeqrztakkzxpkcqfdhhsyyyzbjg/Build/Intermediates.noindex/ArchiveIntermediates/App/IntermediateBuildFilesPath/Pods.build/Release-iphoneos/CapacitorSplashScreen.build/CapacitorSplashScreen-own-target-headers.hmap -Xcc -I/Users/lekiaprosper/Library/Developer/Xcode/DerivedData/App-bmeqrztakkzxpkcqfdhhsyyyzbjg/Build/Intermediates.noindex/ArchiveIntermediates/App/IntermediateBuildFilesPath/Pods.build/Release-iphoneos/CapacitorSplashScreen.build/CapacitorSplashScreen-all-non-framework-target-headers.hmap -Xcc -ivfsoverlay -Xcc /Users/lekiaprosper/Library/Developer/Xcode/DerivedData/App-bmeqrztakkzxpkcqfdhhsyyyzbjg/Build/Intermediates.noindex/ArchiveIntermediates/App/IntermediateBuildFilesPath/Pods.build/Release-iphoneos/Pods-8699adb1dd336b26511df848a716bd42-VFS-iphoneos/all-product-headers.yaml -Xcc -iquote -Xcc /Users/lekiaprosper/Library/Developer/Xcode/DerivedData/App-bmeqrztakkzxpkcqfdhhsyyyzbjg/Build/Intermediates.noindex/ArchiveIntermediates/App/IntermediateBuildFilesPath/Pods.build/Release-iphoneos/CapacitorSplashScreen.build/CapacitorSplashScreen-project-headers.hmap -Xcc -I/Users/lekiaprosper/Library/Developer/Xcode/DerivedData/App-bmeqrztakkzxpkcqfdhhsyyyzbjg/Build/Intermediates.noindex/ArchiveIntermediates/App/BuildProductsPath/Release-iphoneos/CapacitorSplashScreen/include -Xcc -I/Users/lekiaprosper/Library/Developer/Xcode/DerivedData/App-bmeqrztakkzxpkcqfdhhsyyyzbjg/Build/Intermediates.noindex/ArchiveIntermediates/App/IntermediateBuildFilesPath/Pods.build/Release-iphoneos/CapacitorSplashScreen.build/DerivedSources-normal/arm64 -Xcc -I/Users/lekiaprosper/Library/Developer/Xcode/DerivedData/App-bmeqrztakkzxpkcqfdhhsyyyzbjg/Build/Intermediates.noindex/ArchiveIntermediates/App/IntermediateBuildFilesPath/Pods.build/Release-iphoneos/CapacitorSplashScreen.build/DerivedSources/arm64 -Xcc -I/Users/lekiaprosper/Library/Developer/Xcode/DerivedData/App-bmeqrztakkzxpkcqfdhhsyyyzbjg/Build/Intermediates.noindex/ArchiveIntermediates/App/IntermediateBuildFilesPath/Pods.build/Release-iphoneos/CapacitorSplashScreen.build/DerivedSources -Xcc -DPOD_CONFIGURATION_RELEASE\=1 -Xcc -DCOCOAPODS\=1 -emit-objc-header -emit-objc-header-path /Users/lekiaprosper/Library/Developer/Xcode/DerivedData/App-bmeqrztakkzxpkcqfdhhsyyyzbjg/Build/Intermediates.noindex/ArchiveIntermediates/App/IntermediateBuildFilesPath/Pods.build/Release-iphoneos/CapacitorSplashScreen.build/Objects-normal/arm64/CapacitorSplashScreen-Swift.h -import-underlying-module -Xcc -ivfsoverlay -Xcc /Users/lekiaprosper/Library/Developer/Xcode/DerivedData/App-bmeqrztakkzxpkcqfdhhsyyyzbjg/Build/Intermediates.noindex/ArchiveIntermediates/App/IntermediateBuildFilesPath/Pods.build/Release-iphoneos/CapacitorSplashScreen.build/unextended-module-overlay.yaml -working-directory /Users/lekiaprosper/Documents/Dev/Connectize/Connectize-Frontend/ios/App/Pods -no-emit-module-separately-wmo

SwiftMergeGeneratedHeaders /Users/lekiaprosper/Library/Developer/Xcode/DerivedData/App-bmeqrztakkzxpkcqfdhhsyyyzbjg/Build/Intermediates.noindex/ArchiveIntermediates/App/IntermediateBuildFilesPath/UninstalledProducts/iphoneos/CapacitorSplashScreen.framework/Headers/CapacitorSplashScreen-Swift.h /Users/lekiaprosper/Library/Developer/Xcode/DerivedData/App-bmeqrztakkzxpkcqfdhhsyyyzbjg/Build/Intermediates.noindex/ArchiveIntermediates/App/IntermediateBuildFilesPath/Pods.build/Release-iphoneos/CapacitorSplashScreen.build/Objects-normal/arm64/CapacitorSplashScreen-Swift.h (in target 'CapacitorSplashScreen' from project 'Pods')
    cd /Users/lekiaprosper/Documents/Dev/Connectize/Connectize-Frontend/ios/App/Pods
    builtin-swiftHeaderTool -arch arm64 /Users/lekiaprosper/Library/Developer/Xcode/DerivedData/App-bmeqrztakkzxpkcqfdhhsyyyzbjg/Build/Intermediates.noindex/ArchiveIntermediates/App/IntermediateBuildFilesPath/Pods.build/Release-iphoneos/CapacitorSplashScreen.build/Objects-normal/arm64/CapacitorSplashScreen-Swift.h -o /Users/lekiaprosper/Library/Developer/Xcode/DerivedData/App-bmeqrztakkzxpkcqfdhhsyyyzbjg/Build/Intermediates.noindex/ArchiveIntermediates/App/IntermediateBuildFilesPath/UninstalledProducts/iphoneos/CapacitorSplashScreen.framework/Headers/CapacitorSplashScreen-Swift.h

Copy /Users/lekiaprosper/Library/Developer/Xcode/DerivedData/App-bmeqrztakkzxpkcqfdhhsyyyzbjg/Build/Intermediates.noindex/ArchiveIntermediates/App/IntermediateBuildFilesPath/UninstalledProducts/iphoneos/CapacitorSplashScreen.framework/Modules/CapacitorSplashScreen.swiftmodule/arm64-apple-ios.swiftdoc /Users/lekiaprosper/Library/Developer/Xcode/DerivedData/App-bmeqrztakkzxpkcqfdhhsyyyzbjg/Build/Intermediates.noindex/ArchiveIntermediates/App/IntermediateBuildFilesPath/Pods.build/Release-iphoneos/CapacitorSplashScreen.build/Objects-normal/arm64/CapacitorSplashScreen.swiftdoc (in target 'CapacitorSplashScreen' from project 'Pods')
    cd /Users/lekiaprosper/Documents/Dev/Connectize/Connectize-Frontend/ios/App/Pods
    builtin-copy -exclude .DS_Store -exclude CVS -exclude .svn -exclude .git -exclude .hg -resolve-src-symlinks -rename /Users/lekiaprosper/Library/Developer/Xcode/DerivedData/App-bmeqrztakkzxpkcqfdhhsyyyzbjg/Build/Intermediates.noindex/ArchiveIntermediates/App/IntermediateBuildFilesPath/Pods.build/Release-iphoneos/CapacitorSplashScreen.build/Objects-normal/arm64/CapacitorSplashScreen.swiftdoc /Users/lekiaprosper/Library/Developer/Xcode/DerivedData/App-bmeqrztakkzxpkcqfdhhsyyyzbjg/Build/Intermediates.noindex/ArchiveIntermediates/App/IntermediateBuildFilesPath/UninstalledProducts/iphoneos/CapacitorSplashScreen.framework/Modules/CapacitorSplashScreen.swiftmodule/arm64-apple-ios.swiftdoc

Copy /Users/lekiaprosper/Library/Developer/Xcode/DerivedData/App-bmeqrztakkzxpkcqfdhhsyyyzbjg/Build/Intermediates.noindex/ArchiveIntermediates/App/IntermediateBuildFilesPath/UninstalledProducts/iphoneos/CapacitorSplashScreen.framework/Modules/CapacitorSplashScreen.swiftmodule/arm64-apple-ios.abi.json /Users/lekiaprosper/Library/Developer/Xcode/DerivedData/App-bmeqrztakkzxpkcqfdhhsyyyzbjg/Build/Intermediates.noindex/ArchiveIntermediates/App/IntermediateBuildFilesPath/Pods.build/Release-iphoneos/CapacitorSplashScreen.build/Objects-normal/arm64/CapacitorSplashScreen.abi.json (in target 'CapacitorSplashScreen' from project 'Pods')
    cd /Users/lekiaprosper/Documents/Dev/Connectize/Connectize-Frontend/ios/App/Pods
    builtin-copy -exclude .DS_Store -exclude CVS -exclude .svn -exclude .git -exclude .hg -resolve-src-symlinks -rename /Users/lekiaprosper/Library/Developer/Xcode/DerivedData/App-bmeqrztakkzxpkcqfdhhsyyyzbjg/Build/Intermediates.noindex/ArchiveIntermediates/App/IntermediateBuildFilesPath/Pods.build/Release-iphoneos/CapacitorSplashScreen.build/Objects-normal/arm64/CapacitorSplashScreen.abi.json /Users/lekiaprosper/Library/Developer/Xcode/DerivedData/App-bmeqrztakkzxpkcqfdhhsyyyzbjg/Build/Intermediates.noindex/ArchiveIntermediates/App/IntermediateBuildFilesPath/UninstalledProducts/iphoneos/CapacitorSplashScreen.framework/Modules/CapacitorSplashScreen.swiftmodule/arm64-apple-ios.abi.json

Copy /Users/lekiaprosper/Library/Developer/Xcode/DerivedData/App-bmeqrztakkzxpkcqfdhhsyyyzbjg/Build/Intermediates.noindex/ArchiveIntermediates/App/IntermediateBuildFilesPath/UninstalledProducts/iphoneos/CapacitorSplashScreen.framework/Modules/CapacitorSplashScreen.swiftmodule/arm64-apple-ios.swiftmodule /Users/lekiaprosper/Library/Developer/Xcode/DerivedData/App-bmeqrztakkzxpkcqfdhhsyyyzbjg/Build/Intermediates.noindex/ArchiveIntermediates/App/IntermediateBuildFilesPath/Pods.build/Release-iphoneos/CapacitorSplashScreen.build/Objects-normal/arm64/CapacitorSplashScreen.swiftmodule (in target 'CapacitorSplashScreen' from project 'Pods')
    cd /Users/lekiaprosper/Documents/Dev/Connectize/Connectize-Frontend/ios/App/Pods
    builtin-copy -exclude .DS_Store -exclude CVS -exclude .svn -exclude .git -exclude .hg -resolve-src-symlinks -rename /Users/lekiaprosper/Library/Developer/Xcode/DerivedData/App-bmeqrztakkzxpkcqfdhhsyyyzbjg/Build/Intermediates.noindex/ArchiveIntermediates/App/IntermediateBuildFilesPath/Pods.build/Release-iphoneos/CapacitorSplashScreen.build/Objects-normal/arm64/CapacitorSplashScreen.swiftmodule /Users/lekiaprosper/Library/Developer/Xcode/DerivedData/App-bmeqrztakkzxpkcqfdhhsyyyzbjg/Build/Intermediates.noindex/ArchiveIntermediates/App/IntermediateBuildFilesPath/UninstalledProducts/iphoneos/CapacitorSplashScreen.framework/Modules/CapacitorSplashScreen.swiftmodule/arm64-apple-ios.swiftmodule

ScanDependencies /Users/lekiaprosper/Library/Developer/Xcode/DerivedData/App-bmeqrztakkzxpkcqfdhhsyyyzbjg/Build/Intermediates.noindex/ArchiveIntermediates/App/IntermediateBuildFilesPath/Pods.build/Release-iphoneos/CapacitorSplashScreen.build/Objects-normal/arm64/CapacitorSplashScreen_vers.o /Users/lekiaprosper/Library/Developer/Xcode/DerivedData/App-bmeqrztakkzxpkcqfdhhsyyyzbjg/Build/Intermediates.noindex/ArchiveIntermediates/App/IntermediateBuildFilesPath/Pods.build/Release-iphoneos/CapacitorSplashScreen.build/DerivedSources/CapacitorSplashScreen_vers.c normal arm64 c com.apple.compilers.llvm.clang.1_0.compiler (in target 'CapacitorSplashScreen' from project 'Pods')
    cd /Users/lekiaprosper/Documents/Dev/Connectize/Connectize-Frontend/ios/App/Pods
    
    Using response file: /Users/lekiaprosper/Library/Developer/Xcode/DerivedData/App-bmeqrztakkzxpkcqfdhhsyyyzbjg/Build/Intermediates.noindex/ArchiveIntermediates/App/IntermediateBuildFilesPath/Pods.build/Release-iphoneos/CapacitorSplashScreen.build/Objects-normal/arm64/7187679823f38a2a940e0043cdf9d637-common-args.resp
    
    builtin-ScanDependencies -o /Users/lekiaprosper/Library/Developer/Xcode/DerivedData/App-bmeqrztakkzxpkcqfdhhsyyyzbjg/Build/Intermediates.noindex/ArchiveIntermediates/App/IntermediateBuildFilesPath/Pods.build/Release-iphoneos/CapacitorSplashScreen.build/Objects-normal/arm64/CapacitorSplashScreen_vers.o.scan -- /Applications/Xcode.app/Contents/Developer/Toolchains/XcodeDefault.xctoolchain/usr/bin/clang -x c -ivfsstatcache /Users/lekiaprosper/Library/Developer/Xcode/DerivedData/SDKStatCaches.noindex/iphoneos26.0-23A339-81ce72e5b06c9602b9d30b56f2eed08a.sdkstatcache -fmessage-length\=0 -fdiagnostics-show-note-include-stack -fmacro-backtrace-limit\=0 -fno-color-diagnostics -fmodules-prune-interval\=86400 -fmodules-prune-after\=345600 -fbuild-session-file\=/Users/lekiaprosper/Library/Developer/Xcode/DerivedData/ModuleCache.noindex/Session.modulevalidation -fmodules-validate-once-per-build-session -Wnon-modular-include-in-framework-module -Werror\=non-modular-include-in-framework-module -Wno-trigraphs -Wno-missing-field-initializers -Wno-missing-prototypes -Werror\=return-type -Wdocumentation -Wunreachable-code -Werror\=deprecated-objc-isa-usage -Werror\=objc-root-class -Wno-missing-braces -Wparentheses -Wswitch -Wunused-function -Wno-unused-label -Wno-unused-parameter -Wunused-variable -Wunused-value -Wempty-body -Wuninitialized -Wconditional-uninitialized -Wno-unknown-pragmas -Wno-shadow -Wno-four-char-constants -Wno-conversion -Wconstant-conversion -Wint-conversion -Wbool-conversion -Wenum-conversion -Wno-float-conversion -Wnon-literal-null-conversion -Wobjc-literal-conversion -Wshorten-64-to-32 -Wpointer-sign -Wno-newline-eof -Wno-implicit-fallthrough -fstrict-aliasing -Wdeprecated-declarations -Wno-sign-conversion -Winfinite-recursion -Wcomma -Wblock-capture-autoreleasing -Wstrict-prototypes -Wno-semicolon-before-method-body -Wunguarded-availability @/Users/lekiaprosper/Library/Developer/Xcode/DerivedData/App-bmeqrztakkzxpkcqfdhhsyyyzbjg/Build/Intermediates.noindex/ArchiveIntermediates/App/IntermediateBuildFilesPath/Pods.build/Release-iphoneos/CapacitorSplashScreen.build/Objects-normal/arm64/7187679823f38a2a940e0043cdf9d637-common-args.resp -MMD -MT dependencies -MF /Users/lekiaprosper/Library/Developer/Xcode/DerivedData/App-bmeqrztakkzxpkcqfdhhsyyyzbjg/Build/Intermediates.noindex/ArchiveIntermediates/App/IntermediateBuildFilesPath/Pods.build/Release-iphoneos/CapacitorSplashScreen.build/Objects-normal/arm64/CapacitorSplashScreen_vers.d --serialize-diagnostics /Users/lekiaprosper/Library/Developer/Xcode/DerivedData/App-bmeqrztakkzxpkcqfdhhsyyyzbjg/Build/Intermediates.noindex/ArchiveIntermediates/App/IntermediateBuildFilesPath/Pods.build/Release-iphoneos/CapacitorSplashScreen.build/Objects-normal/arm64/CapacitorSplashScreen_vers.dia -c /Users/lekiaprosper/Library/Developer/Xcode/DerivedData/App-bmeqrztakkzxpkcqfdhhsyyyzbjg/Build/Intermediates.noindex/ArchiveIntermediates/App/IntermediateBuildFilesPath/Pods.build/Release-iphoneos/CapacitorSplashScreen.build/DerivedSources/CapacitorSplashScreen_vers.c -o /Users/lekiaprosper/Library/Developer/Xcode/DerivedData/App-bmeqrztakkzxpkcqfdhhsyyyzbjg/Build/Intermediates.noindex/ArchiveIntermediates/App/IntermediateBuildFilesPath/Pods.build/Release-iphoneos/CapacitorSplashScreen.build/Objects-normal/arm64/CapacitorSplashScreen_vers.o

ScanDependencies /Users/lekiaprosper/Library/Developer/Xcode/DerivedData/App-bmeqrztakkzxpkcqfdhhsyyyzbjg/Build/Intermediates.noindex/ArchiveIntermediates/App/IntermediateBuildFilesPath/Pods.build/Release-iphoneos/CapacitorSplashScreen.build/Objects-normal/arm64/CapacitorSplashScreen-dummy.o /Users/lekiaprosper/Documents/Dev/Connectize/Connectize-Frontend/ios/App/Pods/Target\ Support\ Files/CapacitorSplashScreen/CapacitorSplashScreen-dummy.m normal arm64 objective-c com.apple.compilers.llvm.clang.1_0.compiler (in target 'CapacitorSplashScreen' from project 'Pods')
    cd /Users/lekiaprosper/Documents/Dev/Connectize/Connectize-Frontend/ios/App/Pods
    
    Using response file: /Users/lekiaprosper/Library/Developer/Xcode/DerivedData/App-bmeqrztakkzxpkcqfdhhsyyyzbjg/Build/Intermediates.noindex/ArchiveIntermediates/App/IntermediateBuildFilesPath/Pods.build/Release-iphoneos/CapacitorSplashScreen.build/Objects-normal/arm64/e6072d4f65d7061329687fe24e3d63a7-common-args.resp
    
    builtin-ScanDependencies -o /Users/lekiaprosper/Library/Developer/Xcode/DerivedData/App-bmeqrztakkzxpkcqfdhhsyyyzbjg/Build/Intermediates.noindex/ArchiveIntermediates/App/IntermediateBuildFilesPath/Pods.build/Release-iphoneos/CapacitorSplashScreen.build/Objects-normal/arm64/CapacitorSplashScreen-dummy.o.scan -- /Applications/Xcode.app/Contents/Developer/Toolchains/XcodeDefault.xctoolchain/usr/bin/clang -x objective-c -ivfsstatcache /Users/lekiaprosper/Library/Developer/Xcode/DerivedData/SDKStatCaches.noindex/iphoneos26.0-23A339-81ce72e5b06c9602b9d30b56f2eed08a.sdkstatcache -fmessage-length\=0 -fdiagnostics-show-note-include-stack -fmacro-backtrace-limit\=0 -fno-color-diagnostics -fmodules-prune-interval\=86400 -fmodules-prune-after\=345600 -fbuild-session-file\=/Users/lekiaprosper/Library/Developer/Xcode/DerivedData/ModuleCache.noindex/Session.modulevalidation -fmodules-validate-once-per-build-session -Wnon-modular-include-in-framework-module -Werror\=non-modular-include-in-framework-module -Wno-trigraphs -Wno-missing-field-initializers -Wno-missing-prototypes -Werror\=return-type -Wdocumentation -Wunreachable-code -Wno-implicit-atomic-properties -Werror\=deprecated-objc-isa-usage -Wno-objc-interface-ivars -Werror\=objc-root-class -Wno-arc-repeated-use-of-weak -Wimplicit-retain-self -Wduplicate-method-match -Wno-missing-braces -Wparentheses -Wswitch -Wunused-function -Wno-unused-label -Wno-unused-parameter -Wunused-variable -Wunused-value -Wempty-body -Wuninitialized -Wconditional-uninitialized -Wno-unknown-pragmas -Wno-shadow -Wno-four-char-constants -Wno-conversion -Wconstant-conversion -Wint-conversion -Wbool-conversion -Wenum-conversion -Wno-float-conversion -Wnon-literal-null-conversion -Wobjc-literal-conversion -Wshorten-64-to-32 -Wpointer-sign -Wno-newline-eof -Wno-selector -Wno-strict-selector-match -Wundeclared-selector -Wdeprecated-implementations -Wno-implicit-fallthrough -fstrict-aliasing -Wprotocol -Wdeprecated-declarations -Wno-sign-conversion -Winfinite-recursion -Wcomma -Wblock-capture-autoreleasing -Wstrict-prototypes -Wno-semicolon-before-method-body -Wunguarded-availability @/Users/lekiaprosper/Library/Developer/Xcode/DerivedData/App-bmeqrztakkzxpkcqfdhhsyyyzbjg/Build/Intermediates.noindex/ArchiveIntermediates/App/IntermediateBuildFilesPath/Pods.build/Release-iphoneos/CapacitorSplashScreen.build/Objects-normal/arm64/e6072d4f65d7061329687fe24e3d63a7-common-args.resp -include /Users/lekiaprosper/Documents/Dev/Connectize/Connectize-Frontend/ios/App/Pods/Target\ Support\ Files/CapacitorSplashScreen/CapacitorSplashScreen-prefix.pch -MMD -MT dependencies -MF /Users/lekiaprosper/Library/Developer/Xcode/DerivedData/App-bmeqrztakkzxpkcqfdhhsyyyzbjg/Build/Intermediates.noindex/ArchiveIntermediates/App/IntermediateBuildFilesPath/Pods.build/Release-iphoneos/CapacitorSplashScreen.build/Objects-normal/arm64/CapacitorSplashScreen-dummy.d --serialize-diagnostics /Users/lekiaprosper/Library/Developer/Xcode/DerivedData/App-bmeqrztakkzxpkcqfdhhsyyyzbjg/Build/Intermediates.noindex/ArchiveIntermediates/App/IntermediateBuildFilesPath/Pods.build/Release-iphoneos/CapacitorSplashScreen.build/Objects-normal/arm64/CapacitorSplashScreen-dummy.dia -c /Users/lekiaprosper/Documents/Dev/Connectize/Connectize-Frontend/ios/App/Pods/Target\ Support\ Files/CapacitorSplashScreen/CapacitorSplashScreen-dummy.m -o /Users/lekiaprosper/Library/Developer/Xcode/DerivedData/App-bmeqrztakkzxpkcqfdhhsyyyzbjg/Build/Intermediates.noindex/ArchiveIntermediates/App/IntermediateBuildFilesPath/Pods.build/Release-iphoneos/CapacitorSplashScreen.build/Objects-normal/arm64/CapacitorSplashScreen-dummy.o

CompileC /Users/lekiaprosper/Library/Developer/Xcode/DerivedData/App-bmeqrztakkzxpkcqfdhhsyyyzbjg/Build/Intermediates.noindex/ArchiveIntermediates/App/IntermediateBuildFilesPath/Pods.build/Release-iphoneos/CapacitorSplashScreen.build/Objects-normal/arm64/CapacitorSplashScreen_vers.o /Users/lekiaprosper/Library/Developer/Xcode/DerivedData/App-bmeqrztakkzxpkcqfdhhsyyyzbjg/Build/Intermediates.noindex/ArchiveIntermediates/App/IntermediateBuildFilesPath/Pods.build/Release-iphoneos/CapacitorSplashScreen.build/DerivedSources/CapacitorSplashScreen_vers.c normal arm64 c com.apple.compilers.llvm.clang.1_0.compiler (in target 'CapacitorSplashScreen' from project 'Pods')
    cd /Users/lekiaprosper/Documents/Dev/Connectize/Connectize-Frontend/ios/App/Pods
    
    Using response file: /Users/lekiaprosper/Library/Developer/Xcode/DerivedData/App-bmeqrztakkzxpkcqfdhhsyyyzbjg/Build/Intermediates.noindex/ArchiveIntermediates/App/IntermediateBuildFilesPath/Pods.build/Release-iphoneos/CapacitorSplashScreen.build/Objects-normal/arm64/7187679823f38a2a940e0043cdf9d637-common-args.resp
    
    /Applications/Xcode.app/Contents/Developer/Toolchains/XcodeDefault.xctoolchain/usr/bin/clang -x c -ivfsstatcache /Users/lekiaprosper/Library/Developer/Xcode/DerivedData/SDKStatCaches.noindex/iphoneos26.0-23A339-81ce72e5b06c9602b9d30b56f2eed08a.sdkstatcache -fmessage-length\=0 -fdiagnostics-show-note-include-stack -fmacro-backtrace-limit\=0 -fno-color-diagnostics -fmodules-prune-interval\=86400 -fmodules-prune-after\=345600 -fbuild-session-file\=/Users/lekiaprosper/Library/Developer/Xcode/DerivedData/ModuleCache.noindex/Session.modulevalidation -fmodules-validate-once-per-build-session -Wnon-modular-include-in-framework-module -Werror\=non-modular-include-in-framework-module -Wno-trigraphs -Wno-missing-field-initializers -Wno-missing-prototypes -Werror\=return-type -Wdocumentation -Wunreachable-code -Werror\=deprecated-objc-isa-usage -Werror\=objc-root-class -Wno-missing-braces -Wparentheses -Wswitch -Wunused-function -Wno-unused-label -Wno-unused-parameter -Wunused-variable -Wunused-value -Wempty-body -Wuninitialized -Wconditional-uninitialized -Wno-unknown-pragmas -Wno-shadow -Wno-four-char-constants -Wno-conversion -Wconstant-conversion -Wint-conversion -Wbool-conversion -Wenum-conversion -Wno-float-conversion -Wnon-literal-null-conversion -Wobjc-literal-conversion -Wshorten-64-to-32 -Wpointer-sign -Wno-newline-eof -Wno-implicit-fallthrough -fstrict-aliasing -Wdeprecated-declarations -Wno-sign-conversion -Winfinite-recursion -Wcomma -Wblock-capture-autoreleasing -Wstrict-prototypes -Wno-semicolon-before-method-body -Wunguarded-availability @/Users/lekiaprosper/Library/Developer/Xcode/DerivedData/App-bmeqrztakkzxpkcqfdhhsyyyzbjg/Build/Intermediates.noindex/ArchiveIntermediates/App/IntermediateBuildFilesPath/Pods.build/Release-iphoneos/CapacitorSplashScreen.build/Objects-normal/arm64/7187679823f38a2a940e0043cdf9d637-common-args.resp -MMD -MT dependencies -MF /Users/lekiaprosper/Library/Developer/Xcode/DerivedData/App-bmeqrztakkzxpkcqfdhhsyyyzbjg/Build/Intermediates.noindex/ArchiveIntermediates/App/IntermediateBuildFilesPath/Pods.build/Release-iphoneos/CapacitorSplashScreen.build/Objects-normal/arm64/CapacitorSplashScreen_vers.d --serialize-diagnostics /Users/lekiaprosper/Library/Developer/Xcode/DerivedData/App-bmeqrztakkzxpkcqfdhhsyyyzbjg/Build/Intermediates.noindex/ArchiveIntermediates/App/IntermediateBuildFilesPath/Pods.build/Release-iphoneos/CapacitorSplashScreen.build/Objects-normal/arm64/CapacitorSplashScreen_vers.dia -c /Users/lekiaprosper/Library/Developer/Xcode/DerivedData/App-bmeqrztakkzxpkcqfdhhsyyyzbjg/Build/Intermediates.noindex/ArchiveIntermediates/App/IntermediateBuildFilesPath/Pods.build/Release-iphoneos/CapacitorSplashScreen.build/DerivedSources/CapacitorSplashScreen_vers.c -o /Users/lekiaprosper/Library/Developer/Xcode/DerivedData/App-bmeqrztakkzxpkcqfdhhsyyyzbjg/Build/Intermediates.noindex/ArchiveIntermediates/App/IntermediateBuildFilesPath/Pods.build/Release-iphoneos/CapacitorSplashScreen.build/Objects-normal/arm64/CapacitorSplashScreen_vers.o

SwiftDriverJobDiscovery normal arm64 Compiling CAPBridgeViewController.swift, CAPNotifications.swift, StatusBar.swift, StatusBarConfig.swift, StatusBarInfo.swift, StatusBarPlugin.swift, UIColor.swift (in target 'CapacitorStatusBar' from project 'Pods')

SwiftDriver\ Compilation\ Requirements CapacitorStatusBar normal arm64 com.apple.xcode.tools.swift.compiler (in target 'CapacitorStatusBar' from project 'Pods')
    cd /Users/lekiaprosper/Documents/Dev/Connectize/Connectize-Frontend/ios/App/Pods
    builtin-Swift-Compilation-Requirements -- /Applications/Xcode.app/Contents/Developer/Toolchains/XcodeDefault.xctoolchain/usr/bin/swiftc -disable-bridging-pch -module-name CapacitorStatusBar -Onone -whole-module-optimization -enforce-exclusivity\=checked @/Users/lekiaprosper/Library/Developer/Xcode/DerivedData/App-bmeqrztakkzxpkcqfdhhsyyyzbjg/Build/Intermediates.noindex/ArchiveIntermediates/App/IntermediateBuildFilesPath/Pods.build/Release-iphoneos/CapacitorStatusBar.build/Objects-normal/arm64/CapacitorStatusBar.SwiftFileList -D COCOAPODS -enable-bare-slash-regex -enable-experimental-feature DebugDescriptionMacro -sdk /Applications/Xcode.app/Contents/Developer/Platforms/iPhoneOS.platform/Developer/SDKs/iPhoneOS26.0.sdk -target arm64-apple-ios14.0 -g -module-cache-path /Users/lekiaprosper/Library/Developer/Xcode/DerivedData/ModuleCache.noindex -Xfrontend -serialize-debugging-options -suppress-warnings -swift-version 5 -I /Users/lekiaprosper/Library/Developer/Xcode/DerivedData/App-bmeqrztakkzxpkcqfdhhsyyyzbjg/Build/Intermediates.noindex/ArchiveIntermediates/App/BuildProductsPath/Release-iphoneos/CapacitorStatusBar -F /Users/lekiaprosper/Library/Developer/Xcode/DerivedData/App-bmeqrztakkzxpkcqfdhhsyyyzbjg/Build/Intermediates.noindex/ArchiveIntermediates/App/BuildProductsPath/Release-iphoneos/CapacitorStatusBar -F /Users/lekiaprosper/Library/Developer/Xcode/DerivedData/App-bmeqrztakkzxpkcqfdhhsyyyzbjg/Build/Intermediates.noindex/ArchiveIntermediates/App/BuildProductsPath/Release-iphoneos/Capacitor -F /Users/lekiaprosper/Library/Developer/Xcode/DerivedData/App-bmeqrztakkzxpkcqfdhhsyyyzbjg/Build/Intermediates.noindex/ArchiveIntermediates/App/BuildProductsPath/Release-iphoneos/CapacitorCordova -c -num-threads 10 -Xcc -ivfsstatcache -Xcc /Users/lekiaprosper/Library/Developer/Xcode/DerivedData/SDKStatCaches.noindex/iphoneos26.0-23A339-81ce72e5b06c9602b9d30b56f2eed08a.sdkstatcache -output-file-map /Users/lekiaprosper/Library/Developer/Xcode/DerivedData/App-bmeqrztakkzxpkcqfdhhsyyyzbjg/Build/Intermediates.noindex/ArchiveIntermediates/App/IntermediateBuildFilesPath/Pods.build/Release-iphoneos/CapacitorStatusBar.build/Objects-normal/arm64/CapacitorStatusBar-OutputFileMap.json -use-frontend-parseable-output -save-temps -no-color-diagnostics -explicit-module-build -module-cache-path /Users/lekiaprosper/Library/Developer/Xcode/DerivedData/App-bmeqrztakkzxpkcqfdhhsyyyzbjg/Build/Intermediates.noindex/ArchiveIntermediates/App/IntermediateBuildFilesPath/SwiftExplicitPrecompiledModules -clang-scanner-module-cache-path /Users/lekiaprosper/Library/Developer/Xcode/DerivedData/ModuleCache.noindex -sdk-module-cache-path /Users/lekiaprosper/Library/Developer/Xcode/DerivedData/ModuleCache.noindex -serialize-diagnostics -emit-dependencies -emit-module -emit-module-path /Users/lekiaprosper/Library/Developer/Xcode/DerivedData/App-bmeqrztakkzxpkcqfdhhsyyyzbjg/Build/Intermediates.noindex/ArchiveIntermediates/App/IntermediateBuildFilesPath/Pods.build/Release-iphoneos/CapacitorStatusBar.build/Objects-normal/arm64/CapacitorStatusBar.swiftmodule -validate-clang-modules-once -clang-build-session-file /Users/lekiaprosper/Library/Developer/Xcode/DerivedData/ModuleCache.noindex/Session.modulevalidation -Xcc -I/Users/lekiaprosper/Library/Developer/Xcode/DerivedData/App-bmeqrztakkzxpkcqfdhhsyyyzbjg/Build/Intermediates.noindex/ArchiveIntermediates/App/IntermediateBuildFilesPath/Pods.build/Release-iphoneos/CapacitorStatusBar.build/swift-overrides.hmap -emit-const-values -Xfrontend -const-gather-protocols-file -Xfrontend /Users/lekiaprosper/Library/Developer/Xcode/DerivedData/App-bmeqrztakkzxpkcqfdhhsyyyzbjg/Build/Intermediates.noindex/ArchiveIntermediates/App/IntermediateBuildFilesPath/Pods.build/Release-iphoneos/CapacitorStatusBar.build/Objects-normal/arm64/CapacitorStatusBar_const_extract_protocols.json -Xcc -iquote -Xcc /Users/lekiaprosper/Library/Developer/Xcode/DerivedData/App-bmeqrztakkzxpkcqfdhhsyyyzbjg/Build/Intermediates.noindex/ArchiveIntermediates/App/IntermediateBuildFilesPath/Pods.build/Release-iphoneos/CapacitorStatusBar.build/CapacitorStatusBar-generated-files.hmap -Xcc -I/Users/lekiaprosper/Library/Developer/Xcode/DerivedData/App-bmeqrztakkzxpkcqfdhhsyyyzbjg/Build/Intermediates.noindex/ArchiveIntermediates/App/IntermediateBuildFilesPath/Pods.build/Release-iphoneos/CapacitorStatusBar.build/CapacitorStatusBar-own-target-headers.hmap -Xcc -I/Users/lekiaprosper/Library/Developer/Xcode/DerivedData/App-bmeqrztakkzxpkcqfdhhsyyyzbjg/Build/Intermediates.noindex/ArchiveIntermediates/App/IntermediateBuildFilesPath/Pods.build/Release-iphoneos/CapacitorStatusBar.build/CapacitorStatusBar-all-non-framework-target-headers.hmap -Xcc -ivfsoverlay -Xcc /Users/lekiaprosper/Library/Developer/Xcode/DerivedData/App-bmeqrztakkzxpkcqfdhhsyyyzbjg/Build/Intermediates.noindex/ArchiveIntermediates/App/IntermediateBuildFilesPath/Pods.build/Release-iphoneos/Pods-8699adb1dd336b26511df848a716bd42-VFS-iphoneos/all-product-headers.yaml -Xcc -iquote -Xcc /Users/lekiaprosper/Library/Developer/Xcode/DerivedData/App-bmeqrztakkzxpkcqfdhhsyyyzbjg/Build/Intermediates.noindex/ArchiveIntermediates/App/IntermediateBuildFilesPath/Pods.build/Release-iphoneos/CapacitorStatusBar.build/CapacitorStatusBar-project-headers.hmap -Xcc -I/Users/lekiaprosper/Library/Developer/Xcode/DerivedData/App-bmeqrztakkzxpkcqfdhhsyyyzbjg/Build/Intermediates.noindex/ArchiveIntermediates/App/BuildProductsPath/Release-iphoneos/CapacitorStatusBar/include -Xcc -I/Users/lekiaprosper/Library/Developer/Xcode/DerivedData/App-bmeqrztakkzxpkcqfdhhsyyyzbjg/Build/Intermediates.noindex/ArchiveIntermediates/App/IntermediateBuildFilesPath/Pods.build/Release-iphoneos/CapacitorStatusBar.build/DerivedSources-normal/arm64 -Xcc -I/Users/lekiaprosper/Library/Developer/Xcode/DerivedData/App-bmeqrztakkzxpkcqfdhhsyyyzbjg/Build/Intermediates.noindex/ArchiveIntermediates/App/IntermediateBuildFilesPath/Pods.build/Release-iphoneos/CapacitorStatusBar.build/DerivedSources/arm64 -Xcc -I/Users/lekiaprosper/Library/Developer/Xcode/DerivedData/App-bmeqrztakkzxpkcqfdhhsyyyzbjg/Build/Intermediates.noindex/ArchiveIntermediates/App/IntermediateBuildFilesPath/Pods.build/Release-iphoneos/CapacitorStatusBar.build/DerivedSources -Xcc -DPOD_CONFIGURATION_RELEASE\=1 -Xcc -DCOCOAPODS\=1 -emit-objc-header -emit-objc-header-path /Users/lekiaprosper/Library/Developer/Xcode/DerivedData/App-bmeqrztakkzxpkcqfdhhsyyyzbjg/Build/Intermediates.noindex/ArchiveIntermediates/App/IntermediateBuildFilesPath/Pods.build/Release-iphoneos/CapacitorStatusBar.build/Objects-normal/arm64/CapacitorStatusBar-Swift.h -import-underlying-module -Xcc -ivfsoverlay -Xcc /Users/lekiaprosper/Library/Developer/Xcode/DerivedData/App-bmeqrztakkzxpkcqfdhhsyyyzbjg/Build/Intermediates.noindex/ArchiveIntermediates/App/IntermediateBuildFilesPath/Pods.build/Release-iphoneos/CapacitorStatusBar.build/unextended-module-overlay.yaml -working-directory /Users/lekiaprosper/Documents/Dev/Connectize/Connectize-Frontend/ios/App/Pods -no-emit-module-separately-wmo

SwiftMergeGeneratedHeaders /Users/lekiaprosper/Library/Developer/Xcode/DerivedData/App-bmeqrztakkzxpkcqfdhhsyyyzbjg/Build/Intermediates.noindex/ArchiveIntermediates/App/IntermediateBuildFilesPath/UninstalledProducts/iphoneos/CapacitorStatusBar.framework/Headers/CapacitorStatusBar-Swift.h /Users/lekiaprosper/Library/Developer/Xcode/DerivedData/App-bmeqrztakkzxpkcqfdhhsyyyzbjg/Build/Intermediates.noindex/ArchiveIntermediates/App/IntermediateBuildFilesPath/Pods.build/Release-iphoneos/CapacitorStatusBar.build/Objects-normal/arm64/CapacitorStatusBar-Swift.h (in target 'CapacitorStatusBar' from project 'Pods')
    cd /Users/lekiaprosper/Documents/Dev/Connectize/Connectize-Frontend/ios/App/Pods
    builtin-swiftHeaderTool -arch arm64 /Users/lekiaprosper/Library/Developer/Xcode/DerivedData/App-bmeqrztakkzxpkcqfdhhsyyyzbjg/Build/Intermediates.noindex/ArchiveIntermediates/App/IntermediateBuildFilesPath/Pods.build/Release-iphoneos/CapacitorStatusBar.build/Objects-normal/arm64/CapacitorStatusBar-Swift.h -o /Users/lekiaprosper/Library/Developer/Xcode/DerivedData/App-bmeqrztakkzxpkcqfdhhsyyyzbjg/Build/Intermediates.noindex/ArchiveIntermediates/App/IntermediateBuildFilesPath/UninstalledProducts/iphoneos/CapacitorStatusBar.framework/Headers/CapacitorStatusBar-Swift.h

Copy /Users/lekiaprosper/Library/Developer/Xcode/DerivedData/App-bmeqrztakkzxpkcqfdhhsyyyzbjg/Build/Intermediates.noindex/ArchiveIntermediates/App/IntermediateBuildFilesPath/UninstalledProducts/iphoneos/CapacitorStatusBar.framework/Modules/CapacitorStatusBar.swiftmodule/arm64-apple-ios.swiftdoc /Users/lekiaprosper/Library/Developer/Xcode/DerivedData/App-bmeqrztakkzxpkcqfdhhsyyyzbjg/Build/Intermediates.noindex/ArchiveIntermediates/App/IntermediateBuildFilesPath/Pods.build/Release-iphoneos/CapacitorStatusBar.build/Objects-normal/arm64/CapacitorStatusBar.swiftdoc (in target 'CapacitorStatusBar' from project 'Pods')
    cd /Users/lekiaprosper/Documents/Dev/Connectize/Connectize-Frontend/ios/App/Pods
    builtin-copy -exclude .DS_Store -exclude CVS -exclude .svn -exclude .git -exclude .hg -resolve-src-symlinks -rename /Users/lekiaprosper/Library/Developer/Xcode/DerivedData/App-bmeqrztakkzxpkcqfdhhsyyyzbjg/Build/Intermediates.noindex/ArchiveIntermediates/App/IntermediateBuildFilesPath/Pods.build/Release-iphoneos/CapacitorStatusBar.build/Objects-normal/arm64/CapacitorStatusBar.swiftdoc /Users/lekiaprosper/Library/Developer/Xcode/DerivedData/App-bmeqrztakkzxpkcqfdhhsyyyzbjg/Build/Intermediates.noindex/ArchiveIntermediates/App/IntermediateBuildFilesPath/UninstalledProducts/iphoneos/CapacitorStatusBar.framework/Modules/CapacitorStatusBar.swiftmodule/arm64-apple-ios.swiftdoc

Copy /Users/lekiaprosper/Library/Developer/Xcode/DerivedData/App-bmeqrztakkzxpkcqfdhhsyyyzbjg/Build/Intermediates.noindex/ArchiveIntermediates/App/IntermediateBuildFilesPath/UninstalledProducts/iphoneos/CapacitorStatusBar.framework/Modules/CapacitorStatusBar.swiftmodule/arm64-apple-ios.abi.json /Users/lekiaprosper/Library/Developer/Xcode/DerivedData/App-bmeqrztakkzxpkcqfdhhsyyyzbjg/Build/Intermediates.noindex/ArchiveIntermediates/App/IntermediateBuildFilesPath/Pods.build/Release-iphoneos/CapacitorStatusBar.build/Objects-normal/arm64/CapacitorStatusBar.abi.json (in target 'CapacitorStatusBar' from project 'Pods')
    cd /Users/lekiaprosper/Documents/Dev/Connectize/Connectize-Frontend/ios/App/Pods
    builtin-copy -exclude .DS_Store -exclude CVS -exclude .svn -exclude .git -exclude .hg -resolve-src-symlinks -rename /Users/lekiaprosper/Library/Developer/Xcode/DerivedData/App-bmeqrztakkzxpkcqfdhhsyyyzbjg/Build/Intermediates.noindex/ArchiveIntermediates/App/IntermediateBuildFilesPath/Pods.build/Release-iphoneos/CapacitorStatusBar.build/Objects-normal/arm64/CapacitorStatusBar.abi.json /Users/lekiaprosper/Library/Developer/Xcode/DerivedData/App-bmeqrztakkzxpkcqfdhhsyyyzbjg/Build/Intermediates.noindex/ArchiveIntermediates/App/IntermediateBuildFilesPath/UninstalledProducts/iphoneos/CapacitorStatusBar.framework/Modules/CapacitorStatusBar.swiftmodule/arm64-apple-ios.abi.json

Copy /Users/lekiaprosper/Library/Developer/Xcode/DerivedData/App-bmeqrztakkzxpkcqfdhhsyyyzbjg/Build/Intermediates.noindex/ArchiveIntermediates/App/IntermediateBuildFilesPath/UninstalledProducts/iphoneos/CapacitorStatusBar.framework/Modules/CapacitorStatusBar.swiftmodule/arm64-apple-ios.swiftmodule /Users/lekiaprosper/Library/Developer/Xcode/DerivedData/App-bmeqrztakkzxpkcqfdhhsyyyzbjg/Build/Intermediates.noindex/ArchiveIntermediates/App/IntermediateBuildFilesPath/Pods.build/Release-iphoneos/CapacitorStatusBar.build/Objects-normal/arm64/CapacitorStatusBar.swiftmodule (in target 'CapacitorStatusBar' from project 'Pods')
    cd /Users/lekiaprosper/Documents/Dev/Connectize/Connectize-Frontend/ios/App/Pods
    builtin-copy -exclude .DS_Store -exclude CVS -exclude .svn -exclude .git -exclude .hg -resolve-src-symlinks -rename /Users/lekiaprosper/Library/Developer/Xcode/DerivedData/App-bmeqrztakkzxpkcqfdhhsyyyzbjg/Build/Intermediates.noindex/ArchiveIntermediates/App/IntermediateBuildFilesPath/Pods.build/Release-iphoneos/CapacitorStatusBar.build/Objects-normal/arm64/CapacitorStatusBar.swiftmodule /Users/lekiaprosper/Library/Developer/Xcode/DerivedData/App-bmeqrztakkzxpkcqfdhhsyyyzbjg/Build/Intermediates.noindex/ArchiveIntermediates/App/IntermediateBuildFilesPath/UninstalledProducts/iphoneos/CapacitorStatusBar.framework/Modules/CapacitorStatusBar.swiftmodule/arm64-apple-ios.swiftmodule

ScanDependencies /Users/lekiaprosper/Library/Developer/Xcode/DerivedData/App-bmeqrztakkzxpkcqfdhhsyyyzbjg/Build/Intermediates.noindex/ArchiveIntermediates/App/IntermediateBuildFilesPath/Pods.build/Release-iphoneos/CapacitorStatusBar.build/Objects-normal/arm64/CapacitorStatusBar_vers.o /Users/lekiaprosper/Library/Developer/Xcode/DerivedData/App-bmeqrztakkzxpkcqfdhhsyyyzbjg/Build/Intermediates.noindex/ArchiveIntermediates/App/IntermediateBuildFilesPath/Pods.build/Release-iphoneos/CapacitorStatusBar.build/DerivedSources/CapacitorStatusBar_vers.c normal arm64 c com.apple.compilers.llvm.clang.1_0.compiler (in target 'CapacitorStatusBar' from project 'Pods')
    cd /Users/lekiaprosper/Documents/Dev/Connectize/Connectize-Frontend/ios/App/Pods
    
    Using response file: /Users/lekiaprosper/Library/Developer/Xcode/DerivedData/App-bmeqrztakkzxpkcqfdhhsyyyzbjg/Build/Intermediates.noindex/ArchiveIntermediates/App/IntermediateBuildFilesPath/Pods.build/Release-iphoneos/CapacitorStatusBar.build/Objects-normal/arm64/7187679823f38a2a940e0043cdf9d637-common-args.resp
    
    builtin-ScanDependencies -o /Users/lekiaprosper/Library/Developer/Xcode/DerivedData/App-bmeqrztakkzxpkcqfdhhsyyyzbjg/Build/Intermediates.noindex/ArchiveIntermediates/App/IntermediateBuildFilesPath/Pods.build/Release-iphoneos/CapacitorStatusBar.build/Objects-normal/arm64/CapacitorStatusBar_vers.o.scan -- /Applications/Xcode.app/Contents/Developer/Toolchains/XcodeDefault.xctoolchain/usr/bin/clang -x c -ivfsstatcache /Users/lekiaprosper/Library/Developer/Xcode/DerivedData/SDKStatCaches.noindex/iphoneos26.0-23A339-81ce72e5b06c9602b9d30b56f2eed08a.sdkstatcache -fmessage-length\=0 -fdiagnostics-show-note-include-stack -fmacro-backtrace-limit\=0 -fno-color-diagnostics -fmodules-prune-interval\=86400 -fmodules-prune-after\=345600 -fbuild-session-file\=/Users/lekiaprosper/Library/Developer/Xcode/DerivedData/ModuleCache.noindex/Session.modulevalidation -fmodules-validate-once-per-build-session -Wnon-modular-include-in-framework-module -Werror\=non-modular-include-in-framework-module -Wno-trigraphs -Wno-missing-field-initializers -Wno-missing-prototypes -Werror\=return-type -Wdocumentation -Wunreachable-code -Werror\=deprecated-objc-isa-usage -Werror\=objc-root-class -Wno-missing-braces -Wparentheses -Wswitch -Wunused-function -Wno-unused-label -Wno-unused-parameter -Wunused-variable -Wunused-value -Wempty-body -Wuninitialized -Wconditional-uninitialized -Wno-unknown-pragmas -Wno-shadow -Wno-four-char-constants -Wno-conversion -Wconstant-conversion -Wint-conversion -Wbool-conversion -Wenum-conversion -Wno-float-conversion -Wnon-literal-null-conversion -Wobjc-literal-conversion -Wshorten-64-to-32 -Wpointer-sign -Wno-newline-eof -Wno-implicit-fallthrough -fstrict-aliasing -Wdeprecated-declarations -Wno-sign-conversion -Winfinite-recursion -Wcomma -Wblock-capture-autoreleasing -Wstrict-prototypes -Wno-semicolon-before-method-body -Wunguarded-availability @/Users/lekiaprosper/Library/Developer/Xcode/DerivedData/App-bmeqrztakkzxpkcqfdhhsyyyzbjg/Build/Intermediates.noindex/ArchiveIntermediates/App/IntermediateBuildFilesPath/Pods.build/Release-iphoneos/CapacitorStatusBar.build/Objects-normal/arm64/7187679823f38a2a940e0043cdf9d637-common-args.resp -MMD -MT dependencies -MF /Users/lekiaprosper/Library/Developer/Xcode/DerivedData/App-bmeqrztakkzxpkcqfdhhsyyyzbjg/Build/Intermediates.noindex/ArchiveIntermediates/App/IntermediateBuildFilesPath/Pods.build/Release-iphoneos/CapacitorStatusBar.build/Objects-normal/arm64/CapacitorStatusBar_vers.d --serialize-diagnostics /Users/lekiaprosper/Library/Developer/Xcode/DerivedData/App-bmeqrztakkzxpkcqfdhhsyyyzbjg/Build/Intermediates.noindex/ArchiveIntermediates/App/IntermediateBuildFilesPath/Pods.build/Release-iphoneos/CapacitorStatusBar.build/Objects-normal/arm64/CapacitorStatusBar_vers.dia -c /Users/lekiaprosper/Library/Developer/Xcode/DerivedData/App-bmeqrztakkzxpkcqfdhhsyyyzbjg/Build/Intermediates.noindex/ArchiveIntermediates/App/IntermediateBuildFilesPath/Pods.build/Release-iphoneos/CapacitorStatusBar.build/DerivedSources/CapacitorStatusBar_vers.c -o /Users/lekiaprosper/Library/Developer/Xcode/DerivedData/App-bmeqrztakkzxpkcqfdhhsyyyzbjg/Build/Intermediates.noindex/ArchiveIntermediates/App/IntermediateBuildFilesPath/Pods.build/Release-iphoneos/CapacitorStatusBar.build/Objects-normal/arm64/CapacitorStatusBar_vers.o

ScanDependencies /Users/lekiaprosper/Library/Developer/Xcode/DerivedData/App-bmeqrztakkzxpkcqfdhhsyyyzbjg/Build/Intermediates.noindex/ArchiveIntermediates/App/IntermediateBuildFilesPath/Pods.build/Release-iphoneos/CapacitorStatusBar.build/Objects-normal/arm64/CapacitorStatusBar-dummy.o /Users/lekiaprosper/Documents/Dev/Connectize/Connectize-Frontend/ios/App/Pods/Target\ Support\ Files/CapacitorStatusBar/CapacitorStatusBar-dummy.m normal arm64 objective-c com.apple.compilers.llvm.clang.1_0.compiler (in target 'CapacitorStatusBar' from project 'Pods')
    cd /Users/lekiaprosper/Documents/Dev/Connectize/Connectize-Frontend/ios/App/Pods
    
    Using response file: /Users/lekiaprosper/Library/Developer/Xcode/DerivedData/App-bmeqrztakkzxpkcqfdhhsyyyzbjg/Build/Intermediates.noindex/ArchiveIntermediates/App/IntermediateBuildFilesPath/Pods.build/Release-iphoneos/CapacitorStatusBar.build/Objects-normal/arm64/e6072d4f65d7061329687fe24e3d63a7-common-args.resp
    
    builtin-ScanDependencies -o /Users/lekiaprosper/Library/Developer/Xcode/DerivedData/App-bmeqrztakkzxpkcqfdhhsyyyzbjg/Build/Intermediates.noindex/ArchiveIntermediates/App/IntermediateBuildFilesPath/Pods.build/Release-iphoneos/CapacitorStatusBar.build/Objects-normal/arm64/CapacitorStatusBar-dummy.o.scan -- /Applications/Xcode.app/Contents/Developer/Toolchains/XcodeDefault.xctoolchain/usr/bin/clang -x objective-c -ivfsstatcache /Users/lekiaprosper/Library/Developer/Xcode/DerivedData/SDKStatCaches.noindex/iphoneos26.0-23A339-81ce72e5b06c9602b9d30b56f2eed08a.sdkstatcache -fmessage-length\=0 -fdiagnostics-show-note-include-stack -fmacro-backtrace-limit\=0 -fno-color-diagnostics -fmodules-prune-interval\=86400 -fmodules-prune-after\=345600 -fbuild-session-file\=/Users/lekiaprosper/Library/Developer/Xcode/DerivedData/ModuleCache.noindex/Session.modulevalidation -fmodules-validate-once-per-build-session -Wnon-modular-include-in-framework-module -Werror\=non-modular-include-in-framework-module -Wno-trigraphs -Wno-missing-field-initializers -Wno-missing-prototypes -Werror\=return-type -Wdocumentation -Wunreachable-code -Wno-implicit-atomic-properties -Werror\=deprecated-objc-isa-usage -Wno-objc-interface-ivars -Werror\=objc-root-class -Wno-arc-repeated-use-of-weak -Wimplicit-retain-self -Wduplicate-method-match -Wno-missing-braces -Wparentheses -Wswitch -Wunused-function -Wno-unused-label -Wno-unused-parameter -Wunused-variable -Wunused-value -Wempty-body -Wuninitialized -Wconditional-uninitialized -Wno-unknown-pragmas -Wno-shadow -Wno-four-char-constants -Wno-conversion -Wconstant-conversion -Wint-conversion -Wbool-conversion -Wenum-conversion -Wno-float-conversion -Wnon-literal-null-conversion -Wobjc-literal-conversion -Wshorten-64-to-32 -Wpointer-sign -Wno-newline-eof -Wno-selector -Wno-strict-selector-match -Wundeclared-selector -Wdeprecated-implementations -Wno-implicit-fallthrough -fstrict-aliasing -Wprotocol -Wdeprecated-declarations -Wno-sign-conversion -Winfinite-recursion -Wcomma -Wblock-capture-autoreleasing -Wstrict-prototypes -Wno-semicolon-before-method-body -Wunguarded-availability @/Users/lekiaprosper/Library/Developer/Xcode/DerivedData/App-bmeqrztakkzxpkcqfdhhsyyyzbjg/Build/Intermediates.noindex/ArchiveIntermediates/App/IntermediateBuildFilesPath/Pods.build/Release-iphoneos/CapacitorStatusBar.build/Objects-normal/arm64/e6072d4f65d7061329687fe24e3d63a7-common-args.resp -include /Users/lekiaprosper/Documents/Dev/Connectize/Connectize-Frontend/ios/App/Pods/Target\ Support\ Files/CapacitorStatusBar/CapacitorStatusBar-prefix.pch -MMD -MT dependencies -MF /Users/lekiaprosper/Library/Developer/Xcode/DerivedData/App-bmeqrztakkzxpkcqfdhhsyyyzbjg/Build/Intermediates.noindex/ArchiveIntermediates/App/IntermediateBuildFilesPath/Pods.build/Release-iphoneos/CapacitorStatusBar.build/Objects-normal/arm64/CapacitorStatusBar-dummy.d --serialize-diagnostics /Users/lekiaprosper/Library/Developer/Xcode/DerivedData/App-bmeqrztakkzxpkcqfdhhsyyyzbjg/Build/Intermediates.noindex/ArchiveIntermediates/App/IntermediateBuildFilesPath/Pods.build/Release-iphoneos/CapacitorStatusBar.build/Objects-normal/arm64/CapacitorStatusBar-dummy.dia -c /Users/lekiaprosper/Documents/Dev/Connectize/Connectize-Frontend/ios/App/Pods/Target\ Support\ Files/CapacitorStatusBar/CapacitorStatusBar-dummy.m -o /Users/lekiaprosper/Library/Developer/Xcode/DerivedData/App-bmeqrztakkzxpkcqfdhhsyyyzbjg/Build/Intermediates.noindex/ArchiveIntermediates/App/IntermediateBuildFilesPath/Pods.build/Release-iphoneos/CapacitorStatusBar.build/Objects-normal/arm64/CapacitorStatusBar-dummy.o

ProcessProductPackaging /Users/lekiaprosper/Library/Developer/Xcode/UserData/Provisioning\ Profiles/baa0075b-ed19-4397-b695-7582e8ce8e94.mobileprovision /Users/lekiaprosper/Library/Developer/Xcode/DerivedData/App-bmeqrztakkzxpkcqfdhhsyyyzbjg/Build/Intermediates.noindex/ArchiveIntermediates/App/InstallationBuildProductsLocation/Applications/App.app/embedded.mobileprovision (in target 'App' from project 'App')
    cd /Users/lekiaprosper/Documents/Dev/Connectize/Connectize-Frontend/ios/App
    builtin-productPackagingUtility /Users/lekiaprosper/Library/Developer/Xcode/UserData/Provisioning\ Profiles/baa0075b-ed19-4397-b695-7582e8ce8e94.mobileprovision -o /Users/lekiaprosper/Library/Developer/Xcode/DerivedData/App-bmeqrztakkzxpkcqfdhhsyyyzbjg/Build/Intermediates.noindex/ArchiveIntermediates/App/InstallationBuildProductsLocation/Applications/App.app/embedded.mobileprovision

ProcessProductPackaging "" /Users/lekiaprosper/Library/Developer/Xcode/DerivedData/App-bmeqrztakkzxpkcqfdhhsyyyzbjg/Build/Intermediates.noindex/ArchiveIntermediates/App/IntermediateBuildFilesPath/App.build/Release-iphoneos/App.build/App.app.xcent (in target 'App' from project 'App')
    cd /Users/lekiaprosper/Documents/Dev/Connectize/Connectize-Frontend/ios/App
    
    Entitlements:
    
    {
    "application-identifier" = "82F89K6T59.co.connectize.app";
    "com.apple.developer.team-identifier" = 82F89K6T59;
    "get-task-allow" = 1;
}
    
    builtin-productPackagingUtility -entitlements -format xml -o /Users/lekiaprosper/Library/Developer/Xcode/DerivedData/App-bmeqrztakkzxpkcqfdhhsyyyzbjg/Build/Intermediates.noindex/ArchiveIntermediates/App/IntermediateBuildFilesPath/App.build/Release-iphoneos/App.build/App.app.xcent

CompileC /Users/lekiaprosper/Library/Developer/Xcode/DerivedData/App-bmeqrztakkzxpkcqfdhhsyyyzbjg/Build/Intermediates.noindex/ArchiveIntermediates/App/IntermediateBuildFilesPath/Pods.build/Release-iphoneos/CapacitorStatusBar.build/Objects-normal/arm64/CapacitorStatusBar_vers.o /Users/lekiaprosper/Library/Developer/Xcode/DerivedData/App-bmeqrztakkzxpkcqfdhhsyyyzbjg/Build/Intermediates.noindex/ArchiveIntermediates/App/IntermediateBuildFilesPath/Pods.build/Release-iphoneos/CapacitorStatusBar.build/DerivedSources/CapacitorStatusBar_vers.c normal arm64 c com.apple.compilers.llvm.clang.1_0.compiler (in target 'CapacitorStatusBar' from project 'Pods')
    cd /Users/lekiaprosper/Documents/Dev/Connectize/Connectize-Frontend/ios/App/Pods
    
    Using response file: /Users/lekiaprosper/Library/Developer/Xcode/DerivedData/App-bmeqrztakkzxpkcqfdhhsyyyzbjg/Build/Intermediates.noindex/ArchiveIntermediates/App/IntermediateBuildFilesPath/Pods.build/Release-iphoneos/CapacitorStatusBar.build/Objects-normal/arm64/7187679823f38a2a940e0043cdf9d637-common-args.resp
    
    /Applications/Xcode.app/Contents/Developer/Toolchains/XcodeDefault.xctoolchain/usr/bin/clang -x c -ivfsstatcache /Users/lekiaprosper/Library/Developer/Xcode/DerivedData/SDKStatCaches.noindex/iphoneos26.0-23A339-81ce72e5b06c9602b9d30b56f2eed08a.sdkstatcache -fmessage-length\=0 -fdiagnostics-show-note-include-stack -fmacro-backtrace-limit\=0 -fno-color-diagnostics -fmodules-prune-interval\=86400 -fmodules-prune-after\=345600 -fbuild-session-file\=/Users/lekiaprosper/Library/Developer/Xcode/DerivedData/ModuleCache.noindex/Session.modulevalidation -fmodules-validate-once-per-build-session -Wnon-modular-include-in-framework-module -Werror\=non-modular-include-in-framework-module -Wno-trigraphs -Wno-missing-field-initializers -Wno-missing-prototypes -Werror\=return-type -Wdocumentation -Wunreachable-code -Werror\=deprecated-objc-isa-usage -Werror\=objc-root-class -Wno-missing-braces -Wparentheses -Wswitch -Wunused-function -Wno-unused-label -Wno-unused-parameter -Wunused-variable -Wunused-value -Wempty-body -Wuninitialized -Wconditional-uninitialized -Wno-unknown-pragmas -Wno-shadow -Wno-four-char-constants -Wno-conversion -Wconstant-conversion -Wint-conversion -Wbool-conversion -Wenum-conversion -Wno-float-conversion -Wnon-literal-null-conversion -Wobjc-literal-conversion -Wshorten-64-to-32 -Wpointer-sign -Wno-newline-eof -Wno-implicit-fallthrough -fstrict-aliasing -Wdeprecated-declarations -Wno-sign-conversion -Winfinite-recursion -Wcomma -Wblock-capture-autoreleasing -Wstrict-prototypes -Wno-semicolon-before-method-body -Wunguarded-availability @/Users/lekiaprosper/Library/Developer/Xcode/DerivedData/App-bmeqrztakkzxpkcqfdhhsyyyzbjg/Build/Intermediates.noindex/ArchiveIntermediates/App/IntermediateBuildFilesPath/Pods.build/Release-iphoneos/CapacitorStatusBar.build/Objects-normal/arm64/7187679823f38a2a940e0043cdf9d637-common-args.resp -MMD -MT dependencies -MF /Users/lekiaprosper/Library/Developer/Xcode/DerivedData/App-bmeqrztakkzxpkcqfdhhsyyyzbjg/Build/Intermediates.noindex/ArchiveIntermediates/App/IntermediateBuildFilesPath/Pods.build/Release-iphoneos/CapacitorStatusBar.build/Objects-normal/arm64/CapacitorStatusBar_vers.d --serialize-diagnostics /Users/lekiaprosper/Library/Developer/Xcode/DerivedData/App-bmeqrztakkzxpkcqfdhhsyyyzbjg/Build/Intermediates.noindex/ArchiveIntermediates/App/IntermediateBuildFilesPath/Pods.build/Release-iphoneos/CapacitorStatusBar.build/Objects-normal/arm64/CapacitorStatusBar_vers.dia -c /Users/lekiaprosper/Library/Developer/Xcode/DerivedData/App-bmeqrztakkzxpkcqfdhhsyyyzbjg/Build/Intermediates.noindex/ArchiveIntermediates/App/IntermediateBuildFilesPath/Pods.build/Release-iphoneos/CapacitorStatusBar.build/DerivedSources/CapacitorStatusBar_vers.c -o /Users/lekiaprosper/Library/Developer/Xcode/DerivedData/App-bmeqrztakkzxpkcqfdhhsyyyzbjg/Build/Intermediates.noindex/ArchiveIntermediates/App/IntermediateBuildFilesPath/Pods.build/Release-iphoneos/CapacitorStatusBar.build/Objects-normal/arm64/CapacitorStatusBar_vers.o

ProcessProductPackagingDER /Users/lekiaprosper/Library/Developer/Xcode/DerivedData/App-bmeqrztakkzxpkcqfdhhsyyyzbjg/Build/Intermediates.noindex/ArchiveIntermediates/App/IntermediateBuildFilesPath/App.build/Release-iphoneos/App.build/App.app.xcent /Users/lekiaprosper/Library/Developer/Xcode/DerivedData/App-bmeqrztakkzxpkcqfdhhsyyyzbjg/Build/Intermediates.noindex/ArchiveIntermediates/App/IntermediateBuildFilesPath/App.build/Release-iphoneos/App.build/App.app.xcent.der (in target 'App' from project 'App')
    cd /Users/lekiaprosper/Documents/Dev/Connectize/Connectize-Frontend/ios/App
    /usr/bin/derq query -f xml -i /Users/lekiaprosper/Library/Developer/Xcode/DerivedData/App-bmeqrztakkzxpkcqfdhhsyyyzbjg/Build/Intermediates.noindex/ArchiveIntermediates/App/IntermediateBuildFilesPath/App.build/Release-iphoneos/App.build/App.app.xcent -o /Users/lekiaprosper/Library/Developer/Xcode/DerivedData/App-bmeqrztakkzxpkcqfdhhsyyyzbjg/Build/Intermediates.noindex/ArchiveIntermediates/App/IntermediateBuildFilesPath/App.build/Release-iphoneos/App.build/App.app.xcent.der --raw

ScanDependencies /Users/lekiaprosper/Library/Developer/Xcode/DerivedData/App-bmeqrztakkzxpkcqfdhhsyyyzbjg/Build/Intermediates.noindex/ArchiveIntermediates/App/IntermediateBuildFilesPath/Pods.build/Release-iphoneos/Pods-App.build/Objects-normal/arm64/Pods-App-dummy.o /Users/lekiaprosper/Documents/Dev/Connectize/Connectize-Frontend/ios/App/Pods/Target\ Support\ Files/Pods-App/Pods-App-dummy.m normal arm64 objective-c com.apple.compilers.llvm.clang.1_0.compiler (in target 'Pods-App' from project 'Pods')
    cd /Users/lekiaprosper/Documents/Dev/Connectize/Connectize-Frontend/ios/App/Pods
    
    Using response file: /Users/lekiaprosper/Library/Developer/Xcode/DerivedData/App-bmeqrztakkzxpkcqfdhhsyyyzbjg/Build/Intermediates.noindex/ArchiveIntermediates/App/IntermediateBuildFilesPath/Pods.build/Release-iphoneos/Pods-App.build/Objects-normal/arm64/e6072d4f65d7061329687fe24e3d63a7-common-args.resp
    
    builtin-ScanDependencies -o /Users/lekiaprosper/Library/Developer/Xcode/DerivedData/App-bmeqrztakkzxpkcqfdhhsyyyzbjg/Build/Intermediates.noindex/ArchiveIntermediates/App/IntermediateBuildFilesPath/Pods.build/Release-iphoneos/Pods-App.build/Objects-normal/arm64/Pods-App-dummy.o.scan -- /Applications/Xcode.app/Contents/Developer/Toolchains/XcodeDefault.xctoolchain/usr/bin/clang -x objective-c -ivfsstatcache /Users/lekiaprosper/Library/Developer/Xcode/DerivedData/SDKStatCaches.noindex/iphoneos26.0-23A339-81ce72e5b06c9602b9d30b56f2eed08a.sdkstatcache -fmessage-length\=0 -fdiagnostics-show-note-include-stack -fmacro-backtrace-limit\=0 -fno-color-diagnostics -fmodules-prune-interval\=86400 -fmodules-prune-after\=345600 -fbuild-session-file\=/Users/lekiaprosper/Library/Developer/Xcode/DerivedData/ModuleCache.noindex/Session.modulevalidation -fmodules-validate-once-per-build-session -Wnon-modular-include-in-framework-module -Werror\=non-modular-include-in-framework-module -Wno-trigraphs -Wno-missing-field-initializers -Wno-missing-prototypes -Werror\=return-type -Wdocumentation -Wunreachable-code -Wno-implicit-atomic-properties -Werror\=deprecated-objc-isa-usage -Wno-objc-interface-ivars -Werror\=objc-root-class -Wno-arc-repeated-use-of-weak -Wimplicit-retain-self -Wduplicate-method-match -Wno-missing-braces -Wparentheses -Wswitch -Wunused-function -Wno-unused-label -Wno-unused-parameter -Wunused-variable -Wunused-value -Wempty-body -Wuninitialized -Wconditional-uninitialized -Wno-unknown-pragmas -Wno-shadow -Wno-four-char-constants -Wno-conversion -Wconstant-conversion -Wint-conversion -Wbool-conversion -Wenum-conversion -Wno-float-conversion -Wnon-literal-null-conversion -Wobjc-literal-conversion -Wshorten-64-to-32 -Wpointer-sign -Wno-newline-eof -Wno-selector -Wno-strict-selector-match -Wundeclared-selector -Wdeprecated-implementations -Wno-implicit-fallthrough -fstrict-aliasing -Wprotocol -Wdeprecated-declarations -Wno-sign-conversion -Winfinite-recursion -Wcomma -Wblock-capture-autoreleasing -Wstrict-prototypes -Wno-semicolon-before-method-body -Wunguarded-availability @/Users/lekiaprosper/Library/Developer/Xcode/DerivedData/App-bmeqrztakkzxpkcqfdhhsyyyzbjg/Build/Intermediates.noindex/ArchiveIntermediates/App/IntermediateBuildFilesPath/Pods.build/Release-iphoneos/Pods-App.build/Objects-normal/arm64/e6072d4f65d7061329687fe24e3d63a7-common-args.resp -MMD -MT dependencies -MF /Users/lekiaprosper/Library/Developer/Xcode/DerivedData/App-bmeqrztakkzxpkcqfdhhsyyyzbjg/Build/Intermediates.noindex/ArchiveIntermediates/App/IntermediateBuildFilesPath/Pods.build/Release-iphoneos/Pods-App.build/Objects-normal/arm64/Pods-App-dummy.d --serialize-diagnostics /Users/lekiaprosper/Library/Developer/Xcode/DerivedData/App-bmeqrztakkzxpkcqfdhhsyyyzbjg/Build/Intermediates.noindex/ArchiveIntermediates/App/IntermediateBuildFilesPath/Pods.build/Release-iphoneos/Pods-App.build/Objects-normal/arm64/Pods-App-dummy.dia -c /Users/lekiaprosper/Documents/Dev/Connectize/Connectize-Frontend/ios/App/Pods/Target\ Support\ Files/Pods-App/Pods-App-dummy.m -o /Users/lekiaprosper/Library/Developer/Xcode/DerivedData/App-bmeqrztakkzxpkcqfdhhsyyyzbjg/Build/Intermediates.noindex/ArchiveIntermediates/App/IntermediateBuildFilesPath/Pods.build/Release-iphoneos/Pods-App.build/Objects-normal/arm64/Pods-App-dummy.o

ScanDependencies /Users/lekiaprosper/Library/Developer/Xcode/DerivedData/App-bmeqrztakkzxpkcqfdhhsyyyzbjg/Build/Intermediates.noindex/ArchiveIntermediates/App/IntermediateBuildFilesPath/Pods.build/Release-iphoneos/Pods-App.build/Objects-normal/arm64/Pods_App_vers.o /Users/lekiaprosper/Library/Developer/Xcode/DerivedData/App-bmeqrztakkzxpkcqfdhhsyyyzbjg/Build/Intermediates.noindex/ArchiveIntermediates/App/IntermediateBuildFilesPath/Pods.build/Release-iphoneos/Pods-App.build/DerivedSources/Pods_App_vers.c normal arm64 c com.apple.compilers.llvm.clang.1_0.compiler (in target 'Pods-App' from project 'Pods')
    cd /Users/lekiaprosper/Documents/Dev/Connectize/Connectize-Frontend/ios/App/Pods
    
    Using response file: /Users/lekiaprosper/Library/Developer/Xcode/DerivedData/App-bmeqrztakkzxpkcqfdhhsyyyzbjg/Build/Intermediates.noindex/ArchiveIntermediates/App/IntermediateBuildFilesPath/Pods.build/Release-iphoneos/Pods-App.build/Objects-normal/arm64/7187679823f38a2a940e0043cdf9d637-common-args.resp
    
    builtin-ScanDependencies -o /Users/lekiaprosper/Library/Developer/Xcode/DerivedData/App-bmeqrztakkzxpkcqfdhhsyyyzbjg/Build/Intermediates.noindex/ArchiveIntermediates/App/IntermediateBuildFilesPath/Pods.build/Release-iphoneos/Pods-App.build/Objects-normal/arm64/Pods_App_vers.o.scan -- /Applications/Xcode.app/Contents/Developer/Toolchains/XcodeDefault.xctoolchain/usr/bin/clang -x c -ivfsstatcache /Users/lekiaprosper/Library/Developer/Xcode/DerivedData/SDKStatCaches.noindex/iphoneos26.0-23A339-81ce72e5b06c9602b9d30b56f2eed08a.sdkstatcache -fmessage-length\=0 -fdiagnostics-show-note-include-stack -fmacro-backtrace-limit\=0 -fno-color-diagnostics -fmodules-prune-interval\=86400 -fmodules-prune-after\=345600 -fbuild-session-file\=/Users/lekiaprosper/Library/Developer/Xcode/DerivedData/ModuleCache.noindex/Session.modulevalidation -fmodules-validate-once-per-build-session -Wnon-modular-include-in-framework-module -Werror\=non-modular-include-in-framework-module -Wno-trigraphs -Wno-missing-field-initializers -Wno-missing-prototypes -Werror\=return-type -Wdocumentation -Wunreachable-code -Werror\=deprecated-objc-isa-usage -Werror\=objc-root-class -Wno-missing-braces -Wparentheses -Wswitch -Wunused-function -Wno-unused-label -Wno-unused-parameter -Wunused-variable -Wunused-value -Wempty-body -Wuninitialized -Wconditional-uninitialized -Wno-unknown-pragmas -Wno-shadow -Wno-four-char-constants -Wno-conversion -Wconstant-conversion -Wint-conversion -Wbool-conversion -Wenum-conversion -Wno-float-conversion -Wnon-literal-null-conversion -Wobjc-literal-conversion -Wshorten-64-to-32 -Wpointer-sign -Wno-newline-eof -Wno-implicit-fallthrough -fstrict-aliasing -Wdeprecated-declarations -Wno-sign-conversion -Winfinite-recursion -Wcomma -Wblock-capture-autoreleasing -Wstrict-prototypes -Wno-semicolon-before-method-body -Wunguarded-availability @/Users/lekiaprosper/Library/Developer/Xcode/DerivedData/App-bmeqrztakkzxpkcqfdhhsyyyzbjg/Build/Intermediates.noindex/ArchiveIntermediates/App/IntermediateBuildFilesPath/Pods.build/Release-iphoneos/Pods-App.build/Objects-normal/arm64/7187679823f38a2a940e0043cdf9d637-common-args.resp -MMD -MT dependencies -MF /Users/lekiaprosper/Library/Developer/Xcode/DerivedData/App-bmeqrztakkzxpkcqfdhhsyyyzbjg/Build/Intermediates.noindex/ArchiveIntermediates/App/IntermediateBuildFilesPath/Pods.build/Release-iphoneos/Pods-App.build/Objects-normal/arm64/Pods_App_vers.d --serialize-diagnostics /Users/lekiaprosper/Library/Developer/Xcode/DerivedData/App-bmeqrztakkzxpkcqfdhhsyyyzbjg/Build/Intermediates.noindex/ArchiveIntermediates/App/IntermediateBuildFilesPath/Pods.build/Release-iphoneos/Pods-App.build/Objects-normal/arm64/Pods_App_vers.dia -c /Users/lekiaprosper/Library/Developer/Xcode/DerivedData/App-bmeqrztakkzxpkcqfdhhsyyyzbjg/Build/Intermediates.noindex/ArchiveIntermediates/App/IntermediateBuildFilesPath/Pods.build/Release-iphoneos/Pods-App.build/DerivedSources/Pods_App_vers.c -o /Users/lekiaprosper/Library/Developer/Xcode/DerivedData/App-bmeqrztakkzxpkcqfdhhsyyyzbjg/Build/Intermediates.noindex/ArchiveIntermediates/App/IntermediateBuildFilesPath/Pods.build/Release-iphoneos/Pods-App.build/Objects-normal/arm64/Pods_App_vers.o

CompileC /Users/lekiaprosper/Library/Developer/Xcode/DerivedData/App-bmeqrztakkzxpkcqfdhhsyyyzbjg/Build/Intermediates.noindex/ArchiveIntermediates/App/IntermediateBuildFilesPath/Pods.build/Release-iphoneos/Pods-App.build/Objects-normal/arm64/Pods_App_vers.o /Users/lekiaprosper/Library/Developer/Xcode/DerivedData/App-bmeqrztakkzxpkcqfdhhsyyyzbjg/Build/Intermediates.noindex/ArchiveIntermediates/App/IntermediateBuildFilesPath/Pods.build/Release-iphoneos/Pods-App.build/DerivedSources/Pods_App_vers.c normal arm64 c com.apple.compilers.llvm.clang.1_0.compiler (in target 'Pods-App' from project 'Pods')
    cd /Users/lekiaprosper/Documents/Dev/Connectize/Connectize-Frontend/ios/App/Pods
    
    Using response file: /Users/lekiaprosper/Library/Developer/Xcode/DerivedData/App-bmeqrztakkzxpkcqfdhhsyyyzbjg/Build/Intermediates.noindex/ArchiveIntermediates/App/IntermediateBuildFilesPath/Pods.build/Release-iphoneos/Pods-App.build/Objects-normal/arm64/7187679823f38a2a940e0043cdf9d637-common-args.resp
    
    /Applications/Xcode.app/Contents/Developer/Toolchains/XcodeDefault.xctoolchain/usr/bin/clang -x c -ivfsstatcache /Users/lekiaprosper/Library/Developer/Xcode/DerivedData/SDKStatCaches.noindex/iphoneos26.0-23A339-81ce72e5b06c9602b9d30b56f2eed08a.sdkstatcache -fmessage-length\=0 -fdiagnostics-show-note-include-stack -fmacro-backtrace-limit\=0 -fno-color-diagnostics -fmodules-prune-interval\=86400 -fmodules-prune-after\=345600 -fbuild-session-file\=/Users/lekiaprosper/Library/Developer/Xcode/DerivedData/ModuleCache.noindex/Session.modulevalidation -fmodules-validate-once-per-build-session -Wnon-modular-include-in-framework-module -Werror\=non-modular-include-in-framework-module -Wno-trigraphs -Wno-missing-field-initializers -Wno-missing-prototypes -Werror\=return-type -Wdocumentation -Wunreachable-code -Werror\=deprecated-objc-isa-usage -Werror\=objc-root-class -Wno-missing-braces -Wparentheses -Wswitch -Wunused-function -Wno-unused-label -Wno-unused-parameter -Wunused-variable -Wunused-value -Wempty-body -Wuninitialized -Wconditional-uninitialized -Wno-unknown-pragmas -Wno-shadow -Wno-four-char-constants -Wno-conversion -Wconstant-conversion -Wint-conversion -Wbool-conversion -Wenum-conversion -Wno-float-conversion -Wnon-literal-null-conversion -Wobjc-literal-conversion -Wshorten-64-to-32 -Wpointer-sign -Wno-newline-eof -Wno-implicit-fallthrough -fstrict-aliasing -Wdeprecated-declarations -Wno-sign-conversion -Winfinite-recursion -Wcomma -Wblock-capture-autoreleasing -Wstrict-prototypes -Wno-semicolon-before-method-body -Wunguarded-availability @/Users/lekiaprosper/Library/Developer/Xcode/DerivedData/App-bmeqrztakkzxpkcqfdhhsyyyzbjg/Build/Intermediates.noindex/ArchiveIntermediates/App/IntermediateBuildFilesPath/Pods.build/Release-iphoneos/Pods-App.build/Objects-normal/arm64/7187679823f38a2a940e0043cdf9d637-common-args.resp -MMD -MT dependencies -MF /Users/lekiaprosper/Library/Developer/Xcode/DerivedData/App-bmeqrztakkzxpkcqfdhhsyyyzbjg/Build/Intermediates.noindex/ArchiveIntermediates/App/IntermediateBuildFilesPath/Pods.build/Release-iphoneos/Pods-App.build/Objects-normal/arm64/Pods_App_vers.d --serialize-diagnostics /Users/lekiaprosper/Library/Developer/Xcode/DerivedData/App-bmeqrztakkzxpkcqfdhhsyyyzbjg/Build/Intermediates.noindex/ArchiveIntermediates/App/IntermediateBuildFilesPath/Pods.build/Release-iphoneos/Pods-App.build/Objects-normal/arm64/Pods_App_vers.dia -c /Users/lekiaprosper/Library/Developer/Xcode/DerivedData/App-bmeqrztakkzxpkcqfdhhsyyyzbjg/Build/Intermediates.noindex/ArchiveIntermediates/App/IntermediateBuildFilesPath/Pods.build/Release-iphoneos/Pods-App.build/DerivedSources/Pods_App_vers.c -o /Users/lekiaprosper/Library/Developer/Xcode/DerivedData/App-bmeqrztakkzxpkcqfdhhsyyyzbjg/Build/Intermediates.noindex/ArchiveIntermediates/App/IntermediateBuildFilesPath/Pods.build/Release-iphoneos/Pods-App.build/Objects-normal/arm64/Pods_App_vers.o

CompileC /Users/lekiaprosper/Library/Developer/Xcode/DerivedData/App-bmeqrztakkzxpkcqfdhhsyyyzbjg/Build/Intermediates.noindex/ArchiveIntermediates/App/IntermediateBuildFilesPath/Pods.build/Release-iphoneos/Pods-App.build/Objects-normal/arm64/Pods-App-dummy.o /Users/lekiaprosper/Documents/Dev/Connectize/Connectize-Frontend/ios/App/Pods/Target\ Support\ Files/Pods-App/Pods-App-dummy.m normal arm64 objective-c com.apple.compilers.llvm.clang.1_0.compiler (in target 'Pods-App' from project 'Pods')
    cd /Users/lekiaprosper/Documents/Dev/Connectize/Connectize-Frontend/ios/App/Pods
    
    Using response file: /Users/lekiaprosper/Library/Developer/Xcode/DerivedData/App-bmeqrztakkzxpkcqfdhhsyyyzbjg/Build/Intermediates.noindex/ArchiveIntermediates/App/IntermediateBuildFilesPath/Pods.build/Release-iphoneos/Pods-App.build/Objects-normal/arm64/e6072d4f65d7061329687fe24e3d63a7-common-args.resp
    
    /Applications/Xcode.app/Contents/Developer/Toolchains/XcodeDefault.xctoolchain/usr/bin/clang -x objective-c -ivfsstatcache /Users/lekiaprosper/Library/Developer/Xcode/DerivedData/SDKStatCaches.noindex/iphoneos26.0-23A339-81ce72e5b06c9602b9d30b56f2eed08a.sdkstatcache -fmessage-length\=0 -fdiagnostics-show-note-include-stack -fmacro-backtrace-limit\=0 -fno-color-diagnostics -fmodules-prune-interval\=86400 -fmodules-prune-after\=345600 -fbuild-session-file\=/Users/lekiaprosper/Library/Developer/Xcode/DerivedData/ModuleCache.noindex/Session.modulevalidation -fmodules-validate-once-per-build-session -Wnon-modular-include-in-framework-module -Werror\=non-modular-include-in-framework-module -Wno-trigraphs -Wno-missing-field-initializers -Wno-missing-prototypes -Werror\=return-type -Wdocumentation -Wunreachable-code -Wno-implicit-atomic-properties -Werror\=deprecated-objc-isa-usage -Wno-objc-interface-ivars -Werror\=objc-root-class -Wno-arc-repeated-use-of-weak -Wimplicit-retain-self -Wduplicate-method-match -Wno-missing-braces -Wparentheses -Wswitch -Wunused-function -Wno-unused-label -Wno-unused-parameter -Wunused-variable -Wunused-value -Wempty-body -Wuninitialized -Wconditional-uninitialized -Wno-unknown-pragmas -Wno-shadow -Wno-four-char-constants -Wno-conversion -Wconstant-conversion -Wint-conversion -Wbool-conversion -Wenum-conversion -Wno-float-conversion -Wnon-literal-null-conversion -Wobjc-literal-conversion -Wshorten-64-to-32 -Wpointer-sign -Wno-newline-eof -Wno-selector -Wno-strict-selector-match -Wundeclared-selector -Wdeprecated-implementations -Wno-implicit-fallthrough -fstrict-aliasing -Wprotocol -Wdeprecated-declarations -Wno-sign-conversion -Winfinite-recursion -Wcomma -Wblock-capture-autoreleasing -Wstrict-prototypes -Wno-semicolon-before-method-body -Wunguarded-availability @/Users/lekiaprosper/Library/Developer/Xcode/DerivedData/App-bmeqrztakkzxpkcqfdhhsyyyzbjg/Build/Intermediates.noindex/ArchiveIntermediates/App/IntermediateBuildFilesPath/Pods.build/Release-iphoneos/Pods-App.build/Objects-normal/arm64/e6072d4f65d7061329687fe24e3d63a7-common-args.resp -MMD -MT dependencies -MF /Users/lekiaprosper/Library/Developer/Xcode/DerivedData/App-bmeqrztakkzxpkcqfdhhsyyyzbjg/Build/Intermediates.noindex/ArchiveIntermediates/App/IntermediateBuildFilesPath/Pods.build/Release-iphoneos/Pods-App.build/Objects-normal/arm64/Pods-App-dummy.d --serialize-diagnostics /Users/lekiaprosper/Library/Developer/Xcode/DerivedData/App-bmeqrztakkzxpkcqfdhhsyyyzbjg/Build/Intermediates.noindex/ArchiveIntermediates/App/IntermediateBuildFilesPath/Pods.build/Release-iphoneos/Pods-App.build/Objects-normal/arm64/Pods-App-dummy.dia -c /Users/lekiaprosper/Documents/Dev/Connectize/Connectize-Frontend/ios/App/Pods/Target\ Support\ Files/Pods-App/Pods-App-dummy.m -o /Users/lekiaprosper/Library/Developer/Xcode/DerivedData/App-bmeqrztakkzxpkcqfdhhsyyyzbjg/Build/Intermediates.noindex/ArchiveIntermediates/App/IntermediateBuildFilesPath/Pods.build/Release-iphoneos/Pods-App.build/Objects-normal/arm64/Pods-App-dummy.o

CompileC /Users/lekiaprosper/Library/Developer/Xcode/DerivedData/App-bmeqrztakkzxpkcqfdhhsyyyzbjg/Build/Intermediates.noindex/ArchiveIntermediates/App/IntermediateBuildFilesPath/Pods.build/Release-iphoneos/CapacitorSplashScreen.build/Objects-normal/arm64/CapacitorSplashScreen-dummy.o /Users/lekiaprosper/Documents/Dev/Connectize/Connectize-Frontend/ios/App/Pods/Target\ Support\ Files/CapacitorSplashScreen/CapacitorSplashScreen-dummy.m normal arm64 objective-c com.apple.compilers.llvm.clang.1_0.compiler (in target 'CapacitorSplashScreen' from project 'Pods')
    cd /Users/lekiaprosper/Documents/Dev/Connectize/Connectize-Frontend/ios/App/Pods
    
    Using response file: /Users/lekiaprosper/Library/Developer/Xcode/DerivedData/App-bmeqrztakkzxpkcqfdhhsyyyzbjg/Build/Intermediates.noindex/ArchiveIntermediates/App/IntermediateBuildFilesPath/Pods.build/Release-iphoneos/CapacitorSplashScreen.build/Objects-normal/arm64/e6072d4f65d7061329687fe24e3d63a7-common-args.resp
    
    /Applications/Xcode.app/Contents/Developer/Toolchains/XcodeDefault.xctoolchain/usr/bin/clang -x objective-c -ivfsstatcache /Users/lekiaprosper/Library/Developer/Xcode/DerivedData/SDKStatCaches.noindex/iphoneos26.0-23A339-81ce72e5b06c9602b9d30b56f2eed08a.sdkstatcache -fmessage-length\=0 -fdiagnostics-show-note-include-stack -fmacro-backtrace-limit\=0 -fno-color-diagnostics -fmodules-prune-interval\=86400 -fmodules-prune-after\=345600 -fbuild-session-file\=/Users/lekiaprosper/Library/Developer/Xcode/DerivedData/ModuleCache.noindex/Session.modulevalidation -fmodules-validate-once-per-build-session -Wnon-modular-include-in-framework-module -Werror\=non-modular-include-in-framework-module -Wno-trigraphs -Wno-missing-field-initializers -Wno-missing-prototypes -Werror\=return-type -Wdocumentation -Wunreachable-code -Wno-implicit-atomic-properties -Werror\=deprecated-objc-isa-usage -Wno-objc-interface-ivars -Werror\=objc-root-class -Wno-arc-repeated-use-of-weak -Wimplicit-retain-self -Wduplicate-method-match -Wno-missing-braces -Wparentheses -Wswitch -Wunused-function -Wno-unused-label -Wno-unused-parameter -Wunused-variable -Wunused-value -Wempty-body -Wuninitialized -Wconditional-uninitialized -Wno-unknown-pragmas -Wno-shadow -Wno-four-char-constants -Wno-conversion -Wconstant-conversion -Wint-conversion -Wbool-conversion -Wenum-conversion -Wno-float-conversion -Wnon-literal-null-conversion -Wobjc-literal-conversion -Wshorten-64-to-32 -Wpointer-sign -Wno-newline-eof -Wno-selector -Wno-strict-selector-match -Wundeclared-selector -Wdeprecated-implementations -Wno-implicit-fallthrough -fstrict-aliasing -Wprotocol -Wdeprecated-declarations -Wno-sign-conversion -Winfinite-recursion -Wcomma -Wblock-capture-autoreleasing -Wstrict-prototypes -Wno-semicolon-before-method-body -Wunguarded-availability @/Users/lekiaprosper/Library/Developer/Xcode/DerivedData/App-bmeqrztakkzxpkcqfdhhsyyyzbjg/Build/Intermediates.noindex/ArchiveIntermediates/App/IntermediateBuildFilesPath/Pods.build/Release-iphoneos/CapacitorSplashScreen.build/Objects-normal/arm64/e6072d4f65d7061329687fe24e3d63a7-common-args.resp -include /Users/lekiaprosper/Documents/Dev/Connectize/Connectize-Frontend/ios/App/Pods/Target\ Support\ Files/CapacitorSplashScreen/CapacitorSplashScreen-prefix.pch -MMD -MT dependencies -MF /Users/lekiaprosper/Library/Developer/Xcode/DerivedData/App-bmeqrztakkzxpkcqfdhhsyyyzbjg/Build/Intermediates.noindex/ArchiveIntermediates/App/IntermediateBuildFilesPath/Pods.build/Release-iphoneos/CapacitorSplashScreen.build/Objects-normal/arm64/CapacitorSplashScreen-dummy.d --serialize-diagnostics /Users/lekiaprosper/Library/Developer/Xcode/DerivedData/App-bmeqrztakkzxpkcqfdhhsyyyzbjg/Build/Intermediates.noindex/ArchiveIntermediates/App/IntermediateBuildFilesPath/Pods.build/Release-iphoneos/CapacitorSplashScreen.build/Objects-normal/arm64/CapacitorSplashScreen-dummy.dia -c /Users/lekiaprosper/Documents/Dev/Connectize/Connectize-Frontend/ios/App/Pods/Target\ Support\ Files/CapacitorSplashScreen/CapacitorSplashScreen-dummy.m -o /Users/lekiaprosper/Library/Developer/Xcode/DerivedData/App-bmeqrztakkzxpkcqfdhhsyyyzbjg/Build/Intermediates.noindex/ArchiveIntermediates/App/IntermediateBuildFilesPath/Pods.build/Release-iphoneos/CapacitorSplashScreen.build/Objects-normal/arm64/CapacitorSplashScreen-dummy.o

Libtool /Users/lekiaprosper/Library/Developer/Xcode/DerivedData/App-bmeqrztakkzxpkcqfdhhsyyyzbjg/Build/Intermediates.noindex/ArchiveIntermediates/App/IntermediateBuildFilesPath/UninstalledProducts/iphoneos/CapacitorSplashScreen.framework/CapacitorSplashScreen normal (in target 'CapacitorSplashScreen' from project 'Pods')
    cd /Users/lekiaprosper/Documents/Dev/Connectize/Connectize-Frontend/ios/App/Pods
    /Applications/Xcode.app/Contents/Developer/Toolchains/XcodeDefault.xctoolchain/usr/bin/libtool -static -arch_only arm64 -D -syslibroot /Applications/Xcode.app/Contents/Developer/Platforms/iPhoneOS.platform/Developer/SDKs/iPhoneOS26.0.sdk -L/Users/lekiaprosper/Library/Developer/Xcode/DerivedData/App-bmeqrztakkzxpkcqfdhhsyyyzbjg/Build/Intermediates.noindex/ArchiveIntermediates/App/BuildProductsPath/Release-iphoneos/CapacitorSplashScreen -filelist /Users/lekiaprosper/Library/Developer/Xcode/DerivedData/App-bmeqrztakkzxpkcqfdhhsyyyzbjg/Build/Intermediates.noindex/ArchiveIntermediates/App/IntermediateBuildFilesPath/Pods.build/Release-iphoneos/CapacitorSplashScreen.build/Objects-normal/arm64/CapacitorSplashScreen.LinkFileList -framework Foundation -dependency_info /Users/lekiaprosper/Library/Developer/Xcode/DerivedData/App-bmeqrztakkzxpkcqfdhhsyyyzbjg/Build/Intermediates.noindex/ArchiveIntermediates/App/IntermediateBuildFilesPath/Pods.build/Release-iphoneos/CapacitorSplashScreen.build/Objects-normal/arm64/CapacitorSplashScreen_libtool_dependency_info.dat -o /Users/lekiaprosper/Library/Developer/Xcode/DerivedData/App-bmeqrztakkzxpkcqfdhhsyyyzbjg/Build/Intermediates.noindex/ArchiveIntermediates/App/IntermediateBuildFilesPath/UninstalledProducts/iphoneos/CapacitorSplashScreen.framework/CapacitorSplashScreen

ExtractAppIntentsMetadata (in target 'CapacitorSplashScreen' from project 'Pods')
    cd /Users/lekiaprosper/Documents/Dev/Connectize/Connectize-Frontend/ios/App/Pods
    /Applications/Xcode.app/Contents/Developer/Toolchains/XcodeDefault.xctoolchain/usr/bin/appintentsmetadataprocessor --toolchain-dir /Applications/Xcode.app/Contents/Developer/Toolchains/XcodeDefault.xctoolchain --module-name CapacitorSplashScreen --sdk-root /Applications/Xcode.app/Contents/Developer/Platforms/iPhoneOS.platform/Developer/SDKs/iPhoneOS26.0.sdk --xcode-version 17A324 --platform-family iOS --deployment-target 14.0 --bundle-identifier org.cocoapods.CapacitorSplashScreen --output /Users/lekiaprosper/Library/Developer/Xcode/DerivedData/App-bmeqrztakkzxpkcqfdhhsyyyzbjg/Build/Intermediates.noindex/ArchiveIntermediates/App/IntermediateBuildFilesPath/UninstalledProducts/iphoneos/CapacitorSplashScreen.appintents --target-triple arm64-apple-ios14.0 --binary-file /Users/lekiaprosper/Library/Developer/Xcode/DerivedData/App-bmeqrztakkzxpkcqfdhhsyyyzbjg/Build/Intermediates.noindex/ArchiveIntermediates/App/IntermediateBuildFilesPath/UninstalledProducts/iphoneos/CapacitorSplashScreen.framework/CapacitorSplashScreen --dependency-file /Users/lekiaprosper/Library/Developer/Xcode/DerivedData/App-bmeqrztakkzxpkcqfdhhsyyyzbjg/Build/Intermediates.noindex/ArchiveIntermediates/App/IntermediateBuildFilesPath/Pods.build/Release-iphoneos/CapacitorSplashScreen.build/Objects-normal/arm64/CapacitorSplashScreen_libtool_dependency_info.dat --stringsdata-file /Users/lekiaprosper/Library/Developer/Xcode/DerivedData/App-bmeqrztakkzxpkcqfdhhsyyyzbjg/Build/Intermediates.noindex/ArchiveIntermediates/App/IntermediateBuildFilesPath/Pods.build/Release-iphoneos/CapacitorSplashScreen.build/Objects-normal/arm64/ExtractedAppShortcutsMetadata.stringsdata --source-file-list /Users/lekiaprosper/Library/Developer/Xcode/DerivedData/App-bmeqrztakkzxpkcqfdhhsyyyzbjg/Build/Intermediates.noindex/ArchiveIntermediates/App/IntermediateBuildFilesPath/Pods.build/Release-iphoneos/CapacitorSplashScreen.build/Objects-normal/arm64/CapacitorSplashScreen.SwiftFileList --metadata-file-list /Users/lekiaprosper/Library/Developer/Xcode/DerivedData/App-bmeqrztakkzxpkcqfdhhsyyyzbjg/Build/Intermediates.noindex/ArchiveIntermediates/App/IntermediateBuildFilesPath/Pods.build/Release-iphoneos/CapacitorSplashScreen.build/CapacitorSplashScreen.DependencyMetadataFileList --static-metadata-file-list /Users/lekiaprosper/Library/Developer/Xcode/DerivedData/App-bmeqrztakkzxpkcqfdhhsyyyzbjg/Build/Intermediates.noindex/ArchiveIntermediates/App/IntermediateBuildFilesPath/Pods.build/Release-iphoneos/CapacitorSplashScreen.build/CapacitorSplashScreen.DependencyStaticMetadataFileList --swift-const-vals-list /Users/lekiaprosper/Library/Developer/Xcode/DerivedData/App-bmeqrztakkzxpkcqfdhhsyyyzbjg/Build/Intermediates.noindex/ArchiveIntermediates/App/IntermediateBuildFilesPath/Pods.build/Release-iphoneos/CapacitorSplashScreen.build/Objects-normal/arm64/CapacitorSplashScreen.SwiftConstValuesFileList --force --compile-time-extraction --deployment-aware-processing --validate-assistant-intents --no-app-shortcuts-localization
2025-09-20 22:19:10.646 appintentsmetadataprocessor[96172:13678029] Starting appintentsmetadataprocessor export
2025-09-20 22:19:10.722 appintentsmetadataprocessor[96172:13678029] Extracted no relevant App Intents symbols, skipping writing output

CompileC /Users/lekiaprosper/Library/Developer/Xcode/DerivedData/App-bmeqrztakkzxpkcqfdhhsyyyzbjg/Build/Intermediates.noindex/ArchiveIntermediates/App/IntermediateBuildFilesPath/Pods.build/Release-iphoneos/CapacitorStatusBar.build/Objects-normal/arm64/CapacitorStatusBar-dummy.o /Users/lekiaprosper/Documents/Dev/Connectize/Connectize-Frontend/ios/App/Pods/Target\ Support\ Files/CapacitorStatusBar/CapacitorStatusBar-dummy.m normal arm64 objective-c com.apple.compilers.llvm.clang.1_0.compiler (in target 'CapacitorStatusBar' from project 'Pods')
    cd /Users/lekiaprosper/Documents/Dev/Connectize/Connectize-Frontend/ios/App/Pods
    
    Using response file: /Users/lekiaprosper/Library/Developer/Xcode/DerivedData/App-bmeqrztakkzxpkcqfdhhsyyyzbjg/Build/Intermediates.noindex/ArchiveIntermediates/App/IntermediateBuildFilesPath/Pods.build/Release-iphoneos/CapacitorStatusBar.build/Objects-normal/arm64/e6072d4f65d7061329687fe24e3d63a7-common-args.resp
    
    /Applications/Xcode.app/Contents/Developer/Toolchains/XcodeDefault.xctoolchain/usr/bin/clang -x objective-c -ivfsstatcache /Users/lekiaprosper/Library/Developer/Xcode/DerivedData/SDKStatCaches.noindex/iphoneos26.0-23A339-81ce72e5b06c9602b9d30b56f2eed08a.sdkstatcache -fmessage-length\=0 -fdiagnostics-show-note-include-stack -fmacro-backtrace-limit\=0 -fno-color-diagnostics -fmodules-prune-interval\=86400 -fmodules-prune-after\=345600 -fbuild-session-file\=/Users/lekiaprosper/Library/Developer/Xcode/DerivedData/ModuleCache.noindex/Session.modulevalidation -fmodules-validate-once-per-build-session -Wnon-modular-include-in-framework-module -Werror\=non-modular-include-in-framework-module -Wno-trigraphs -Wno-missing-field-initializers -Wno-missing-prototypes -Werror\=return-type -Wdocumentation -Wunreachable-code -Wno-implicit-atomic-properties -Werror\=deprecated-objc-isa-usage -Wno-objc-interface-ivars -Werror\=objc-root-class -Wno-arc-repeated-use-of-weak -Wimplicit-retain-self -Wduplicate-method-match -Wno-missing-braces -Wparentheses -Wswitch -Wunused-function -Wno-unused-label -Wno-unused-parameter -Wunused-variable -Wunused-value -Wempty-body -Wuninitialized -Wconditional-uninitialized -Wno-unknown-pragmas -Wno-shadow -Wno-four-char-constants -Wno-conversion -Wconstant-conversion -Wint-conversion -Wbool-conversion -Wenum-conversion -Wno-float-conversion -Wnon-literal-null-conversion -Wobjc-literal-conversion -Wshorten-64-to-32 -Wpointer-sign -Wno-newline-eof -Wno-selector -Wno-strict-selector-match -Wundeclared-selector -Wdeprecated-implementations -Wno-implicit-fallthrough -fstrict-aliasing -Wprotocol -Wdeprecated-declarations -Wno-sign-conversion -Winfinite-recursion -Wcomma -Wblock-capture-autoreleasing -Wstrict-prototypes -Wno-semicolon-before-method-body -Wunguarded-availability @/Users/lekiaprosper/Library/Developer/Xcode/DerivedData/App-bmeqrztakkzxpkcqfdhhsyyyzbjg/Build/Intermediates.noindex/ArchiveIntermediates/App/IntermediateBuildFilesPath/Pods.build/Release-iphoneos/CapacitorStatusBar.build/Objects-normal/arm64/e6072d4f65d7061329687fe24e3d63a7-common-args.resp -include /Users/lekiaprosper/Documents/Dev/Connectize/Connectize-Frontend/ios/App/Pods/Target\ Support\ Files/CapacitorStatusBar/CapacitorStatusBar-prefix.pch -MMD -MT dependencies -MF /Users/lekiaprosper/Library/Developer/Xcode/DerivedData/App-bmeqrztakkzxpkcqfdhhsyyyzbjg/Build/Intermediates.noindex/ArchiveIntermediates/App/IntermediateBuildFilesPath/Pods.build/Release-iphoneos/CapacitorStatusBar.build/Objects-normal/arm64/CapacitorStatusBar-dummy.d --serialize-diagnostics /Users/lekiaprosper/Library/Developer/Xcode/DerivedData/App-bmeqrztakkzxpkcqfdhhsyyyzbjg/Build/Intermediates.noindex/ArchiveIntermediates/App/IntermediateBuildFilesPath/Pods.build/Release-iphoneos/CapacitorStatusBar.build/Objects-normal/arm64/CapacitorStatusBar-dummy.dia -c /Users/lekiaprosper/Documents/Dev/Connectize/Connectize-Frontend/ios/App/Pods/Target\ Support\ Files/CapacitorStatusBar/CapacitorStatusBar-dummy.m -o /Users/lekiaprosper/Library/Developer/Xcode/DerivedData/App-bmeqrztakkzxpkcqfdhhsyyyzbjg/Build/Intermediates.noindex/ArchiveIntermediates/App/IntermediateBuildFilesPath/Pods.build/Release-iphoneos/CapacitorStatusBar.build/Objects-normal/arm64/CapacitorStatusBar-dummy.o

Libtool /Users/lekiaprosper/Library/Developer/Xcode/DerivedData/App-bmeqrztakkzxpkcqfdhhsyyyzbjg/Build/Intermediates.noindex/ArchiveIntermediates/App/IntermediateBuildFilesPath/UninstalledProducts/iphoneos/CapacitorStatusBar.framework/CapacitorStatusBar normal (in target 'CapacitorStatusBar' from project 'Pods')
    cd /Users/lekiaprosper/Documents/Dev/Connectize/Connectize-Frontend/ios/App/Pods
    /Applications/Xcode.app/Contents/Developer/Toolchains/XcodeDefault.xctoolchain/usr/bin/libtool -static -arch_only arm64 -D -syslibroot /Applications/Xcode.app/Contents/Developer/Platforms/iPhoneOS.platform/Developer/SDKs/iPhoneOS26.0.sdk -L/Users/lekiaprosper/Library/Developer/Xcode/DerivedData/App-bmeqrztakkzxpkcqfdhhsyyyzbjg/Build/Intermediates.noindex/ArchiveIntermediates/App/BuildProductsPath/Release-iphoneos/CapacitorStatusBar -filelist /Users/lekiaprosper/Library/Developer/Xcode/DerivedData/App-bmeqrztakkzxpkcqfdhhsyyyzbjg/Build/Intermediates.noindex/ArchiveIntermediates/App/IntermediateBuildFilesPath/Pods.build/Release-iphoneos/CapacitorStatusBar.build/Objects-normal/arm64/CapacitorStatusBar.LinkFileList -framework Foundation -dependency_info /Users/lekiaprosper/Library/Developer/Xcode/DerivedData/App-bmeqrztakkzxpkcqfdhhsyyyzbjg/Build/Intermediates.noindex/ArchiveIntermediates/App/IntermediateBuildFilesPath/Pods.build/Release-iphoneos/CapacitorStatusBar.build/Objects-normal/arm64/CapacitorStatusBar_libtool_dependency_info.dat -o /Users/lekiaprosper/Library/Developer/Xcode/DerivedData/App-bmeqrztakkzxpkcqfdhhsyyyzbjg/Build/Intermediates.noindex/ArchiveIntermediates/App/IntermediateBuildFilesPath/UninstalledProducts/iphoneos/CapacitorStatusBar.framework/CapacitorStatusBar

ExtractAppIntentsMetadata (in target 'CapacitorStatusBar' from project 'Pods')
    cd /Users/lekiaprosper/Documents/Dev/Connectize/Connectize-Frontend/ios/App/Pods
    /Applications/Xcode.app/Contents/Developer/Toolchains/XcodeDefault.xctoolchain/usr/bin/appintentsmetadataprocessor --toolchain-dir /Applications/Xcode.app/Contents/Developer/Toolchains/XcodeDefault.xctoolchain --module-name CapacitorStatusBar --sdk-root /Applications/Xcode.app/Contents/Developer/Platforms/iPhoneOS.platform/Developer/SDKs/iPhoneOS26.0.sdk --xcode-version 17A324 --platform-family iOS --deployment-target 14.0 --bundle-identifier org.cocoapods.CapacitorStatusBar --output /Users/lekiaprosper/Library/Developer/Xcode/DerivedData/App-bmeqrztakkzxpkcqfdhhsyyyzbjg/Build/Intermediates.noindex/ArchiveIntermediates/App/IntermediateBuildFilesPath/UninstalledProducts/iphoneos/CapacitorStatusBar.appintents --target-triple arm64-apple-ios14.0 --binary-file /Users/lekiaprosper/Library/Developer/Xcode/DerivedData/App-bmeqrztakkzxpkcqfdhhsyyyzbjg/Build/Intermediates.noindex/ArchiveIntermediates/App/IntermediateBuildFilesPath/UninstalledProducts/iphoneos/CapacitorStatusBar.framework/CapacitorStatusBar --dependency-file /Users/lekiaprosper/Library/Developer/Xcode/DerivedData/App-bmeqrztakkzxpkcqfdhhsyyyzbjg/Build/Intermediates.noindex/ArchiveIntermediates/App/IntermediateBuildFilesPath/Pods.build/Release-iphoneos/CapacitorStatusBar.build/Objects-normal/arm64/CapacitorStatusBar_libtool_dependency_info.dat --stringsdata-file /Users/lekiaprosper/Library/Developer/Xcode/DerivedData/App-bmeqrztakkzxpkcqfdhhsyyyzbjg/Build/Intermediates.noindex/ArchiveIntermediates/App/IntermediateBuildFilesPath/Pods.build/Release-iphoneos/CapacitorStatusBar.build/Objects-normal/arm64/ExtractedAppShortcutsMetadata.stringsdata --source-file-list /Users/lekiaprosper/Library/Developer/Xcode/DerivedData/App-bmeqrztakkzxpkcqfdhhsyyyzbjg/Build/Intermediates.noindex/ArchiveIntermediates/App/IntermediateBuildFilesPath/Pods.build/Release-iphoneos/CapacitorStatusBar.build/Objects-normal/arm64/CapacitorStatusBar.SwiftFileList --metadata-file-list /Users/lekiaprosper/Library/Developer/Xcode/DerivedData/App-bmeqrztakkzxpkcqfdhhsyyyzbjg/Build/Intermediates.noindex/ArchiveIntermediates/App/IntermediateBuildFilesPath/Pods.build/Release-iphoneos/CapacitorStatusBar.build/CapacitorStatusBar.DependencyMetadataFileList --static-metadata-file-list /Users/lekiaprosper/Library/Developer/Xcode/DerivedData/App-bmeqrztakkzxpkcqfdhhsyyyzbjg/Build/Intermediates.noindex/ArchiveIntermediates/App/IntermediateBuildFilesPath/Pods.build/Release-iphoneos/CapacitorStatusBar.build/CapacitorStatusBar.DependencyStaticMetadataFileList --swift-const-vals-list /Users/lekiaprosper/Library/Developer/Xcode/DerivedData/App-bmeqrztakkzxpkcqfdhhsyyyzbjg/Build/Intermediates.noindex/ArchiveIntermediates/App/IntermediateBuildFilesPath/Pods.build/Release-iphoneos/CapacitorStatusBar.build/Objects-normal/arm64/CapacitorStatusBar.SwiftConstValuesFileList --force --compile-time-extraction --deployment-aware-processing --validate-assistant-intents --no-app-shortcuts-localization
2025-09-20 22:19:10.691 appintentsmetadataprocessor[96175:13678044] Starting appintentsmetadataprocessor export
2025-09-20 22:19:10.763 appintentsmetadataprocessor[96175:13678044] Extracted no relevant App Intents symbols, skipping writing output

SetOwnerAndGroup lekiaprosper:staff /Users/lekiaprosper/Library/Developer/Xcode/DerivedData/App-bmeqrztakkzxpkcqfdhhsyyyzbjg/Build/Intermediates.noindex/ArchiveIntermediates/App/IntermediateBuildFilesPath/UninstalledProducts/iphoneos/CapacitorSplashScreen.framework (in target 'CapacitorSplashScreen' from project 'Pods')
    cd /Users/lekiaprosper/Documents/Dev/Connectize/Connectize-Frontend/ios/App/Pods
    /usr/sbin/chown -RH lekiaprosper:staff /Users/lekiaprosper/Library/Developer/Xcode/DerivedData/App-bmeqrztakkzxpkcqfdhhsyyyzbjg/Build/Intermediates.noindex/ArchiveIntermediates/App/IntermediateBuildFilesPath/UninstalledProducts/iphoneos/CapacitorSplashScreen.framework

SetMode u+w,go-w,a+rX /Users/lekiaprosper/Library/Developer/Xcode/DerivedData/App-bmeqrztakkzxpkcqfdhhsyyyzbjg/Build/Intermediates.noindex/ArchiveIntermediates/App/IntermediateBuildFilesPath/UninstalledProducts/iphoneos/CapacitorSplashScreen.framework (in target 'CapacitorSplashScreen' from project 'Pods')
    cd /Users/lekiaprosper/Documents/Dev/Connectize/Connectize-Frontend/ios/App/Pods
    /bin/chmod -RH u+w,go-w,a+rX /Users/lekiaprosper/Library/Developer/Xcode/DerivedData/App-bmeqrztakkzxpkcqfdhhsyyyzbjg/Build/Intermediates.noindex/ArchiveIntermediates/App/IntermediateBuildFilesPath/UninstalledProducts/iphoneos/CapacitorSplashScreen.framework

RegisterExecutionPolicyException /Users/lekiaprosper/Library/Developer/Xcode/DerivedData/App-bmeqrztakkzxpkcqfdhhsyyyzbjg/Build/Intermediates.noindex/ArchiveIntermediates/App/IntermediateBuildFilesPath/UninstalledProducts/iphoneos/CapacitorSplashScreen.framework (in target 'CapacitorSplashScreen' from project 'Pods')
    cd /Users/lekiaprosper/Documents/Dev/Connectize/Connectize-Frontend/ios/App/Pods
    builtin-RegisterExecutionPolicyException /Users/lekiaprosper/Library/Developer/Xcode/DerivedData/App-bmeqrztakkzxpkcqfdhhsyyyzbjg/Build/Intermediates.noindex/ArchiveIntermediates/App/IntermediateBuildFilesPath/UninstalledProducts/iphoneos/CapacitorSplashScreen.framework

Touch /Users/lekiaprosper/Library/Developer/Xcode/DerivedData/App-bmeqrztakkzxpkcqfdhhsyyyzbjg/Build/Intermediates.noindex/ArchiveIntermediates/App/IntermediateBuildFilesPath/UninstalledProducts/iphoneos/CapacitorSplashScreen.framework (in target 'CapacitorSplashScreen' from project 'Pods')
    cd /Users/lekiaprosper/Documents/Dev/Connectize/Connectize-Frontend/ios/App/Pods
    /usr/bin/touch -c /Users/lekiaprosper/Library/Developer/Xcode/DerivedData/App-bmeqrztakkzxpkcqfdhhsyyyzbjg/Build/Intermediates.noindex/ArchiveIntermediates/App/IntermediateBuildFilesPath/UninstalledProducts/iphoneos/CapacitorSplashScreen.framework

SetOwnerAndGroup lekiaprosper:staff /Users/lekiaprosper/Library/Developer/Xcode/DerivedData/App-bmeqrztakkzxpkcqfdhhsyyyzbjg/Build/Intermediates.noindex/ArchiveIntermediates/App/IntermediateBuildFilesPath/UninstalledProducts/iphoneos/CapacitorStatusBar.framework (in target 'CapacitorStatusBar' from project 'Pods')
    cd /Users/lekiaprosper/Documents/Dev/Connectize/Connectize-Frontend/ios/App/Pods
    /usr/sbin/chown -RH lekiaprosper:staff /Users/lekiaprosper/Library/Developer/Xcode/DerivedData/App-bmeqrztakkzxpkcqfdhhsyyyzbjg/Build/Intermediates.noindex/ArchiveIntermediates/App/IntermediateBuildFilesPath/UninstalledProducts/iphoneos/CapacitorStatusBar.framework

SetMode u+w,go-w,a+rX /Users/lekiaprosper/Library/Developer/Xcode/DerivedData/App-bmeqrztakkzxpkcqfdhhsyyyzbjg/Build/Intermediates.noindex/ArchiveIntermediates/App/IntermediateBuildFilesPath/UninstalledProducts/iphoneos/CapacitorStatusBar.framework (in target 'CapacitorStatusBar' from project 'Pods')
    cd /Users/lekiaprosper/Documents/Dev/Connectize/Connectize-Frontend/ios/App/Pods
    /bin/chmod -RH u+w,go-w,a+rX /Users/lekiaprosper/Library/Developer/Xcode/DerivedData/App-bmeqrztakkzxpkcqfdhhsyyyzbjg/Build/Intermediates.noindex/ArchiveIntermediates/App/IntermediateBuildFilesPath/UninstalledProducts/iphoneos/CapacitorStatusBar.framework

RegisterExecutionPolicyException /Users/lekiaprosper/Library/Developer/Xcode/DerivedData/App-bmeqrztakkzxpkcqfdhhsyyyzbjg/Build/Intermediates.noindex/ArchiveIntermediates/App/IntermediateBuildFilesPath/UninstalledProducts/iphoneos/CapacitorStatusBar.framework (in target 'CapacitorStatusBar' from project 'Pods')
    cd /Users/lekiaprosper/Documents/Dev/Connectize/Connectize-Frontend/ios/App/Pods
    builtin-RegisterExecutionPolicyException /Users/lekiaprosper/Library/Developer/Xcode/DerivedData/App-bmeqrztakkzxpkcqfdhhsyyyzbjg/Build/Intermediates.noindex/ArchiveIntermediates/App/IntermediateBuildFilesPath/UninstalledProducts/iphoneos/CapacitorStatusBar.framework

Touch /Users/lekiaprosper/Library/Developer/Xcode/DerivedData/App-bmeqrztakkzxpkcqfdhhsyyyzbjg/Build/Intermediates.noindex/ArchiveIntermediates/App/IntermediateBuildFilesPath/UninstalledProducts/iphoneos/CapacitorStatusBar.framework (in target 'CapacitorStatusBar' from project 'Pods')
    cd /Users/lekiaprosper/Documents/Dev/Connectize/Connectize-Frontend/ios/App/Pods
    /usr/bin/touch -c /Users/lekiaprosper/Library/Developer/Xcode/DerivedData/App-bmeqrztakkzxpkcqfdhhsyyyzbjg/Build/Intermediates.noindex/ArchiveIntermediates/App/IntermediateBuildFilesPath/UninstalledProducts/iphoneos/CapacitorStatusBar.framework

Libtool /Users/lekiaprosper/Library/Developer/Xcode/DerivedData/App-bmeqrztakkzxpkcqfdhhsyyyzbjg/Build/Intermediates.noindex/ArchiveIntermediates/App/IntermediateBuildFilesPath/UninstalledProducts/iphoneos/Pods_App.framework/Pods_App normal (in target 'Pods-App' from project 'Pods')
    cd /Users/lekiaprosper/Documents/Dev/Connectize/Connectize-Frontend/ios/App/Pods
    /Applications/Xcode.app/Contents/Developer/Toolchains/XcodeDefault.xctoolchain/usr/bin/libtool -static -arch_only arm64 -D -syslibroot /Applications/Xcode.app/Contents/Developer/Platforms/iPhoneOS.platform/Developer/SDKs/iPhoneOS26.0.sdk -L/Users/lekiaprosper/Library/Developer/Xcode/DerivedData/App-bmeqrztakkzxpkcqfdhhsyyyzbjg/Build/Intermediates.noindex/ArchiveIntermediates/App/BuildProductsPath/Release-iphoneos -L/Applications/Xcode.app/Contents/Developer/Toolchains/XcodeDefault.xctoolchain/usr/lib/swift/iphoneos -L/Applications/Xcode.app/Contents/Developer/Platforms/iPhoneOS.platform/Developer/SDKs/iPhoneOS26.0.sdk/usr/lib/swift -filelist /Users/lekiaprosper/Library/Developer/Xcode/DerivedData/App-bmeqrztakkzxpkcqfdhhsyyyzbjg/Build/Intermediates.noindex/ArchiveIntermediates/App/IntermediateBuildFilesPath/Pods.build/Release-iphoneos/Pods-App.build/Objects-normal/arm64/Pods_App.LinkFileList -framework Foundation -dependency_info /Users/lekiaprosper/Library/Developer/Xcode/DerivedData/App-bmeqrztakkzxpkcqfdhhsyyyzbjg/Build/Intermediates.noindex/ArchiveIntermediates/App/IntermediateBuildFilesPath/Pods.build/Release-iphoneos/Pods-App.build/Objects-normal/arm64/Pods_App_libtool_dependency_info.dat -o /Users/lekiaprosper/Library/Developer/Xcode/DerivedData/App-bmeqrztakkzxpkcqfdhhsyyyzbjg/Build/Intermediates.noindex/ArchiveIntermediates/App/IntermediateBuildFilesPath/UninstalledProducts/iphoneos/Pods_App.framework/Pods_App

ProcessInfoPlistFile /Users/lekiaprosper/Library/Developer/Xcode/DerivedData/App-bmeqrztakkzxpkcqfdhhsyyyzbjg/Build/Intermediates.noindex/ArchiveIntermediates/App/IntermediateBuildFilesPath/UninstalledProducts/iphoneos/Pods_App.framework/Info.plist /Users/lekiaprosper/Documents/Dev/Connectize/Connectize-Frontend/ios/App/Pods/Target\ Support\ Files/Pods-App/Pods-App-Info.plist (in target 'Pods-App' from project 'Pods')
    cd /Users/lekiaprosper/Documents/Dev/Connectize/Connectize-Frontend/ios/App/Pods
    builtin-infoPlistUtility /Users/lekiaprosper/Documents/Dev/Connectize/Connectize-Frontend/ios/App/Pods/Target\ Support\ Files/Pods-App/Pods-App-Info.plist -producttype com.apple.product-type.framework -expandbuildsettings -format binary -platform iphoneos -requiredArchitecture arm64 -o /Users/lekiaprosper/Library/Developer/Xcode/DerivedData/App-bmeqrztakkzxpkcqfdhhsyyyzbjg/Build/Intermediates.noindex/ArchiveIntermediates/App/IntermediateBuildFilesPath/UninstalledProducts/iphoneos/Pods_App.framework/Info.plist

SetOwnerAndGroup lekiaprosper:staff /Users/lekiaprosper/Library/Developer/Xcode/DerivedData/App-bmeqrztakkzxpkcqfdhhsyyyzbjg/Build/Intermediates.noindex/ArchiveIntermediates/App/IntermediateBuildFilesPath/UninstalledProducts/iphoneos/Pods_App.framework (in target 'Pods-App' from project 'Pods')
    cd /Users/lekiaprosper/Documents/Dev/Connectize/Connectize-Frontend/ios/App/Pods
    /usr/sbin/chown -RH lekiaprosper:staff /Users/lekiaprosper/Library/Developer/Xcode/DerivedData/App-bmeqrztakkzxpkcqfdhhsyyyzbjg/Build/Intermediates.noindex/ArchiveIntermediates/App/IntermediateBuildFilesPath/UninstalledProducts/iphoneos/Pods_App.framework

SetMode u+w,go-w,a+rX /Users/lekiaprosper/Library/Developer/Xcode/DerivedData/App-bmeqrztakkzxpkcqfdhhsyyyzbjg/Build/Intermediates.noindex/ArchiveIntermediates/App/IntermediateBuildFilesPath/UninstalledProducts/iphoneos/Pods_App.framework (in target 'Pods-App' from project 'Pods')
    cd /Users/lekiaprosper/Documents/Dev/Connectize/Connectize-Frontend/ios/App/Pods
    /bin/chmod -RH u+w,go-w,a+rX /Users/lekiaprosper/Library/Developer/Xcode/DerivedData/App-bmeqrztakkzxpkcqfdhhsyyyzbjg/Build/Intermediates.noindex/ArchiveIntermediates/App/IntermediateBuildFilesPath/UninstalledProducts/iphoneos/Pods_App.framework

RegisterExecutionPolicyException /Users/lekiaprosper/Library/Developer/Xcode/DerivedData/App-bmeqrztakkzxpkcqfdhhsyyyzbjg/Build/Intermediates.noindex/ArchiveIntermediates/App/IntermediateBuildFilesPath/UninstalledProducts/iphoneos/Pods_App.framework (in target 'Pods-App' from project 'Pods')
    cd /Users/lekiaprosper/Documents/Dev/Connectize/Connectize-Frontend/ios/App/Pods
    builtin-RegisterExecutionPolicyException /Users/lekiaprosper/Library/Developer/Xcode/DerivedData/App-bmeqrztakkzxpkcqfdhhsyyyzbjg/Build/Intermediates.noindex/ArchiveIntermediates/App/IntermediateBuildFilesPath/UninstalledProducts/iphoneos/Pods_App.framework

Touch /Users/lekiaprosper/Library/Developer/Xcode/DerivedData/App-bmeqrztakkzxpkcqfdhhsyyyzbjg/Build/Intermediates.noindex/ArchiveIntermediates/App/IntermediateBuildFilesPath/UninstalledProducts/iphoneos/Pods_App.framework (in target 'Pods-App' from project 'Pods')
    cd /Users/lekiaprosper/Documents/Dev/Connectize/Connectize-Frontend/ios/App/Pods
    /usr/bin/touch -c /Users/lekiaprosper/Library/Developer/Xcode/DerivedData/App-bmeqrztakkzxpkcqfdhhsyyyzbjg/Build/Intermediates.noindex/ArchiveIntermediates/App/IntermediateBuildFilesPath/UninstalledProducts/iphoneos/Pods_App.framework

PhaseScriptExecution [CP]\ Check\ Pods\ Manifest.lock /Users/lekiaprosper/Library/Developer/Xcode/DerivedData/App-bmeqrztakkzxpkcqfdhhsyyyzbjg/Build/Intermediates.noindex/ArchiveIntermediates/App/IntermediateBuildFilesPath/App.build/Release-iphoneos/App.build/Script-6634F4EFEBD30273BCE97C65.sh (in target 'App' from project 'App')
    cd /Users/lekiaprosper/Documents/Dev/Connectize/Connectize-Frontend/ios/App
    /bin/sh -c /Users/lekiaprosper/Library/Developer/Xcode/DerivedData/App-bmeqrztakkzxpkcqfdhhsyyyzbjg/Build/Intermediates.noindex/ArchiveIntermediates/App/IntermediateBuildFilesPath/App.build/Release-iphoneos/App.build/Script-6634F4EFEBD30273BCE97C65.sh

MkDir /Users/lekiaprosper/Library/Developer/Xcode/DerivedData/App-bmeqrztakkzxpkcqfdhhsyyyzbjg/Build/Intermediates.noindex/ArchiveIntermediates/App/IntermediateBuildFilesPath/App.build/Release-iphoneos/App.build/assetcatalog_output/unthinned (in target 'App' from project 'App')
    cd /Users/lekiaprosper/Documents/Dev/Connectize/Connectize-Frontend/ios/App
    /bin/mkdir -p /Users/lekiaprosper/Library/Developer/Xcode/DerivedData/App-bmeqrztakkzxpkcqfdhhsyyyzbjg/Build/Intermediates.noindex/ArchiveIntermediates/App/IntermediateBuildFilesPath/App.build/Release-iphoneos/App.build/assetcatalog_output/unthinned

MkDir /Users/lekiaprosper/Library/Developer/Xcode/DerivedData/App-bmeqrztakkzxpkcqfdhhsyyyzbjg/Build/Intermediates.noindex/ArchiveIntermediates/App/IntermediateBuildFilesPath/App.build/Release-iphoneos/App.build/assetcatalog_output/thinned (in target 'App' from project 'App')
    cd /Users/lekiaprosper/Documents/Dev/Connectize/Connectize-Frontend/ios/App
    /bin/mkdir -p /Users/lekiaprosper/Library/Developer/Xcode/DerivedData/App-bmeqrztakkzxpkcqfdhhsyyyzbjg/Build/Intermediates.noindex/ArchiveIntermediates/App/IntermediateBuildFilesPath/App.build/Release-iphoneos/App.build/assetcatalog_output/thinned

CpResource /Users/lekiaprosper/Library/Developer/Xcode/DerivedData/App-bmeqrztakkzxpkcqfdhhsyyyzbjg/Build/Intermediates.noindex/ArchiveIntermediates/App/InstallationBuildProductsLocation/Applications/App.app/public /Users/lekiaprosper/Documents/Dev/Connectize/Connectize-Frontend/ios/App/App/public (in target 'App' from project 'App')
    cd /Users/lekiaprosper/Documents/Dev/Connectize/Connectize-Frontend/ios/App
    builtin-copy -exclude .DS_Store -exclude CVS -exclude .svn -exclude .git -exclude .hg -resolve-src-symlinks /Users/lekiaprosper/Documents/Dev/Connectize/Connectize-Frontend/ios/App/App/public /Users/lekiaprosper/Library/Developer/Xcode/DerivedData/App-bmeqrztakkzxpkcqfdhhsyyyzbjg/Build/Intermediates.noindex/ArchiveIntermediates/App/InstallationBuildProductsLocation/Applications/App.app

CpResource /Users/lekiaprosper/Library/Developer/Xcode/DerivedData/App-bmeqrztakkzxpkcqfdhhsyyyzbjg/Build/Intermediates.noindex/ArchiveIntermediates/App/InstallationBuildProductsLocation/Applications/App.app/config.xml /Users/lekiaprosper/Documents/Dev/Connectize/Connectize-Frontend/ios/App/App/config.xml (in target 'App' from project 'App')
    cd /Users/lekiaprosper/Documents/Dev/Connectize/Connectize-Frontend/ios/App
    builtin-copy -exclude .DS_Store -exclude CVS -exclude .svn -exclude .git -exclude .hg -resolve-src-symlinks /Users/lekiaprosper/Documents/Dev/Connectize/Connectize-Frontend/ios/App/App/config.xml /Users/lekiaprosper/Library/Developer/Xcode/DerivedData/App-bmeqrztakkzxpkcqfdhhsyyyzbjg/Build/Intermediates.noindex/ArchiveIntermediates/App/InstallationBuildProductsLocation/Applications/App.app

CpResource /Users/lekiaprosper/Library/Developer/Xcode/DerivedData/App-bmeqrztakkzxpkcqfdhhsyyyzbjg/Build/Intermediates.noindex/ArchiveIntermediates/App/InstallationBuildProductsLocation/Applications/App.app/capacitor.config.json /Users/lekiaprosper/Documents/Dev/Connectize/Connectize-Frontend/ios/App/App/capacitor.config.json (in target 'App' from project 'App')
    cd /Users/lekiaprosper/Documents/Dev/Connectize/Connectize-Frontend/ios/App
    builtin-copy -exclude .DS_Store -exclude CVS -exclude .svn -exclude .git -exclude .hg -resolve-src-symlinks /Users/lekiaprosper/Documents/Dev/Connectize/Connectize-Frontend/ios/App/App/capacitor.config.json /Users/lekiaprosper/Library/Developer/Xcode/DerivedData/App-bmeqrztakkzxpkcqfdhhsyyyzbjg/Build/Intermediates.noindex/ArchiveIntermediates/App/InstallationBuildProductsLocation/Applications/App.app

GenerateAssetSymbols /Users/lekiaprosper/Documents/Dev/Connectize/Connectize-Frontend/ios/App/App/Assets.xcassets (in target 'App' from project 'App')
    cd /Users/lekiaprosper/Documents/Dev/Connectize/Connectize-Frontend/ios/App
    /Applications/Xcode.app/Contents/Developer/usr/bin/actool /Users/lekiaprosper/Documents/Dev/Connectize/Connectize-Frontend/ios/App/App/Assets.xcassets --compile /Users/lekiaprosper/Library/Developer/Xcode/DerivedData/App-bmeqrztakkzxpkcqfdhhsyyyzbjg/Build/Intermediates.noindex/ArchiveIntermediates/App/InstallationBuildProductsLocation/Applications/App.app --output-format human-readable-text --notices --warnings --export-dependency-info /Users/lekiaprosper/Library/Developer/Xcode/DerivedData/App-bmeqrztakkzxpkcqfdhhsyyyzbjg/Build/Intermediates.noindex/ArchiveIntermediates/App/IntermediateBuildFilesPath/App.build/Release-iphoneos/App.build/assetcatalog_dependencies --output-partial-info-plist /Users/lekiaprosper/Library/Developer/Xcode/DerivedData/App-bmeqrztakkzxpkcqfdhhsyyyzbjg/Build/Intermediates.noindex/ArchiveIntermediates/App/IntermediateBuildFilesPath/App.build/Release-iphoneos/App.build/assetcatalog_generated_info.plist --app-icon AppIcon --include-all-app-icons --compress-pngs --enable-on-demand-resources YES --development-region en --target-device iphone --target-device ipad --minimum-deployment-target 18.0 --platform iphoneos --bundle-identifier co.connectize.app --generate-swift-asset-symbols /Users/lekiaprosper/Library/Developer/Xcode/DerivedData/App-bmeqrztakkzxpkcqfdhhsyyyzbjg/Build/Intermediates.noindex/ArchiveIntermediates/App/IntermediateBuildFilesPath/App.build/Release-iphoneos/App.build/DerivedSources/GeneratedAssetSymbols.swift --generate-objc-asset-symbols /Users/lekiaprosper/Library/Developer/Xcode/DerivedData/App-bmeqrztakkzxpkcqfdhhsyyyzbjg/Build/Intermediates.noindex/ArchiveIntermediates/App/IntermediateBuildFilesPath/App.build/Release-iphoneos/App.build/DerivedSources/GeneratedAssetSymbols.h --generate-asset-symbol-index /Users/lekiaprosper/Library/Developer/Xcode/DerivedData/App-bmeqrztakkzxpkcqfdhhsyyyzbjg/Build/Intermediates.noindex/ArchiveIntermediates/App/IntermediateBuildFilesPath/App.build/Release-iphoneos/App.build/DerivedSources/GeneratedAssetSymbols-Index.plist
/* com.apple.actool.compilation-results */
/Users/lekiaprosper/Library/Developer/Xcode/DerivedData/App-bmeqrztakkzxpkcqfdhhsyyyzbjg/Build/Intermediates.noindex/ArchiveIntermediates/App/IntermediateBuildFilesPath/App.build/Release-iphoneos/App.build/DerivedSources/GeneratedAssetSymbols-Index.plist
/Users/lekiaprosper/Library/Developer/Xcode/DerivedData/App-bmeqrztakkzxpkcqfdhhsyyyzbjg/Build/Intermediates.noindex/ArchiveIntermediates/App/IntermediateBuildFilesPath/App.build/Release-iphoneos/App.build/DerivedSources/GeneratedAssetSymbols.h
/Users/lekiaprosper/Library/Developer/Xcode/DerivedData/App-bmeqrztakkzxpkcqfdhhsyyyzbjg/Build/Intermediates.noindex/ArchiveIntermediates/App/IntermediateBuildFilesPath/App.build/Release-iphoneos/App.build/DerivedSources/GeneratedAssetSymbols.swift


CompileStoryboard /Users/lekiaprosper/Documents/Dev/Connectize/Connectize-Frontend/ios/App/App/Base.lproj/Main.storyboard (in target 'App' from project 'App')
    cd /Users/lekiaprosper/Documents/Dev/Connectize/Connectize-Frontend/ios/App
    /Applications/Xcode.app/Contents/Developer/usr/bin/ibtool --errors --warnings --notices --module App --output-partial-info-plist /Users/lekiaprosper/Library/Developer/Xcode/DerivedData/App-bmeqrztakkzxpkcqfdhhsyyyzbjg/Build/Intermediates.noindex/ArchiveIntermediates/App/IntermediateBuildFilesPath/App.build/Release-iphoneos/App.build/Base.lproj/Main-SBPartialInfo.plist --auto-activate-custom-fonts --target-device iphone --target-device ipad --minimum-deployment-target 18.0 --output-format human-readable-text /Users/lekiaprosper/Documents/Dev/Connectize/Connectize-Frontend/ios/App/App/Base.lproj/Main.storyboard --compilation-directory /Users/lekiaprosper/Library/Developer/Xcode/DerivedData/App-bmeqrztakkzxpkcqfdhhsyyyzbjg/Build/Intermediates.noindex/ArchiveIntermediates/App/IntermediateBuildFilesPath/App.build/Release-iphoneos/App.build/Base.lproj

CompileStoryboard /Users/lekiaprosper/Documents/Dev/Connectize/Connectize-Frontend/ios/App/App/Base.lproj/LaunchScreen.storyboard (in target 'App' from project 'App')
    cd /Users/lekiaprosper/Documents/Dev/Connectize/Connectize-Frontend/ios/App
    /Applications/Xcode.app/Contents/Developer/usr/bin/ibtool --errors --warnings --notices --module App --output-partial-info-plist /Users/lekiaprosper/Library/Developer/Xcode/DerivedData/App-bmeqrztakkzxpkcqfdhhsyyyzbjg/Build/Intermediates.noindex/ArchiveIntermediates/App/IntermediateBuildFilesPath/App.build/Release-iphoneos/App.build/Base.lproj/LaunchScreen-SBPartialInfo.plist --auto-activate-custom-fonts --target-device iphone --target-device ipad --minimum-deployment-target 18.0 --output-format human-readable-text /Users/lekiaprosper/Documents/Dev/Connectize/Connectize-Frontend/ios/App/App/Base.lproj/LaunchScreen.storyboard --compilation-directory /Users/lekiaprosper/Library/Developer/Xcode/DerivedData/App-bmeqrztakkzxpkcqfdhhsyyyzbjg/Build/Intermediates.noindex/ArchiveIntermediates/App/IntermediateBuildFilesPath/App.build/Release-iphoneos/App.build/Base.lproj

CompileAssetCatalogVariant thinned /Users/lekiaprosper/Library/Developer/Xcode/DerivedData/App-bmeqrztakkzxpkcqfdhhsyyyzbjg/Build/Intermediates.noindex/ArchiveIntermediates/App/InstallationBuildProductsLocation/Applications/App.app /Users/lekiaprosper/Documents/Dev/Connectize/Connectize-Frontend/ios/App/App/Assets.xcassets (in target 'App' from project 'App')
    cd /Users/lekiaprosper/Documents/Dev/Connectize/Connectize-Frontend/ios/App
    /Applications/Xcode.app/Contents/Developer/usr/bin/actool /Users/lekiaprosper/Documents/Dev/Connectize/Connectize-Frontend/ios/App/App/Assets.xcassets --compile /Users/lekiaprosper/Library/Developer/Xcode/DerivedData/App-bmeqrztakkzxpkcqfdhhsyyyzbjg/Build/Intermediates.noindex/ArchiveIntermediates/App/IntermediateBuildFilesPath/App.build/Release-iphoneos/App.build/assetcatalog_output/thinned --output-format human-readable-text --notices --warnings --export-dependency-info /Users/lekiaprosper/Library/Developer/Xcode/DerivedData/App-bmeqrztakkzxpkcqfdhhsyyyzbjg/Build/Intermediates.noindex/ArchiveIntermediates/App/IntermediateBuildFilesPath/App.build/Release-iphoneos/App.build/assetcatalog_dependencies_thinned --output-partial-info-plist /Users/lekiaprosper/Library/Developer/Xcode/DerivedData/App-bmeqrztakkzxpkcqfdhhsyyyzbjg/Build/Intermediates.noindex/ArchiveIntermediates/App/IntermediateBuildFilesPath/App.build/Release-iphoneos/App.build/assetcatalog_generated_info.plist_thinned --app-icon AppIcon --include-all-app-icons --compress-pngs --enable-on-demand-resources YES --development-region en --target-device iphone --target-device ipad --minimum-deployment-target 18.0 --platform iphoneos
objc[96210]: Class _NoAnimationDelegate is implemented in both /Library/Developer/CoreSimulator/Volumes/iOS_23A343/Library/Developer/CoreSimulator/Profiles/Runtimes/iOS 26.0.simruntime/Contents/Resources/RuntimeRoot/System/Library/Frameworks/SwiftUICore.framework/SwiftUICore (0x1437b0130) and /Library/Developer/CoreSimulator/Volumes/iOS_23A343/Library/Developer/CoreSimulator/Profiles/Runtimes/iOS 26.0.simruntime/Contents/Resources/RuntimeRoot/System/Library/PrivateFrameworks/UIKitCore.framework/UIKitCore (0x140919198). This may cause spurious casting failures and mysterious crashes. One of the duplicates must be removed or renamed.
/* com.apple.actool.document.notices */
/Users/lekiaprosper/Documents/Dev/Connectize/Connectize-Frontend/ios/App/App/Assets.xcassets:./AppIcon.appiconset/[][ipad][76x76][][][1x][][][][]: notice: 76x76@1x app icons only apply to iPad apps targeting releases of iOS prior to 10.0.
/* com.apple.actool.compilation-results */
/Users/lekiaprosper/Library/Developer/Xcode/DerivedData/App-bmeqrztakkzxpkcqfdhhsyyyzbjg/Build/Intermediates.noindex/ArchiveIntermediates/App/IntermediateBuildFilesPath/App.build/Release-iphoneos/App.build/assetcatalog_generated_info.plist_thinned
/Users/lekiaprosper/Library/Developer/Xcode/DerivedData/App-bmeqrztakkzxpkcqfdhhsyyyzbjg/Build/Intermediates.noindex/ArchiveIntermediates/App/IntermediateBuildFilesPath/App.build/Release-iphoneos/App.build/assetcatalog_output/thinned/AppIcon60x60@2x.png
/Users/lekiaprosper/Library/Developer/Xcode/DerivedData/App-bmeqrztakkzxpkcqfdhhsyyyzbjg/Build/Intermediates.noindex/ArchiveIntermediates/App/IntermediateBuildFilesPath/App.build/Release-iphoneos/App.build/assetcatalog_output/thinned/AppIcon76x76@2x~ipad.png
/Users/lekiaprosper/Library/Developer/Xcode/DerivedData/App-bmeqrztakkzxpkcqfdhhsyyyzbjg/Build/Intermediates.noindex/ArchiveIntermediates/App/IntermediateBuildFilesPath/App.build/Release-iphoneos/App.build/assetcatalog_output/thinned/Assets.car


SwiftDriver App normal arm64 com.apple.xcode.tools.swift.compiler (in target 'App' from project 'App')
    cd /Users/lekiaprosper/Documents/Dev/Connectize/Connectize-Frontend/ios/App
    builtin-SwiftDriver -- /Applications/Xcode.app/Contents/Developer/Toolchains/XcodeDefault.xctoolchain/usr/bin/swiftc -module-name App -O -whole-module-optimization -enforce-exclusivity\=checked @/Users/lekiaprosper/Library/Developer/Xcode/DerivedData/App-bmeqrztakkzxpkcqfdhhsyyyzbjg/Build/Intermediates.noindex/ArchiveIntermediates/App/IntermediateBuildFilesPath/App.build/Release-iphoneos/App.build/Objects-normal/arm64/App.SwiftFileList -D COCOAPODS -enable-bare-slash-regex -enable-experimental-feature DebugDescriptionMacro -sdk /Applications/Xcode.app/Contents/Developer/Platforms/iPhoneOS.platform/Developer/SDKs/iPhoneOS26.0.sdk -target arm64-apple-ios18.0 -g -module-cache-path /Users/lekiaprosper/Library/Developer/Xcode/DerivedData/ModuleCache.noindex -Xfrontend -serialize-debugging-options -swift-version 5 -I /Users/lekiaprosper/Library/Developer/Xcode/DerivedData/App-bmeqrztakkzxpkcqfdhhsyyyzbjg/Build/Intermediates.noindex/ArchiveIntermediates/App/BuildProductsPath/Release-iphoneos -F /Users/lekiaprosper/Library/Developer/Xcode/DerivedData/App-bmeqrztakkzxpkcqfdhhsyyyzbjg/Build/Intermediates.noindex/ArchiveIntermediates/App/BuildProductsPath/Release-iphoneos -F /Users/lekiaprosper/Library/Developer/Xcode/DerivedData/App-bmeqrztakkzxpkcqfdhhsyyyzbjg/Build/Intermediates.noindex/ArchiveIntermediates/App/BuildProductsPath/Release-iphoneos/Capacitor -F /Users/lekiaprosper/Library/Developer/Xcode/DerivedData/App-bmeqrztakkzxpkcqfdhhsyyyzbjg/Build/Intermediates.noindex/ArchiveIntermediates/App/BuildProductsPath/Release-iphoneos/CapacitorCordova -F /Users/lekiaprosper/Library/Developer/Xcode/DerivedData/App-bmeqrztakkzxpkcqfdhhsyyyzbjg/Build/Intermediates.noindex/ArchiveIntermediates/App/BuildProductsPath/Release-iphoneos/CapacitorSplashScreen -F /Users/lekiaprosper/Library/Developer/Xcode/DerivedData/App-bmeqrztakkzxpkcqfdhhsyyyzbjg/Build/Intermediates.noindex/ArchiveIntermediates/App/BuildProductsPath/Release-iphoneos/CapacitorStatusBar -c -num-threads 10 -Xcc -ivfsstatcache -Xcc /Users/lekiaprosper/Library/Developer/Xcode/DerivedData/SDKStatCaches.noindex/iphoneos26.0-23A339-81ce72e5b06c9602b9d30b56f2eed08a.sdkstatcache -output-file-map /Users/lekiaprosper/Library/Developer/Xcode/DerivedData/App-bmeqrztakkzxpkcqfdhhsyyyzbjg/Build/Intermediates.noindex/ArchiveIntermediates/App/IntermediateBuildFilesPath/App.build/Release-iphoneos/App.build/Objects-normal/arm64/App-OutputFileMap.json -use-frontend-parseable-output -save-temps -no-color-diagnostics -explicit-module-build -module-cache-path /Users/lekiaprosper/Library/Developer/Xcode/DerivedData/App-bmeqrztakkzxpkcqfdhhsyyyzbjg/Build/Intermediates.noindex/ArchiveIntermediates/App/IntermediateBuildFilesPath/SwiftExplicitPrecompiledModules -clang-scanner-module-cache-path /Users/lekiaprosper/Library/Developer/Xcode/DerivedData/ModuleCache.noindex -sdk-module-cache-path /Users/lekiaprosper/Library/Developer/Xcode/DerivedData/ModuleCache.noindex -serialize-diagnostics -emit-dependencies -emit-module -emit-module-path /Users/lekiaprosper/Library/Developer/Xcode/DerivedData/App-bmeqrztakkzxpkcqfdhhsyyyzbjg/Build/Intermediates.noindex/ArchiveIntermediates/App/IntermediateBuildFilesPath/App.build/Release-iphoneos/App.build/Objects-normal/arm64/App.swiftmodule -validate-clang-modules-once -clang-build-session-file /Users/lekiaprosper/Library/Developer/Xcode/DerivedData/ModuleCache.noindex/Session.modulevalidation -Xcc -I/Users/lekiaprosper/Library/Developer/Xcode/DerivedData/App-bmeqrztakkzxpkcqfdhhsyyyzbjg/Build/Intermediates.noindex/ArchiveIntermediates/App/IntermediateBuildFilesPath/App.build/Release-iphoneos/App.build/swift-overrides.hmap -emit-const-values -Xfrontend -const-gather-protocols-file -Xfrontend /Users/lekiaprosper/Library/Developer/Xcode/DerivedData/App-bmeqrztakkzxpkcqfdhhsyyyzbjg/Build/Intermediates.noindex/ArchiveIntermediates/App/IntermediateBuildFilesPath/App.build/Release-iphoneos/App.build/Objects-normal/arm64/App_const_extract_protocols.json -Xcc -iquote -Xcc /Users/lekiaprosper/Library/Developer/Xcode/DerivedData/App-bmeqrztakkzxpkcqfdhhsyyyzbjg/Build/Intermediates.noindex/ArchiveIntermediates/App/IntermediateBuildFilesPath/App.build/Release-iphoneos/App.build/App-generated-files.hmap -Xcc -I/Users/lekiaprosper/Library/Developer/Xcode/DerivedData/App-bmeqrztakkzxpkcqfdhhsyyyzbjg/Build/Intermediates.noindex/ArchiveIntermediates/App/IntermediateBuildFilesPath/App.build/Release-iphoneos/App.build/App-own-target-headers.hmap -Xcc -I/Users/lekiaprosper/Library/Developer/Xcode/DerivedData/App-bmeqrztakkzxpkcqfdhhsyyyzbjg/Build/Intermediates.noindex/ArchiveIntermediates/App/IntermediateBuildFilesPath/App.build/Release-iphoneos/App.build/App-all-non-framework-target-headers.hmap -Xcc -ivfsoverlay -Xcc /Users/lekiaprosper/Library/Developer/Xcode/DerivedData/App-bmeqrztakkzxpkcqfdhhsyyyzbjg/Build/Intermediates.noindex/ArchiveIntermediates/App/IntermediateBuildFilesPath/App.build/Release-iphoneos/App-0ca3007d900a678c2b4d53418799ee3d-VFS-iphoneos/all-product-headers.yaml -Xcc -iquote -Xcc /Users/lekiaprosper/Library/Developer/Xcode/DerivedData/App-bmeqrztakkzxpkcqfdhhsyyyzbjg/Build/Intermediates.noindex/ArchiveIntermediates/App/IntermediateBuildFilesPath/App.build/Release-iphoneos/App.build/App-project-headers.hmap -Xcc -I/Users/lekiaprosper/Library/Developer/Xcode/DerivedData/App-bmeqrztakkzxpkcqfdhhsyyyzbjg/Build/Intermediates.noindex/ArchiveIntermediates/App/BuildProductsPath/Release-iphoneos/include -Xcc -I/Users/lekiaprosper/Library/Developer/Xcode/DerivedData/App-bmeqrztakkzxpkcqfdhhsyyyzbjg/Build/Intermediates.noindex/ArchiveIntermediates/App/BuildProductsPath/Release-iphoneos/Capacitor/Capacitor.framework/Headers -Xcc -I/Users/lekiaprosper/Library/Developer/Xcode/DerivedData/App-bmeqrztakkzxpkcqfdhhsyyyzbjg/Build/Intermediates.noindex/ArchiveIntermediates/App/BuildProductsPath/Release-iphoneos/CapacitorCordova/Cordova.framework/Headers -Xcc -I/Users/lekiaprosper/Library/Developer/Xcode/DerivedData/App-bmeqrztakkzxpkcqfdhhsyyyzbjg/Build/Intermediates.noindex/ArchiveIntermediates/App/BuildProductsPath/Release-iphoneos/CapacitorSplashScreen/CapacitorSplashScreen.framework/Headers -Xcc -I/Users/lekiaprosper/Library/Developer/Xcode/DerivedData/App-bmeqrztakkzxpkcqfdhhsyyyzbjg/Build/Intermediates.noindex/ArchiveIntermediates/App/BuildProductsPath/Release-iphoneos/CapacitorStatusBar/CapacitorStatusBar.framework/Headers -Xcc -I/Users/lekiaprosper/Library/Developer/Xcode/DerivedData/App-bmeqrztakkzxpkcqfdhhsyyyzbjg/Build/Intermediates.noindex/ArchiveIntermediates/App/IntermediateBuildFilesPath/App.build/Release-iphoneos/App.build/DerivedSources-normal/arm64 -Xcc -I/Users/lekiaprosper/Library/Developer/Xcode/DerivedData/App-bmeqrztakkzxpkcqfdhhsyyyzbjg/Build/Intermediates.noindex/ArchiveIntermediates/App/IntermediateBuildFilesPath/App.build/Release-iphoneos/App.build/DerivedSources/arm64 -Xcc -I/Users/lekiaprosper/Library/Developer/Xcode/DerivedData/App-bmeqrztakkzxpkcqfdhhsyyyzbjg/Build/Intermediates.noindex/ArchiveIntermediates/App/IntermediateBuildFilesPath/App.build/Release-iphoneos/App.build/DerivedSources -Xcc -DCOCOAPODS\=1 -emit-objc-header -emit-objc-header-path /Users/lekiaprosper/Library/Developer/Xcode/DerivedData/App-bmeqrztakkzxpkcqfdhhsyyyzbjg/Build/Intermediates.noindex/ArchiveIntermediates/App/IntermediateBuildFilesPath/App.build/Release-iphoneos/App.build/Objects-normal/arm64/App-Swift.h -working-directory /Users/lekiaprosper/Documents/Dev/Connectize/Connectize-Frontend/ios/App -no-emit-module-separately-wmo

SwiftDriver\ Compilation App normal arm64 com.apple.xcode.tools.swift.compiler (in target 'App' from project 'App')
    cd /Users/lekiaprosper/Documents/Dev/Connectize/Connectize-Frontend/ios/App
    builtin-Swift-Compilation -- /Applications/Xcode.app/Contents/Developer/Toolchains/XcodeDefault.xctoolchain/usr/bin/swiftc -module-name App -O -whole-module-optimization -enforce-exclusivity\=checked @/Users/lekiaprosper/Library/Developer/Xcode/DerivedData/App-bmeqrztakkzxpkcqfdhhsyyyzbjg/Build/Intermediates.noindex/ArchiveIntermediates/App/IntermediateBuildFilesPath/App.build/Release-iphoneos/App.build/Objects-normal/arm64/App.SwiftFileList -D COCOAPODS -enable-bare-slash-regex -enable-experimental-feature DebugDescriptionMacro -sdk /Applications/Xcode.app/Contents/Developer/Platforms/iPhoneOS.platform/Developer/SDKs/iPhoneOS26.0.sdk -target arm64-apple-ios18.0 -g -module-cache-path /Users/lekiaprosper/Library/Developer/Xcode/DerivedData/ModuleCache.noindex -Xfrontend -serialize-debugging-options -swift-version 5 -I /Users/lekiaprosper/Library/Developer/Xcode/DerivedData/App-bmeqrztakkzxpkcqfdhhsyyyzbjg/Build/Intermediates.noindex/ArchiveIntermediates/App/BuildProductsPath/Release-iphoneos -F /Users/lekiaprosper/Library/Developer/Xcode/DerivedData/App-bmeqrztakkzxpkcqfdhhsyyyzbjg/Build/Intermediates.noindex/ArchiveIntermediates/App/BuildProductsPath/Release-iphoneos -F /Users/lekiaprosper/Library/Developer/Xcode/DerivedData/App-bmeqrztakkzxpkcqfdhhsyyyzbjg/Build/Intermediates.noindex/ArchiveIntermediates/App/BuildProductsPath/Release-iphoneos/Capacitor -F /Users/lekiaprosper/Library/Developer/Xcode/DerivedData/App-bmeqrztakkzxpkcqfdhhsyyyzbjg/Build/Intermediates.noindex/ArchiveIntermediates/App/BuildProductsPath/Release-iphoneos/CapacitorCordova -F /Users/lekiaprosper/Library/Developer/Xcode/DerivedData/App-bmeqrztakkzxpkcqfdhhsyyyzbjg/Build/Intermediates.noindex/ArchiveIntermediates/App/BuildProductsPath/Release-iphoneos/CapacitorSplashScreen -F /Users/lekiaprosper/Library/Developer/Xcode/DerivedData/App-bmeqrztakkzxpkcqfdhhsyyyzbjg/Build/Intermediates.noindex/ArchiveIntermediates/App/BuildProductsPath/Release-iphoneos/CapacitorStatusBar -c -num-threads 10 -Xcc -ivfsstatcache -Xcc /Users/lekiaprosper/Library/Developer/Xcode/DerivedData/SDKStatCaches.noindex/iphoneos26.0-23A339-81ce72e5b06c9602b9d30b56f2eed08a.sdkstatcache -output-file-map /Users/lekiaprosper/Library/Developer/Xcode/DerivedData/App-bmeqrztakkzxpkcqfdhhsyyyzbjg/Build/Intermediates.noindex/ArchiveIntermediates/App/IntermediateBuildFilesPath/App.build/Release-iphoneos/App.build/Objects-normal/arm64/App-OutputFileMap.json -use-frontend-parseable-output -save-temps -no-color-diagnostics -explicit-module-build -module-cache-path /Users/lekiaprosper/Library/Developer/Xcode/DerivedData/App-bmeqrztakkzxpkcqfdhhsyyyzbjg/Build/Intermediates.noindex/ArchiveIntermediates/App/IntermediateBuildFilesPath/SwiftExplicitPrecompiledModules -clang-scanner-module-cache-path /Users/lekiaprosper/Library/Developer/Xcode/DerivedData/ModuleCache.noindex -sdk-module-cache-path /Users/lekiaprosper/Library/Developer/Xcode/DerivedData/ModuleCache.noindex -serialize-diagnostics -emit-dependencies -emit-module -emit-module-path /Users/lekiaprosper/Library/Developer/Xcode/DerivedData/App-bmeqrztakkzxpkcqfdhhsyyyzbjg/Build/Intermediates.noindex/ArchiveIntermediates/App/IntermediateBuildFilesPath/App.build/Release-iphoneos/App.build/Objects-normal/arm64/App.swiftmodule -validate-clang-modules-once -clang-build-session-file /Users/lekiaprosper/Library/Developer/Xcode/DerivedData/ModuleCache.noindex/Session.modulevalidation -Xcc -I/Users/lekiaprosper/Library/Developer/Xcode/DerivedData/App-bmeqrztakkzxpkcqfdhhsyyyzbjg/Build/Intermediates.noindex/ArchiveIntermediates/App/IntermediateBuildFilesPath/App.build/Release-iphoneos/App.build/swift-overrides.hmap -emit-const-values -Xfrontend -const-gather-protocols-file -Xfrontend /Users/lekiaprosper/Library/Developer/Xcode/DerivedData/App-bmeqrztakkzxpkcqfdhhsyyyzbjg/Build/Intermediates.noindex/ArchiveIntermediates/App/IntermediateBuildFilesPath/App.build/Release-iphoneos/App.build/Objects-normal/arm64/App_const_extract_protocols.json -Xcc -iquote -Xcc /Users/lekiaprosper/Library/Developer/Xcode/DerivedData/App-bmeqrztakkzxpkcqfdhhsyyyzbjg/Build/Intermediates.noindex/ArchiveIntermediates/App/IntermediateBuildFilesPath/App.build/Release-iphoneos/App.build/App-generated-files.hmap -Xcc -I/Users/lekiaprosper/Library/Developer/Xcode/DerivedData/App-bmeqrztakkzxpkcqfdhhsyyyzbjg/Build/Intermediates.noindex/ArchiveIntermediates/App/IntermediateBuildFilesPath/App.build/Release-iphoneos/App.build/App-own-target-headers.hmap -Xcc -I/Users/lekiaprosper/Library/Developer/Xcode/DerivedData/App-bmeqrztakkzxpkcqfdhhsyyyzbjg/Build/Intermediates.noindex/ArchiveIntermediates/App/IntermediateBuildFilesPath/App.build/Release-iphoneos/App.build/App-all-non-framework-target-headers.hmap -Xcc -ivfsoverlay -Xcc /Users/lekiaprosper/Library/Developer/Xcode/DerivedData/App-bmeqrztakkzxpkcqfdhhsyyyzbjg/Build/Intermediates.noindex/ArchiveIntermediates/App/IntermediateBuildFilesPath/App.build/Release-iphoneos/App-0ca3007d900a678c2b4d53418799ee3d-VFS-iphoneos/all-product-headers.yaml -Xcc -iquote -Xcc /Users/lekiaprosper/Library/Developer/Xcode/DerivedData/App-bmeqrztakkzxpkcqfdhhsyyyzbjg/Build/Intermediates.noindex/ArchiveIntermediates/App/IntermediateBuildFilesPath/App.build/Release-iphoneos/App.build/App-project-headers.hmap -Xcc -I/Users/lekiaprosper/Library/Developer/Xcode/DerivedData/App-bmeqrztakkzxpkcqfdhhsyyyzbjg/Build/Intermediates.noindex/ArchiveIntermediates/App/BuildProductsPath/Release-iphoneos/include -Xcc -I/Users/lekiaprosper/Library/Developer/Xcode/DerivedData/App-bmeqrztakkzxpkcqfdhhsyyyzbjg/Build/Intermediates.noindex/ArchiveIntermediates/App/BuildProductsPath/Release-iphoneos/Capacitor/Capacitor.framework/Headers -Xcc -I/Users/lekiaprosper/Library/Developer/Xcode/DerivedData/App-bmeqrztakkzxpkcqfdhhsyyyzbjg/Build/Intermediates.noindex/ArchiveIntermediates/App/BuildProductsPath/Release-iphoneos/CapacitorCordova/Cordova.framework/Headers -Xcc -I/Users/lekiaprosper/Library/Developer/Xcode/DerivedData/App-bmeqrztakkzxpkcqfdhhsyyyzbjg/Build/Intermediates.noindex/ArchiveIntermediates/App/BuildProductsPath/Release-iphoneos/CapacitorSplashScreen/CapacitorSplashScreen.framework/Headers -Xcc -I/Users/lekiaprosper/Library/Developer/Xcode/DerivedData/App-bmeqrztakkzxpkcqfdhhsyyyzbjg/Build/Intermediates.noindex/ArchiveIntermediates/App/BuildProductsPath/Release-iphoneos/CapacitorStatusBar/CapacitorStatusBar.framework/Headers -Xcc -I/Users/lekiaprosper/Library/Developer/Xcode/DerivedData/App-bmeqrztakkzxpkcqfdhhsyyyzbjg/Build/Intermediates.noindex/ArchiveIntermediates/App/IntermediateBuildFilesPath/App.build/Release-iphoneos/App.build/DerivedSources-normal/arm64 -Xcc -I/Users/lekiaprosper/Library/Developer/Xcode/DerivedData/App-bmeqrztakkzxpkcqfdhhsyyyzbjg/Build/Intermediates.noindex/ArchiveIntermediates/App/IntermediateBuildFilesPath/App.build/Release-iphoneos/App.build/DerivedSources/arm64 -Xcc -I/Users/lekiaprosper/Library/Developer/Xcode/DerivedData/App-bmeqrztakkzxpkcqfdhhsyyyzbjg/Build/Intermediates.noindex/ArchiveIntermediates/App/IntermediateBuildFilesPath/App.build/Release-iphoneos/App.build/DerivedSources -Xcc -DCOCOAPODS\=1 -emit-objc-header -emit-objc-header-path /Users/lekiaprosper/Library/Developer/Xcode/DerivedData/App-bmeqrztakkzxpkcqfdhhsyyyzbjg/Build/Intermediates.noindex/ArchiveIntermediates/App/IntermediateBuildFilesPath/App.build/Release-iphoneos/App.build/Objects-normal/arm64/App-Swift.h -working-directory /Users/lekiaprosper/Documents/Dev/Connectize/Connectize-Frontend/ios/App -no-emit-module-separately-wmo

SwiftExplicitDependencyGeneratePcm arm64 /Users/lekiaprosper/Library/Developer/Xcode/DerivedData/ModuleCache.noindex/ptrcheck-8NX5SBJG0C7UF676WFQO8UXHS.pcm

SwiftExplicitDependencyGeneratePcm arm64 /Users/lekiaprosper/Library/Developer/Xcode/DerivedData/ModuleCache.noindex/ptrauth-7UHMLV0TQHYAH3PRI6SDFVXPI.pcm

SwiftExplicitDependencyGeneratePcm arm64 /Users/lekiaprosper/Library/Developer/Xcode/DerivedData/ModuleCache.noindex/_AvailabilityInternal-3SQHHIF7TT3H1GHNG46YOT2NT.pcm

SwiftExplicitDependencyGeneratePcm arm64 /Users/lekiaprosper/Library/Developer/Xcode/DerivedData/ModuleCache.noindex/SwiftShims-3TOJ0YXV1G8YX23Q7QKA3L7VT.pcm

SwiftExplicitDependencyGeneratePcm arm64 /Users/lekiaprosper/Library/Developer/Xcode/DerivedData/ModuleCache.noindex/_Builtin_stdarg-1DHDOAWWSQGL6KMB58LHXD14B.pcm

SwiftExplicitDependencyGeneratePcm arm64 /Users/lekiaprosper/Library/Developer/Xcode/DerivedData/ModuleCache.noindex/_SwiftConcurrencyShims-E07JWZ83P3SOQ5L636VZ7NJVD.pcm

SwiftExplicitDependencyGeneratePcm arm64 /Users/lekiaprosper/Library/Developer/Xcode/DerivedData/ModuleCache.noindex/_Builtin_float-82BG9MJ14OOULG3Q6YNHMAANZ.pcm

SwiftExplicitDependencyGeneratePcm arm64 /Users/lekiaprosper/Library/Developer/Xcode/DerivedData/ModuleCache.noindex/_Builtin_stdbool-C7A69M5MWA9LSVD241BPN01PX.pcm

SwiftExplicitDependencyGeneratePcm arm64 /Users/lekiaprosper/Library/Developer/Xcode/DerivedData/ModuleCache.noindex/DeveloperToolsSupport-CAPTHXT2L95PLC0OSH7X2WC5U.pcm

SwiftExplicitDependencyGeneratePcm arm64 /Users/lekiaprosper/Library/Developer/Xcode/DerivedData/ModuleCache.noindex/_Builtin_stddef-7IPHM7B8K0P0AAXHHDPHWT3LF.pcm

SwiftExplicitDependencyGeneratePcm arm64 /Users/lekiaprosper/Library/Developer/Xcode/DerivedData/ModuleCache.noindex/_DarwinFoundation1-DQQC5XCBFKJPMDBZE7DZLP1J8.pcm

SwiftExplicitDependencyGeneratePcm arm64 /Users/lekiaprosper/Library/Developer/Xcode/DerivedData/ModuleCache.noindex/_Builtin_limits-4ULE9RD8X3CSC75XRZK66Z1ZQ.pcm

SwiftExplicitDependencyGeneratePcm arm64 /Users/lekiaprosper/Library/Developer/Xcode/DerivedData/ModuleCache.noindex/_DarwinFoundation2-DYPOYKF0YXML42F376ZW3ZPSF.pcm

SwiftExplicitDependencyGeneratePcm arm64 /Users/lekiaprosper/Library/Developer/Xcode/DerivedData/ModuleCache.noindex/_Builtin_stdint-DUL0Z8JH27QMLI4D0HEQ1KTKC.pcm

SwiftExplicitDependencyGeneratePcm arm64 /Users/lekiaprosper/Library/Developer/Xcode/DerivedData/ModuleCache.noindex/sys_types-2GQHQ2HY21RMH3Z2KQC6EXNVQ.pcm

SwiftExplicitDependencyGeneratePcm arm64 /Users/lekiaprosper/Library/Developer/Xcode/DerivedData/ModuleCache.noindex/_Builtin_tgmath-3MYBE80OAQIMMLQR9KQL30511.pcm

SwiftExplicitDependencyGeneratePcm arm64 /Users/lekiaprosper/Library/Developer/Xcode/DerivedData/ModuleCache.noindex/_Builtin_stdatomic-A3FW07ZTT2R94SU1DBFGE2YI7.pcm

SwiftExplicitDependencyGeneratePcm arm64 /Users/lekiaprosper/Library/Developer/Xcode/DerivedData/ModuleCache.noindex/_Builtin_intrinsics-RFDBK0L5CCDCZ7JDQFILAV9N.pcm

SwiftExplicitDependencyGeneratePcm arm64 /Users/lekiaprosper/Library/Developer/Xcode/DerivedData/ModuleCache.noindex/_DarwinFoundation3-CFS1CF4PZ4MX61TEKGWLU7SP7.pcm

SwiftExplicitDependencyGeneratePcm arm64 /Users/lekiaprosper/Library/Developer/Xcode/DerivedData/ModuleCache.noindex/CommonCrypto-DJ1PEAZ8P8BWET6YEFQ9O8143.pcm

SwiftExplicitDependencyGeneratePcm arm64 /Users/lekiaprosper/Library/Developer/Xcode/DerivedData/ModuleCache.noindex/_Builtin_inttypes-5NYBY79IOWZ1W8UB2567KIBLE.pcm

SwiftExplicitDependencyGeneratePcm arm64 /Users/lekiaprosper/Library/Developer/Xcode/DerivedData/ModuleCache.noindex/Darwin-AEIH1R1QD6F70QSGMRKCXG9J0.pcm

SwiftExplicitDependencyGeneratePcm arm64 /Users/lekiaprosper/Library/Developer/Xcode/DerivedData/ModuleCache.noindex/simd-1HCO2EU0WS2528E1GSCKDWD74.pcm

SwiftExplicitDependencyGeneratePcm arm64 /Users/lekiaprosper/Library/Developer/Xcode/DerivedData/ModuleCache.noindex/ObjectiveC-ENBFNYC08X9Z7PX5SOV75X10Y.pcm

SwiftExplicitDependencyGeneratePcm arm64 /Users/lekiaprosper/Library/Developer/Xcode/DerivedData/ModuleCache.noindex/MachO-D89GSENIAXQ585XATN6QRK6BH.pcm

SwiftExplicitDependencyGeneratePcm arm64 /Users/lekiaprosper/Library/Developer/Xcode/DerivedData/ModuleCache.noindex/os_object-A334820V7MA68COALKQYOJKJE.pcm

SwiftExplicitDependencyGeneratePcm arm64 /Users/lekiaprosper/Library/Developer/Xcode/DerivedData/ModuleCache.noindex/os_workgroup-46D0RMXA4XNJF6NF9UE805ZM7.pcm

SwiftExplicitDependencyGeneratePcm arm64 /Users/lekiaprosper/Library/Developer/Xcode/DerivedData/ModuleCache.noindex/Spatial-8GI4ZLQITJX181KRSE3QN9348.pcm

SwiftExplicitDependencyGeneratePcm arm64 /Users/lekiaprosper/Library/Developer/Xcode/DerivedData/ModuleCache.noindex/Dispatch-70H2TPNUKOLQ05PTQJE2WT5SO.pcm

SwiftExplicitDependencyGeneratePcm arm64 /Users/lekiaprosper/Library/Developer/Xcode/DerivedData/ModuleCache.noindex/dnssd-DDGIIRN54PEXC3KA5XFXS0G2M.pcm

SwiftExplicitDependencyGeneratePcm arm64 /Users/lekiaprosper/Library/Developer/Xcode/DerivedData/ModuleCache.noindex/CoreFoundation-6M84O5X77RE772YEDCY5PIGS0.pcm

SwiftExplicitDependencyGeneratePcm arm64 /Users/lekiaprosper/Library/Developer/Xcode/DerivedData/ModuleCache.noindex/XPC-E847XS7FU3SD86F96HYZ5ZHY7.pcm

SwiftExplicitDependencyGeneratePcm arm64 /Users/lekiaprosper/Library/Developer/Xcode/DerivedData/ModuleCache.noindex/os-29NMTN01UQ6KG1806TZWSUC38.pcm

SwiftExplicitDependencyGeneratePcm arm64 /Users/lekiaprosper/Library/Developer/Xcode/DerivedData/ModuleCache.noindex/CoreGraphics-8SFYMH3OZKP3QS7VDZNXLQ65K.pcm

SwiftExplicitDependencyGeneratePcm arm64 /Users/lekiaprosper/Library/Developer/Xcode/DerivedData/ModuleCache.noindex/Security-EBS4M7VCHYSJ5CFYREY1MSJ2F.pcm

SwiftExplicitDependencyGeneratePcm arm64 /Users/lekiaprosper/Library/Developer/Xcode/DerivedData/ModuleCache.noindex/CFNetwork-EFOZD2MI2DPSUOFKO3CE02AOX.pcm

SwiftExplicitDependencyGeneratePcm arm64 /Users/lekiaprosper/Library/Developer/Xcode/DerivedData/ModuleCache.noindex/CoreServices-9IAEZXI0EU3S8PRER5TPZLZ66.pcm

SwiftExplicitDependencyGeneratePcm arm64 /Users/lekiaprosper/Library/Developer/Xcode/DerivedData/ModuleCache.noindex/MobileCoreServices-ADF490VL49LOJ7WUTE5D2ZLO8.pcm

SwiftExplicitDependencyGeneratePcm arm64 /Users/lekiaprosper/Library/Developer/Xcode/DerivedData/ModuleCache.noindex/Foundation-1PWLGHIJIRI3VFC0R6RCYVK1C.pcm

SwiftExplicitDependencyGeneratePcm arm64 /Users/lekiaprosper/Library/Developer/Xcode/DerivedData/ModuleCache.noindex/ImageIO-DLLNILJ6YAUHT4EPB5J58MB7Y.pcm

SwiftExplicitDependencyGeneratePcm arm64 /Users/lekiaprosper/Library/Developer/Xcode/DerivedData/ModuleCache.noindex/CoreText-5IUWB0300KUDALKWGRYDVPC03.pcm

SwiftExplicitDependencyGeneratePcm arm64 /Users/lekiaprosper/Library/Developer/Xcode/DerivedData/ModuleCache.noindex/Symbols-71IW1IEUBUF6VY38KE78X6AAW.pcm

SwiftExplicitDependencyGeneratePcm arm64 /Users/lekiaprosper/Library/Developer/Xcode/DerivedData/ModuleCache.noindex/DataDetection-BL7T08264DR3K01KNFAVTXEOL.pcm

SwiftExplicitDependencyGeneratePcm arm64 /Users/lekiaprosper/Library/Developer/Xcode/DerivedData/ModuleCache.noindex/Network-5K2TJ71VBLJUUAHB77FJJVWZ.pcm

SwiftExplicitDependencyGeneratePcm arm64 /Users/lekiaprosper/Library/Developer/Xcode/DerivedData/ModuleCache.noindex/FileProvider-5CUEZO3ARNRO46719G74T0O73.pcm

SwiftExplicitDependencyGeneratePcm arm64 /Users/lekiaprosper/Library/Developer/Xcode/DerivedData/ModuleCache.noindex/OSLog-44U7PDBTLWUQ49QZ0ZIMQWL8K.pcm

SwiftExplicitDependencyGeneratePcm arm64 /Users/lekiaprosper/Library/Developer/Xcode/DerivedData/ModuleCache.noindex/UniformTypeIdentifiers-499EH8B3CQB4JW4NSK6OWAO6O.pcm

SwiftExplicitDependencyGeneratePcm arm64 /Users/lekiaprosper/Library/Developer/Xcode/DerivedData/ModuleCache.noindex/CoreTransferable-6N98JBS0N73GVHIT824CTIW5K.pcm

SwiftExplicitDependencyGeneratePcm arm64 /Users/lekiaprosper/Library/Developer/Xcode/DerivedData/ModuleCache.noindex/Accessibility-1N7AAVUQ3BP8H1OG56BAPNOTZ.pcm

SwiftExplicitDependencyGeneratePcm arm64 /Users/lekiaprosper/Library/Developer/Xcode/DerivedData/ModuleCache.noindex/UserNotifications-BMWU38RQKQKUL6Z68IJTMWJEU.pcm

SwiftExplicitDependencyGeneratePcm arm64 /Users/lekiaprosper/Library/Developer/Xcode/DerivedData/ModuleCache.noindex/UIUtilities-CKSRC8EK7K8F045YK7CDXCJQS.pcm

SwiftExplicitDependencyGeneratePcm arm64 /Users/lekiaprosper/Library/Developer/Xcode/DerivedData/ModuleCache.noindex/CoreData-6Z3CMOKSZHUQJW6SO1DOB1DH5.pcm

SwiftExplicitDependencyGeneratePcm arm64 /Users/lekiaprosper/Library/Developer/Xcode/DerivedData/ModuleCache.noindex/IOSurface-6SQI93C6VM66GUFLZM2K16PMP.pcm

SwiftExplicitDependencyGeneratePcm arm64 /Users/lekiaprosper/Library/Developer/Xcode/DerivedData/ModuleCache.noindex/Metal-5VLXPLZFMUSKICK1TC9CDXMHM.pcm

SwiftExplicitDependencyGeneratePcm arm64 /Users/lekiaprosper/Library/Developer/Xcode/DerivedData/ModuleCache.noindex/OpenGLES-4JPCZVSC048RKJ7AJ37L31F7I.pcm

SwiftExplicitDependencyGeneratePcm arm64 /Users/lekiaprosper/Library/Developer/Xcode/DerivedData/ModuleCache.noindex/CoreVideo-OSGA4WRMZ9YX42BSVSX1TZVD.pcm

SwiftExplicitDependencyGeneratePcm arm64 /Users/lekiaprosper/Library/Developer/Xcode/DerivedData/ModuleCache.noindex/CoreImage-BITVRCU3K47KYX1C6EO0CC43Y.pcm

SwiftExplicitDependencyGeneratePcm arm64 /Users/lekiaprosper/Library/Developer/Xcode/DerivedData/ModuleCache.noindex/QuartzCore-4CKABNN1F1N65MKZVJHU472OR.pcm

SwiftExplicitDependencyGeneratePcm arm64 /Users/lekiaprosper/Library/Developer/Xcode/DerivedData/ModuleCache.noindex/SwiftUICore-1ECWDH0U3Q2Q8NS9YUT8WV8T8.pcm

SwiftExplicitDependencyGeneratePcm arm64 /Users/lekiaprosper/Library/Developer/Xcode/DerivedData/ModuleCache.noindex/UIKit-17RFXE3OL59UT1U4Z1EIN2GX3.pcm

SwiftExplicitDependencyGeneratePcm arm64 /Users/lekiaprosper/Library/Developer/Xcode/DerivedData/ModuleCache.noindex/WebKit-2XJD35T3JOCL6S3R3HHCAL2HI.pcm

SwiftExplicitDependencyGeneratePcm arm64 /Users/lekiaprosper/Library/Developer/Xcode/DerivedData/ModuleCache.noindex/SwiftUI-2Q3TG4205LFRAL2ETHNLH2VBR.pcm

SwiftExplicitDependencyGeneratePcm arm64 /Users/lekiaprosper/Library/Developer/Xcode/DerivedData/App-bmeqrztakkzxpkcqfdhhsyyyzbjg/Build/Intermediates.noindex/ArchiveIntermediates/App/IntermediateBuildFilesPath/SwiftExplicitPrecompiledModules/Cordova-2UPRYY0ZF9L708FATAK9I83H5.pcm
<module-includes>:1:9: note: in file included from <module-includes>:1:
1 | #import "Headers/CapacitorCordova.h"
  |         `- note: in file included from <module-includes>:1:
2 | 

/Users/lekiaprosper/Library/Developer/Xcode/DerivedData/App-bmeqrztakkzxpkcqfdhhsyyyzbjg/Build/Intermediates.noindex/ArchiveIntermediates/App/IntermediateBuildFilesPath/UninstalledProducts/iphoneos/Cordova.framework/Headers/CapacitorCordova.h:10:9: note: in file included from /Users/lekiaprosper/Library/Developer/Xcode/DerivedData/App-bmeqrztakkzxpkcqfdhhsyyyzbjg/Build/Intermediates.noindex/ArchiveIntermediates/App/IntermediateBuildFilesPath/UninstalledProducts/iphoneos/Cordova.framework/Headers/CapacitorCordova.h:10:
 8 | 
 9 | #import <Cordova/AppDelegate.h>
10 | #import <Cordova/CDV.h>
   |         `- note: in file included from /Users/lekiaprosper/Library/Developer/Xcode/DerivedData/App-bmeqrztakkzxpkcqfdhhsyyyzbjg/Build/Intermediates.noindex/ArchiveIntermediates/App/IntermediateBuildFilesPath/UninstalledProducts/iphoneos/Cordova.framework/Headers/CapacitorCordova.h:10:
11 | #import <Cordova/CDVAvailability.h>
12 | #import <Cordova/CDVCommandDelegate.h>

/Users/lekiaprosper/Library/Developer/Xcode/DerivedData/App-bmeqrztakkzxpkcqfdhhsyyyzbjg/Build/Intermediates.noindex/ArchiveIntermediates/App/BuildProductsPath/Release-iphoneos/CapacitorCordova/Cordova.framework/Headers/CDV.h:28:9: note: in file included from /Users/lekiaprosper/Library/Developer/Xcode/DerivedData/App-bmeqrztakkzxpkcqfdhhsyyyzbjg/Build/Intermediates.noindex/ArchiveIntermediates/App/BuildProductsPath/Release-iphoneos/CapacitorCordova/Cordova.framework/Headers/CDV.h:28:
26 | #import "CDVURLProtocol.h"
27 | #import "CDVScreenOrientationDelegate.h"
28 | #import "CDVWebViewProcessPoolFactory.h"
   |         `- note: in file included from /Users/lekiaprosper/Library/Developer/Xcode/DerivedData/App-bmeqrztakkzxpkcqfdhhsyyyzbjg/Build/Intermediates.noindex/ArchiveIntermediates/App/BuildProductsPath/Release-iphoneos/CapacitorCordova/Cordova.framework/Headers/CDV.h:28:
29 | 

/Users/lekiaprosper/Library/Developer/Xcode/DerivedData/App-bmeqrztakkzxpkcqfdhhsyyyzbjg/Build/Intermediates.noindex/ArchiveIntermediates/App/BuildProductsPath/Release-iphoneos/CapacitorCordova/Cordova.framework/Headers/CDVWebViewProcessPoolFactory.h:23:31: warning: 'WKProcessPool' is deprecated: first deprecated in iOS 15.0 - Creating and using multiple instances of WKProcessPool no longer has any effect.
21 | 
22 | @interface CDVWebViewProcessPoolFactory : NSObject
23 | @property (nonatomic, retain) WKProcessPool* sharedPool;
   |                               `- warning: 'WKProcessPool' is deprecated: first deprecated in iOS 15.0 - Creating and using multiple instances of WKProcessPool no longer has any effect.
24 | 
25 | +(instancetype) sharedFactory;

/Applications/Xcode.app/Contents/Developer/Platforms/iPhoneOS.platform/Developer/SDKs/iPhoneOS26.0.sdk/System/Library/Frameworks/WebKit.framework/Headers/WKProcessPool.h:38:12: note: 'WKProcessPool' has been explicitly marked deprecated here
36 | WK_SWIFT_UI_ACTOR
37 | WK_EXTERN API_DEPRECATED("Creating and using multiple instances of WKProcessPool no longer has any effect.", macos(10.10, 12.0), ios(8.0, 15.0), visionos(1.0, 1.0))
38 | @interface WKProcessPool : NSObject <NSSecureCoding>
   |            `- note: 'WKProcessPool' has been explicitly marked deprecated here
39 | @end
40 | 

<module-includes>:1:9: note: in file included from <module-includes>:1:
1 | #import "Headers/CapacitorCordova.h"
  |         `- note: in file included from <module-includes>:1:
2 | 

/Users/lekiaprosper/Library/Developer/Xcode/DerivedData/App-bmeqrztakkzxpkcqfdhhsyyyzbjg/Build/Intermediates.noindex/ArchiveIntermediates/App/IntermediateBuildFilesPath/UninstalledProducts/iphoneos/Cordova.framework/Headers/CapacitorCordova.h:10:9: note: in file included from /Users/lekiaprosper/Library/Developer/Xcode/DerivedData/App-bmeqrztakkzxpkcqfdhhsyyyzbjg/Build/Intermediates.noindex/ArchiveIntermediates/App/IntermediateBuildFilesPath/UninstalledProducts/iphoneos/Cordova.framework/Headers/CapacitorCordova.h:10:
 8 | 
 9 | #import <Cordova/AppDelegate.h>
10 | #import <Cordova/CDV.h>
   |         `- note: in file included from /Users/lekiaprosper/Library/Developer/Xcode/DerivedData/App-bmeqrztakkzxpkcqfdhhsyyyzbjg/Build/Intermediates.noindex/ArchiveIntermediates/App/IntermediateBuildFilesPath/UninstalledProducts/iphoneos/Cordova.framework/Headers/CapacitorCordova.h:10:
11 | #import <Cordova/CDVAvailability.h>
12 | #import <Cordova/CDVCommandDelegate.h>

/Users/lekiaprosper/Library/Developer/Xcode/DerivedData/App-bmeqrztakkzxpkcqfdhhsyyyzbjg/Build/Intermediates.noindex/ArchiveIntermediates/App/BuildProductsPath/Release-iphoneos/CapacitorCordova/Cordova.framework/Headers/CDV.h:28:9: note: in file included from /Users/lekiaprosper/Library/Developer/Xcode/DerivedData/App-bmeqrztakkzxpkcqfdhhsyyyzbjg/Build/Intermediates.noindex/ArchiveIntermediates/App/BuildProductsPath/Release-iphoneos/CapacitorCordova/Cordova.framework/Headers/CDV.h:28:
26 | #import "CDVURLProtocol.h"
27 | #import "CDVScreenOrientationDelegate.h"
28 | #import "CDVWebViewProcessPoolFactory.h"
   |         `- note: in file included from /Users/lekiaprosper/Library/Developer/Xcode/DerivedData/App-bmeqrztakkzxpkcqfdhhsyyyzbjg/Build/Intermediates.noindex/ArchiveIntermediates/App/BuildProductsPath/Release-iphoneos/CapacitorCordova/Cordova.framework/Headers/CDV.h:28:
29 | 

2 warnings generated.
/Users/lekiaprosper/Library/Developer/Xcode/DerivedData/App-bmeqrztakkzxpkcqfdhhsyyyzbjg/Build/Intermediates.noindex/ArchiveIntermediates/App/BuildProductsPath/Release-iphoneos/CapacitorCordova/Cordova.framework/Headers/CDVWebViewProcessPoolFactory.h:26:3: warning: 'WKProcessPool' is deprecated: first deprecated in iOS 15.0 - Creating and using multiple instances of WKProcessPool no longer has any effect.
24 | 
25 | +(instancetype) sharedFactory;
26 | -(WKProcessPool*) sharedProcessPool;
   |   `- warning: 'WKProcessPool' is deprecated: first deprecated in iOS 15.0 - Creating and using multiple instances of WKProcessPool no longer has any effect.
27 | @end
28 | 

/Applications/Xcode.app/Contents/Developer/Platforms/iPhoneOS.platform/Developer/SDKs/iPhoneOS26.0.sdk/System/Library/Frameworks/WebKit.framework/Headers/WKProcessPool.h:38:12: note: 'WKProcessPool' has been explicitly marked deprecated here
36 | WK_SWIFT_UI_ACTOR
37 | WK_EXTERN API_DEPRECATED("Creating and using multiple instances of WKProcessPool no longer has any effect.", macos(10.10, 12.0), ios(8.0, 15.0), visionos(1.0, 1.0))
38 | @interface WKProcessPool : NSObject <NSSecureCoding>
   |            `- note: 'WKProcessPool' has been explicitly marked deprecated here
39 | @end
40 | 

SwiftExplicitDependencyGeneratePcm arm64 /Users/lekiaprosper/Library/Developer/Xcode/DerivedData/App-bmeqrztakkzxpkcqfdhhsyyyzbjg/Build/Intermediates.noindex/ArchiveIntermediates/App/IntermediateBuildFilesPath/SwiftExplicitPrecompiledModules/Capacitor-4LG4FU7L4IBJNJ8Y688X9C64M.pcm

SwiftCompile normal arm64 Compiling\ AppDelegate.swift,\ GeneratedAssetSymbols.swift /Users/lekiaprosper/Documents/Dev/Connectize/Connectize-Frontend/ios/App/App/AppDelegate.swift /Users/lekiaprosper/Library/Developer/Xcode/DerivedData/App-bmeqrztakkzxpkcqfdhhsyyyzbjg/Build/Intermediates.noindex/ArchiveIntermediates/App/IntermediateBuildFilesPath/App.build/Release-iphoneos/App.build/DerivedSources/GeneratedAssetSymbols.swift /Applications/Xcode.app/Contents/Developer/Toolchains/XcodeDefault.xctoolchain/usr/lib/swift/iphoneos/prebuilt-modules/26.0/Spatial.swiftmodule/arm64e-apple-ios.swiftmodule /Applications/Xcode.app/Contents/Developer/Toolchains/XcodeDefault.xctoolchain/usr/lib/swift/iphoneos/prebuilt-modules/26.0/_Concurrency.swiftmodule/arm64e-apple-ios.swiftmodule /Applications/Xcode.app/Contents/Developer/Toolchains/XcodeDefault.xctoolchain/usr/lib/swift/iphoneos/prebuilt-modules/26.0/OSLog.swiftmodule/arm64e-apple-ios.swiftmodule /Applications/Xcode.app/Contents/Developer/Toolchains/XcodeDefault.xctoolchain/usr/lib/swift/iphoneos/prebuilt-modules/26.0/Network.swiftmodule/arm64e-apple-ios.swiftmodule /Applications/Xcode.app/Contents/Developer/Toolchains/XcodeDefault.xctoolchain/usr/lib/swift/iphoneos/prebuilt-modules/26.0/Foundation.swiftmodule/arm64e-apple-ios.swiftmodule /Applications/Xcode.app/Contents/Developer/Toolchains/XcodeDefault.xctoolchain/usr/lib/swift/iphoneos/prebuilt-modules/26.0/Combine.swiftmodule/arm64e-apple-ios.swiftmodule /Applications/Xcode.app/Contents/Developer/Toolchains/XcodeDefault.xctoolchain/usr/lib/swift/iphoneos/prebuilt-modules/26.0/CoreFoundation.swiftmodule/arm64e-apple-ios.swiftmodule /Applications/Xcode.app/Contents/Developer/Toolchains/XcodeDefault.xctoolchain/usr/lib/swift/iphoneos/prebuilt-modules/26.0/XPC.swiftmodule/arm64e-apple-ios.swiftmodule /Applications/Xcode.app/Contents/Developer/Toolchains/XcodeDefault.xctoolchain/usr/lib/swift/iphoneos/prebuilt-modules/26.0/CoreVideo.swiftmodule/arm64e-apple-ios.swiftmodule /Applications/Xcode.app/Contents/Developer/Toolchains/XcodeDefault.xctoolchain/usr/lib/swift/iphoneos/prebuilt-modules/26.0/Swift.swiftmodule/arm64e-apple-ios.swiftmodule /Applications/Xcode.app/Contents/Developer/Toolchains/XcodeDefault.xctoolchain/usr/lib/swift/iphoneos/prebuilt-modules/26.0/CoreGraphics.swiftmodule/arm64e-apple-ios.swiftmodule /Applications/Xcode.app/Contents/Developer/Toolchains/XcodeDefault.xctoolchain/usr/lib/swift/iphoneos/prebuilt-modules/26.0/_DarwinFoundation2.swiftmodule/arm64e-apple-ios.swiftmodule /Applications/Xcode.app/Contents/Developer/Toolchains/XcodeDefault.xctoolchain/usr/lib/swift/iphoneos/prebuilt-modules/26.0/UniformTypeIdentifiers.swiftmodule/arm64e-apple-ios.swiftmodule /Applications/Xcode.app/Contents/Developer/Toolchains/XcodeDefault.xctoolchain/usr/lib/swift/iphoneos/prebuilt-modules/26.0/_Builtin_float.swiftmodule/arm64e-apple-ios.swiftmodule /Applications/Xcode.app/Contents/Developer/Toolchains/XcodeDefault.xctoolchain/usr/lib/swift/iphoneos/prebuilt-modules/26.0/CoreImage.swiftmodule/arm64e-apple-ios.swiftmodule /Applications/Xcode.app/Contents/Developer/Toolchains/XcodeDefault.xctoolchain/usr/lib/swift/iphoneos/prebuilt-modules/26.0/SwiftOnoneSupport.swiftmodule/arm64e-apple-ios.swiftmodule /Applications/Xcode.app/Contents/Developer/Toolchains/XcodeDefault.xctoolchain/usr/lib/swift/iphoneos/prebuilt-modules/26.0/QuartzCore.swiftmodule/arm64e-apple-ios.swiftmodule /Applications/Xcode.app/Contents/Developer/Toolchains/XcodeDefault.xctoolchain/usr/lib/swift/iphoneos/prebuilt-modules/26.0/FileProvider.swiftmodule/arm64e-apple-ios.swiftmodule /Applications/Xcode.app/Contents/Developer/Toolchains/XcodeDefault.xctoolchain/usr/lib/swift/iphoneos/prebuilt-modules/26.0/ObjectiveC.swiftmodule/arm64e-apple-ios.swiftmodule /Applications/Xcode.app/Contents/Developer/Toolchains/XcodeDefault.xctoolchain/usr/lib/swift/iphoneos/prebuilt-modules/26.0/DeveloperToolsSupport.swiftmodule/arm64e-apple-ios.swiftmodule /Applications/Xcode.app/Contents/Developer/Toolchains/XcodeDefault.xctoolchain/usr/lib/swift/iphoneos/prebuilt-modules/26.0/os.swiftmodule/arm64e-apple-ios.swiftmodule /Applications/Xcode.app/Contents/Developer/Toolchains/XcodeDefault.xctoolchain/usr/lib/swift/iphoneos/prebuilt-modules/26.0/Symbols.swiftmodule/arm64e-apple-ios.swiftmodule /Applications/Xcode.app/Contents/Developer/Toolchains/XcodeDefault.xctoolchain/usr/lib/swift/iphoneos/prebuilt-modules/26.0/WebKit.swiftmodule/arm64e-apple-ios.swiftmodule /Applications/Xcode.app/Contents/Developer/Toolchains/XcodeDefault.xctoolchain/usr/lib/swift/iphoneos/prebuilt-modules/26.0/_StringProcessing.swiftmodule/arm64e-apple-ios.swiftmodule /Applications/Xcode.app/Contents/Developer/Toolchains/XcodeDefault.xctoolchain/usr/lib/swift/iphoneos/prebuilt-modules/26.0/CoreText.swiftmodule/arm64e-apple-ios.swiftmodule /Applications/Xcode.app/Contents/Developer/Toolchains/XcodeDefault.xctoolchain/usr/lib/swift/iphoneos/prebuilt-modules/26.0/SwiftUI.swiftmodule/arm64e-apple-ios.swiftmodule /Applications/Xcode.app/Contents/Developer/Toolchains/XcodeDefault.xctoolchain/usr/lib/swift/iphoneos/prebuilt-modules/26.0/Dispatch.swiftmodule/arm64e-apple-ios.swiftmodule /Applications/Xcode.app/Contents/Developer/Toolchains/XcodeDefault.xctoolchain/usr/lib/swift/iphoneos/prebuilt-modules/26.0/System.swiftmodule/arm64e-apple-ios.swiftmodule /Applications/Xcode.app/Contents/Developer/Toolchains/XcodeDefault.xctoolchain/usr/lib/swift/iphoneos/prebuilt-modules/26.0/Darwin.swiftmodule/arm64e-apple-ios.swiftmodule /Applications/Xcode.app/Contents/Developer/Toolchains/XcodeDefault.xctoolchain/usr/lib/swift/iphoneos/prebuilt-modules/26.0/Observation.swiftmodule/arm64e-apple-ios.swiftmodule /Applications/Xcode.app/Contents/Developer/Toolchains/XcodeDefault.xctoolchain/usr/lib/swift/iphoneos/prebuilt-modules/26.0/CoreTransferable.swiftmodule/arm64e-apple-ios.swiftmodule /Users/lekiaprosper/Library/Developer/Xcode/DerivedData/App-bmeqrztakkzxpkcqfdhhsyyyzbjg/Build/Intermediates.noindex/ArchiveIntermediates/App/BuildProductsPath/Release-iphoneos/Capacitor/Capacitor.framework/Modules/Capacitor.swiftmodule/arm64-apple-ios.swiftmodule /Applications/Xcode.app/Contents/Developer/Toolchains/XcodeDefault.xctoolchain/usr/lib/swift/iphoneos/prebuilt-modules/26.0/DataDetection.swiftmodule/arm64e-apple-ios.swiftmodule /Applications/Xcode.app/Contents/Developer/Toolchains/XcodeDefault.xctoolchain/usr/lib/swift/iphoneos/prebuilt-modules/26.0/simd.swiftmodule/arm64e-apple-ios.swiftmodule /Applications/Xcode.app/Contents/Developer/Toolchains/XcodeDefault.xctoolchain/usr/lib/swift/iphoneos/prebuilt-modules/26.0/UIKit.swiftmodule/arm64e-apple-ios.swiftmodule /Applications/Xcode.app/Contents/Developer/Toolchains/XcodeDefault.xctoolchain/usr/lib/swift/iphoneos/prebuilt-modules/26.0/_DarwinFoundation3.swiftmodule/arm64e-apple-ios.swiftmodule /Applications/Xcode.app/Contents/Developer/Toolchains/XcodeDefault.xctoolchain/usr/lib/swift/iphoneos/prebuilt-modules/26.0/Accessibility.swiftmodule/arm64e-apple-ios.swiftmodule /Applications/Xcode.app/Contents/Developer/Toolchains/XcodeDefault.xctoolchain/usr/lib/swift/iphoneos/prebuilt-modules/26.0/CoreData.swiftmodule/arm64e-apple-ios.swiftmodule /Applications/Xcode.app/Contents/Developer/Toolchains/XcodeDefault.xctoolchain/usr/lib/swift/iphoneos/prebuilt-modules/26.0/Distributed.swiftmodule/arm64e-apple-ios.swiftmodule /Applications/Xcode.app/Contents/Developer/Toolchains/XcodeDefault.xctoolchain/usr/lib/swift/iphoneos/prebuilt-modules/26.0/_DarwinFoundation1.swiftmodule/arm64e-apple-ios.swiftmodule /Applications/Xcode.app/Contents/Developer/Toolchains/XcodeDefault.xctoolchain/usr/lib/swift/iphoneos/prebuilt-modules/26.0/Metal.swiftmodule/arm64e-apple-ios.swiftmodule /Applications/Xcode.app/Contents/Developer/Toolchains/XcodeDefault.xctoolchain/usr/lib/swift/iphoneos/prebuilt-modules/26.0/SwiftUICore.swiftmodule/arm64e-apple-ios.swiftmodule /Users/lekiaprosper/Library/Developer/Xcode/DerivedData/ModuleCache.noindex/DataDetection-BL7T08264DR3K01KNFAVTXEOL.pcm /Users/lekiaprosper/Library/Developer/Xcode/DerivedData/ModuleCache.noindex/_DarwinFoundation1-DQQC5XCBFKJPMDBZE7DZLP1J8.pcm /Users/lekiaprosper/Library/Developer/Xcode/DerivedData/ModuleCache.noindex/dnssd-DDGIIRN54PEXC3KA5XFXS0G2M.pcm /Users/lekiaprosper/Library/Developer/Xcode/DerivedData/ModuleCache.noindex/os_object-A334820V7MA68COALKQYOJKJE.pcm /Users/lekiaprosper/Library/Developer/Xcode/DerivedData/ModuleCache.noindex/Network-5K2TJ71VBLJUUAHB77FJJVWZ.pcm /Users/lekiaprosper/Library/Developer/Xcode/DerivedData/ModuleCache.noindex/ObjectiveC-ENBFNYC08X9Z7PX5SOV75X10Y.pcm /Users/lekiaprosper/Library/Developer/Xcode/DerivedData/ModuleCache.noindex/OSLog-44U7PDBTLWUQ49QZ0ZIMQWL8K.pcm /Users/lekiaprosper/Library/Developer/Xcode/DerivedData/ModuleCache.noindex/CoreGraphics-8SFYMH3OZKP3QS7VDZNXLQ65K.pcm /Users/lekiaprosper/Library/Developer/Xcode/DerivedData/ModuleCache.noindex/os_workgroup-46D0RMXA4XNJF6NF9UE805ZM7.pcm /Users/lekiaprosper/Library/Developer/Xcode/DerivedData/ModuleCache.noindex/_Builtin_stddef-7IPHM7B8K0P0AAXHHDPHWT3LF.pcm /Users/lekiaprosper/Library/Developer/Xcode/DerivedData/ModuleCache.noindex/simd-1HCO2EU0WS2528E1GSCKDWD74.pcm /Users/lekiaprosper/Library/Developer/Xcode/DerivedData/ModuleCache.noindex/XPC-E847XS7FU3SD86F96HYZ5ZHY7.pcm /Users/lekiaprosper/Library/Developer/Xcode/DerivedData/ModuleCache.noindex/Metal-5VLXPLZFMUSKICK1TC9CDXMHM.pcm /Users/lekiaprosper/Library/Developer/Xcode/DerivedData/ModuleCache.noindex/Dispatch-70H2TPNUKOLQ05PTQJE2WT5SO.pcm /Users/lekiaprosper/Library/Developer/Xcode/DerivedData/ModuleCache.noindex/UniformTypeIdentifiers-499EH8B3CQB4JW4NSK6OWAO6O.pcm /Users/lekiaprosper/Library/Developer/Xcode/DerivedData/ModuleCache.noindex/_AvailabilityInternal-3SQHHIF7TT3H1GHNG46YOT2NT.pcm /Users/lekiaprosper/Library/Developer/Xcode/DerivedData/ModuleCache.noindex/CFNetwork-EFOZD2MI2DPSUOFKO3CE02AOX.pcm /Users/lekiaprosper/Library/Developer/Xcode/DerivedData/ModuleCache.noindex/CoreData-6Z3CMOKSZHUQJW6SO1DOB1DH5.pcm /Users/lekiaprosper/Library/Developer/Xcode/DerivedData/ModuleCache.noindex/ptrcheck-8NX5SBJG0C7UF676WFQO8UXHS.pcm /Users/lekiaprosper/Library/Developer/Xcode/DerivedData/App-bmeqrztakkzxpkcqfdhhsyyyzbjg/Build/Intermediates.noindex/ArchiveIntermediates/App/IntermediateBuildFilesPath/SwiftExplicitPrecompiledModules/Capacitor-4LG4FU7L4IBJNJ8Y688X9C64M.pcm /Users/lekiaprosper/Library/Developer/Xcode/DerivedData/ModuleCache.noindex/FileProvider-5CUEZO3ARNRO46719G74T0O73.pcm /Users/lekiaprosper/Library/Developer/Xcode/DerivedData/ModuleCache.noindex/ImageIO-DLLNILJ6YAUHT4EPB5J58MB7Y.pcm /Users/lekiaprosper/Library/Developer/Xcode/DerivedData/ModuleCache.noindex/CoreTransferable-6N98JBS0N73GVHIT824CTIW5K.pcm /Users/lekiaprosper/Library/Developer/Xcode/DerivedData/ModuleCache.noindex/CoreVideo-OSGA4WRMZ9YX42BSVSX1TZVD.pcm /Users/lekiaprosper/Library/Developer/Xcode/DerivedData/ModuleCache.noindex/QuartzCore-4CKABNN1F1N65MKZVJHU472OR.pcm /Users/lekiaprosper/Library/Developer/Xcode/DerivedData/ModuleCache.noindex/UserNotifications-BMWU38RQKQKUL6Z68IJTMWJEU.pcm /Users/lekiaprosper/Library/Developer/Xcode/DerivedData/ModuleCache.noindex/IOSurface-6SQI93C6VM66GUFLZM2K16PMP.pcm /Users/lekiaprosper/Library/Developer/Xcode/DerivedData/ModuleCache.noindex/_Builtin_tgmath-3MYBE80OAQIMMLQR9KQL30511.pcm /Users/lekiaprosper/Library/Developer/Xcode/DerivedData/ModuleCache.noindex/Security-EBS4M7VCHYSJ5CFYREY1MSJ2F.pcm /Users/lekiaprosper/Library/Developer/Xcode/DerivedData/ModuleCache.noindex/_Builtin_stdarg-1DHDOAWWSQGL6KMB58LHXD14B.pcm /Users/lekiaprosper/Library/Developer/Xcode/DerivedData/ModuleCache.noindex/sys_types-2GQHQ2HY21RMH3Z2KQC6EXNVQ.pcm /Users/lekiaprosper/Library/Developer/Xcode/DerivedData/ModuleCache.noindex/UIUtilities-CKSRC8EK7K8F045YK7CDXCJQS.pcm /Users/lekiaprosper/Library/Developer/Xcode/DerivedData/ModuleCache.noindex/_Builtin_intrinsics-RFDBK0L5CCDCZ7JDQFILAV9N.pcm /Users/lekiaprosper/Library/Developer/Xcode/DerivedData/ModuleCache.noindex/MobileCoreServices-ADF490VL49LOJ7WUTE5D2ZLO8.pcm /Users/lekiaprosper/Library/Developer/Xcode/DerivedData/ModuleCache.noindex/Accessibility-1N7AAVUQ3BP8H1OG56BAPNOTZ.pcm /Users/lekiaprosper/Library/Developer/Xcode/DerivedData/ModuleCache.noindex/_DarwinFoundation2-DYPOYKF0YXML42F376ZW3ZPSF.pcm /Users/lekiaprosper/Library/Developer/Xcode/DerivedData/App-bmeqrztakkzxpkcqfdhhsyyyzbjg/Build/Intermediates.noindex/ArchiveIntermediates/App/IntermediateBuildFilesPath/SwiftExplicitPrecompiledModules/Cordova-2UPRYY0ZF9L708FATAK9I83H5.pcm /Users/lekiaprosper/Library/Developer/Xcode/DerivedData/ModuleCache.noindex/CoreFoundation-6M84O5X77RE772YEDCY5PIGS0.pcm /Users/lekiaprosper/Library/Developer/Xcode/DerivedData/ModuleCache.noindex/CoreText-5IUWB0300KUDALKWGRYDVPC03.pcm /Users/lekiaprosper/Library/Developer/Xcode/DerivedData/ModuleCache.noindex/SwiftUICore-1ECWDH0U3Q2Q8NS9YUT8WV8T8.pcm /Users/lekiaprosper/Library/Developer/Xcode/DerivedData/ModuleCache.noindex/_DarwinFoundation3-CFS1CF4PZ4MX61TEKGWLU7SP7.pcm /Users/lekiaprosper/Library/Developer/Xcode/DerivedData/ModuleCache.noindex/SwiftUI-2Q3TG4205LFRAL2ETHNLH2VBR.pcm /Users/lekiaprosper/Library/Developer/Xcode/DerivedData/ModuleCache.noindex/UIKit-17RFXE3OL59UT1U4Z1EIN2GX3.pcm /Users/lekiaprosper/Library/Developer/Xcode/DerivedData/ModuleCache.noindex/_Builtin_inttypes-5NYBY79IOWZ1W8UB2567KIBLE.pcm /Users/lekiaprosper/Library/Developer/Xcode/DerivedData/ModuleCache.noindex/MachO-D89GSENIAXQ585XATN6QRK6BH.pcm /Users/lekiaprosper/Library/Developer/Xcode/DerivedData/ModuleCache.noindex/Darwin-AEIH1R1QD6F70QSGMRKCXG9J0.pcm /Users/lekiaprosper/Library/Developer/Xcode/DerivedData/ModuleCache.noindex/OpenGLES-4JPCZVSC048RKJ7AJ37L31F7I.pcm /Users/lekiaprosper/Library/Developer/Xcode/DerivedData/ModuleCache.noindex/Spatial-8GI4ZLQITJX181KRSE3QN9348.pcm /Users/lekiaprosper/Library/Developer/Xcode/DerivedData/ModuleCache.noindex/WebKit-2XJD35T3JOCL6S3R3HHCAL2HI.pcm /Users/lekiaprosper/Library/Developer/Xcode/DerivedData/ModuleCache.noindex/Symbols-71IW1IEUBUF6VY38KE78X6AAW.pcm /Users/lekiaprosper/Library/Developer/Xcode/DerivedData/ModuleCache.noindex/ptrauth-7UHMLV0TQHYAH3PRI6SDFVXPI.pcm /Users/lekiaprosper/Library/Developer/Xcode/DerivedData/ModuleCache.noindex/CoreServices-9IAEZXI0EU3S8PRER5TPZLZ66.pcm /Users/lekiaprosper/Library/Developer/Xcode/DerivedData/ModuleCache.noindex/_SwiftConcurrencyShims-E07JWZ83P3SOQ5L636VZ7NJVD.pcm /Users/lekiaprosper/Library/Developer/Xcode/DerivedData/ModuleCache.noindex/SwiftShims-3TOJ0YXV1G8YX23Q7QKA3L7VT.pcm /Users/lekiaprosper/Library/Developer/Xcode/DerivedData/ModuleCache.noindex/CommonCrypto-DJ1PEAZ8P8BWET6YEFQ9O8143.pcm /Users/lekiaprosper/Library/Developer/Xcode/DerivedData/ModuleCache.noindex/_Builtin_stdint-DUL0Z8JH27QMLI4D0HEQ1KTKC.pcm /Users/lekiaprosper/Library/Developer/Xcode/DerivedData/ModuleCache.noindex/os-29NMTN01UQ6KG1806TZWSUC38.pcm /Users/lekiaprosper/Library/Developer/Xcode/DerivedData/ModuleCache.noindex/_Builtin_limits-4ULE9RD8X3CSC75XRZK66Z1ZQ.pcm /Users/lekiaprosper/Library/Developer/Xcode/DerivedData/ModuleCache.noindex/_Builtin_float-82BG9MJ14OOULG3Q6YNHMAANZ.pcm /Users/lekiaprosper/Library/Developer/Xcode/DerivedData/ModuleCache.noindex/CoreImage-BITVRCU3K47KYX1C6EO0CC43Y.pcm /Users/lekiaprosper/Library/Developer/Xcode/DerivedData/ModuleCache.noindex/_Builtin_stdatomic-A3FW07ZTT2R94SU1DBFGE2YI7.pcm /Users/lekiaprosper/Library/Developer/Xcode/DerivedData/ModuleCache.noindex/DeveloperToolsSupport-CAPTHXT2L95PLC0OSH7X2WC5U.pcm /Users/lekiaprosper/Library/Developer/Xcode/DerivedData/ModuleCache.noindex/_Builtin_stdbool-C7A69M5MWA9LSVD241BPN01PX.pcm /Users/lekiaprosper/Library/Developer/Xcode/DerivedData/ModuleCache.noindex/Foundation-1PWLGHIJIRI3VFC0R6RCYVK1C.pcm /Users/lekiaprosper/Library/Developer/Xcode/DerivedData/App-bmeqrztakkzxpkcqfdhhsyyyzbjg/Build/Intermediates.noindex/ArchiveIntermediates/App/IntermediateBuildFilesPath/App.build/Release-iphoneos/App.build/Objects-normal/arm64/App-dependencies-1.json (in target 'App' from project 'App')

CompileSwift normal arm64 (in target 'App' from project 'App')
    cd /Users/lekiaprosper/Documents/Dev/Connectize/Connectize-Frontend/ios/App
    

SwiftDriverJobDiscovery normal arm64 Compiling AppDelegate.swift, GeneratedAssetSymbols.swift (in target 'App' from project 'App')

SwiftDriver\ Compilation\ Requirements App normal arm64 com.apple.xcode.tools.swift.compiler (in target 'App' from project 'App')
    cd /Users/lekiaprosper/Documents/Dev/Connectize/Connectize-Frontend/ios/App
    builtin-Swift-Compilation-Requirements -- /Applications/Xcode.app/Contents/Developer/Toolchains/XcodeDefault.xctoolchain/usr/bin/swiftc -module-name App -O -whole-module-optimization -enforce-exclusivity\=checked @/Users/lekiaprosper/Library/Developer/Xcode/DerivedData/App-bmeqrztakkzxpkcqfdhhsyyyzbjg/Build/Intermediates.noindex/ArchiveIntermediates/App/IntermediateBuildFilesPath/App.build/Release-iphoneos/App.build/Objects-normal/arm64/App.SwiftFileList -D COCOAPODS -enable-bare-slash-regex -enable-experimental-feature DebugDescriptionMacro -sdk /Applications/Xcode.app/Contents/Developer/Platforms/iPhoneOS.platform/Developer/SDKs/iPhoneOS26.0.sdk -target arm64-apple-ios18.0 -g -module-cache-path /Users/lekiaprosper/Library/Developer/Xcode/DerivedData/ModuleCache.noindex -Xfrontend -serialize-debugging-options -swift-version 5 -I /Users/lekiaprosper/Library/Developer/Xcode/DerivedData/App-bmeqrztakkzxpkcqfdhhsyyyzbjg/Build/Intermediates.noindex/ArchiveIntermediates/App/BuildProductsPath/Release-iphoneos -F /Users/lekiaprosper/Library/Developer/Xcode/DerivedData/App-bmeqrztakkzxpkcqfdhhsyyyzbjg/Build/Intermediates.noindex/ArchiveIntermediates/App/BuildProductsPath/Release-iphoneos -F /Users/lekiaprosper/Library/Developer/Xcode/DerivedData/App-bmeqrztakkzxpkcqfdhhsyyyzbjg/Build/Intermediates.noindex/ArchiveIntermediates/App/BuildProductsPath/Release-iphoneos/Capacitor -F /Users/lekiaprosper/Library/Developer/Xcode/DerivedData/App-bmeqrztakkzxpkcqfdhhsyyyzbjg/Build/Intermediates.noindex/ArchiveIntermediates/App/BuildProductsPath/Release-iphoneos/CapacitorCordova -F /Users/lekiaprosper/Library/Developer/Xcode/DerivedData/App-bmeqrztakkzxpkcqfdhhsyyyzbjg/Build/Intermediates.noindex/ArchiveIntermediates/App/BuildProductsPath/Release-iphoneos/CapacitorSplashScreen -F /Users/lekiaprosper/Library/Developer/Xcode/DerivedData/App-bmeqrztakkzxpkcqfdhhsyyyzbjg/Build/Intermediates.noindex/ArchiveIntermediates/App/BuildProductsPath/Release-iphoneos/CapacitorStatusBar -c -num-threads 10 -Xcc -ivfsstatcache -Xcc /Users/lekiaprosper/Library/Developer/Xcode/DerivedData/SDKStatCaches.noindex/iphoneos26.0-23A339-81ce72e5b06c9602b9d30b56f2eed08a.sdkstatcache -output-file-map /Users/lekiaprosper/Library/Developer/Xcode/DerivedData/App-bmeqrztakkzxpkcqfdhhsyyyzbjg/Build/Intermediates.noindex/ArchiveIntermediates/App/IntermediateBuildFilesPath/App.build/Release-iphoneos/App.build/Objects-normal/arm64/App-OutputFileMap.json -use-frontend-parseable-output -save-temps -no-color-diagnostics -explicit-module-build -module-cache-path /Users/lekiaprosper/Library/Developer/Xcode/DerivedData/App-bmeqrztakkzxpkcqfdhhsyyyzbjg/Build/Intermediates.noindex/ArchiveIntermediates/App/IntermediateBuildFilesPath/SwiftExplicitPrecompiledModules -clang-scanner-module-cache-path /Users/lekiaprosper/Library/Developer/Xcode/DerivedData/ModuleCache.noindex -sdk-module-cache-path /Users/lekiaprosper/Library/Developer/Xcode/DerivedData/ModuleCache.noindex -serialize-diagnostics -emit-dependencies -emit-module -emit-module-path /Users/lekiaprosper/Library/Developer/Xcode/DerivedData/App-bmeqrztakkzxpkcqfdhhsyyyzbjg/Build/Intermediates.noindex/ArchiveIntermediates/App/IntermediateBuildFilesPath/App.build/Release-iphoneos/App.build/Objects-normal/arm64/App.swiftmodule -validate-clang-modules-once -clang-build-session-file /Users/lekiaprosper/Library/Developer/Xcode/DerivedData/ModuleCache.noindex/Session.modulevalidation -Xcc -I/Users/lekiaprosper/Library/Developer/Xcode/DerivedData/App-bmeqrztakkzxpkcqfdhhsyyyzbjg/Build/Intermediates.noindex/ArchiveIntermediates/App/IntermediateBuildFilesPath/App.build/Release-iphoneos/App.build/swift-overrides.hmap -emit-const-values -Xfrontend -const-gather-protocols-file -Xfrontend /Users/lekiaprosper/Library/Developer/Xcode/DerivedData/App-bmeqrztakkzxpkcqfdhhsyyyzbjg/Build/Intermediates.noindex/ArchiveIntermediates/App/IntermediateBuildFilesPath/App.build/Release-iphoneos/App.build/Objects-normal/arm64/App_const_extract_protocols.json -Xcc -iquote -Xcc /Users/lekiaprosper/Library/Developer/Xcode/DerivedData/App-bmeqrztakkzxpkcqfdhhsyyyzbjg/Build/Intermediates.noindex/ArchiveIntermediates/App/IntermediateBuildFilesPath/App.build/Release-iphoneos/App.build/App-generated-files.hmap -Xcc -I/Users/lekiaprosper/Library/Developer/Xcode/DerivedData/App-bmeqrztakkzxpkcqfdhhsyyyzbjg/Build/Intermediates.noindex/ArchiveIntermediates/App/IntermediateBuildFilesPath/App.build/Release-iphoneos/App.build/App-own-target-headers.hmap -Xcc -I/Users/lekiaprosper/Library/Developer/Xcode/DerivedData/App-bmeqrztakkzxpkcqfdhhsyyyzbjg/Build/Intermediates.noindex/ArchiveIntermediates/App/IntermediateBuildFilesPath/App.build/Release-iphoneos/App.build/App-all-non-framework-target-headers.hmap -Xcc -ivfsoverlay -Xcc /Users/lekiaprosper/Library/Developer/Xcode/DerivedData/App-bmeqrztakkzxpkcqfdhhsyyyzbjg/Build/Intermediates.noindex/ArchiveIntermediates/App/IntermediateBuildFilesPath/App.build/Release-iphoneos/App-0ca3007d900a678c2b4d53418799ee3d-VFS-iphoneos/all-product-headers.yaml -Xcc -iquote -Xcc /Users/lekiaprosper/Library/Developer/Xcode/DerivedData/App-bmeqrztakkzxpkcqfdhhsyyyzbjg/Build/Intermediates.noindex/ArchiveIntermediates/App/IntermediateBuildFilesPath/App.build/Release-iphoneos/App.build/App-project-headers.hmap -Xcc -I/Users/lekiaprosper/Library/Developer/Xcode/DerivedData/App-bmeqrztakkzxpkcqfdhhsyyyzbjg/Build/Intermediates.noindex/ArchiveIntermediates/App/BuildProductsPath/Release-iphoneos/include -Xcc -I/Users/lekiaprosper/Library/Developer/Xcode/DerivedData/App-bmeqrztakkzxpkcqfdhhsyyyzbjg/Build/Intermediates.noindex/ArchiveIntermediates/App/BuildProductsPath/Release-iphoneos/Capacitor/Capacitor.framework/Headers -Xcc -I/Users/lekiaprosper/Library/Developer/Xcode/DerivedData/App-bmeqrztakkzxpkcqfdhhsyyyzbjg/Build/Intermediates.noindex/ArchiveIntermediates/App/BuildProductsPath/Release-iphoneos/CapacitorCordova/Cordova.framework/Headers -Xcc -I/Users/lekiaprosper/Library/Developer/Xcode/DerivedData/App-bmeqrztakkzxpkcqfdhhsyyyzbjg/Build/Intermediates.noindex/ArchiveIntermediates/App/BuildProductsPath/Release-iphoneos/CapacitorSplashScreen/CapacitorSplashScreen.framework/Headers -Xcc -I/Users/lekiaprosper/Library/Developer/Xcode/DerivedData/App-bmeqrztakkzxpkcqfdhhsyyyzbjg/Build/Intermediates.noindex/ArchiveIntermediates/App/BuildProductsPath/Release-iphoneos/CapacitorStatusBar/CapacitorStatusBar.framework/Headers -Xcc -I/Users/lekiaprosper/Library/Developer/Xcode/DerivedData/App-bmeqrztakkzxpkcqfdhhsyyyzbjg/Build/Intermediates.noindex/ArchiveIntermediates/App/IntermediateBuildFilesPath/App.build/Release-iphoneos/App.build/DerivedSources-normal/arm64 -Xcc -I/Users/lekiaprosper/Library/Developer/Xcode/DerivedData/App-bmeqrztakkzxpkcqfdhhsyyyzbjg/Build/Intermediates.noindex/ArchiveIntermediates/App/IntermediateBuildFilesPath/App.build/Release-iphoneos/App.build/DerivedSources/arm64 -Xcc -I/Users/lekiaprosper/Library/Developer/Xcode/DerivedData/App-bmeqrztakkzxpkcqfdhhsyyyzbjg/Build/Intermediates.noindex/ArchiveIntermediates/App/IntermediateBuildFilesPath/App.build/Release-iphoneos/App.build/DerivedSources -Xcc -DCOCOAPODS\=1 -emit-objc-header -emit-objc-header-path /Users/lekiaprosper/Library/Developer/Xcode/DerivedData/App-bmeqrztakkzxpkcqfdhhsyyyzbjg/Build/Intermediates.noindex/ArchiveIntermediates/App/IntermediateBuildFilesPath/App.build/Release-iphoneos/App.build/Objects-normal/arm64/App-Swift.h -working-directory /Users/lekiaprosper/Documents/Dev/Connectize/Connectize-Frontend/ios/App -no-emit-module-separately-wmo

SwiftMergeGeneratedHeaders /Users/lekiaprosper/Library/Developer/Xcode/DerivedData/App-bmeqrztakkzxpkcqfdhhsyyyzbjg/Build/Intermediates.noindex/ArchiveIntermediates/App/IntermediateBuildFilesPath/App.build/Release-iphoneos/App.build/DerivedSources/App-Swift.h /Users/lekiaprosper/Library/Developer/Xcode/DerivedData/App-bmeqrztakkzxpkcqfdhhsyyyzbjg/Build/Intermediates.noindex/ArchiveIntermediates/App/IntermediateBuildFilesPath/App.build/Release-iphoneos/App.build/Objects-normal/arm64/App-Swift.h (in target 'App' from project 'App')
    cd /Users/lekiaprosper/Documents/Dev/Connectize/Connectize-Frontend/ios/App
    builtin-swiftHeaderTool -arch arm64 /Users/lekiaprosper/Library/Developer/Xcode/DerivedData/App-bmeqrztakkzxpkcqfdhhsyyyzbjg/Build/Intermediates.noindex/ArchiveIntermediates/App/IntermediateBuildFilesPath/App.build/Release-iphoneos/App.build/Objects-normal/arm64/App-Swift.h -o /Users/lekiaprosper/Library/Developer/Xcode/DerivedData/App-bmeqrztakkzxpkcqfdhhsyyyzbjg/Build/Intermediates.noindex/ArchiveIntermediates/App/IntermediateBuildFilesPath/App.build/Release-iphoneos/App.build/DerivedSources/App-Swift.h

Copy /Users/lekiaprosper/Library/Developer/Xcode/DerivedData/App-bmeqrztakkzxpkcqfdhhsyyyzbjg/Build/Intermediates.noindex/ArchiveIntermediates/App/BuildProductsPath/Release-iphoneos/App.swiftmodule/arm64-apple-ios.swiftdoc /Users/lekiaprosper/Library/Developer/Xcode/DerivedData/App-bmeqrztakkzxpkcqfdhhsyyyzbjg/Build/Intermediates.noindex/ArchiveIntermediates/App/IntermediateBuildFilesPath/App.build/Release-iphoneos/App.build/Objects-normal/arm64/App.swiftdoc (in target 'App' from project 'App')
    cd /Users/lekiaprosper/Documents/Dev/Connectize/Connectize-Frontend/ios/App
    builtin-copy -exclude .DS_Store -exclude CVS -exclude .svn -exclude .git -exclude .hg -resolve-src-symlinks -rename /Users/lekiaprosper/Library/Developer/Xcode/DerivedData/App-bmeqrztakkzxpkcqfdhhsyyyzbjg/Build/Intermediates.noindex/ArchiveIntermediates/App/IntermediateBuildFilesPath/App.build/Release-iphoneos/App.build/Objects-normal/arm64/App.swiftdoc /Users/lekiaprosper/Library/Developer/Xcode/DerivedData/App-bmeqrztakkzxpkcqfdhhsyyyzbjg/Build/Intermediates.noindex/ArchiveIntermediates/App/BuildProductsPath/Release-iphoneos/App.swiftmodule/arm64-apple-ios.swiftdoc

Copy /Users/lekiaprosper/Library/Developer/Xcode/DerivedData/App-bmeqrztakkzxpkcqfdhhsyyyzbjg/Build/Intermediates.noindex/ArchiveIntermediates/App/BuildProductsPath/Release-iphoneos/App.swiftmodule/arm64-apple-ios.abi.json /Users/lekiaprosper/Library/Developer/Xcode/DerivedData/App-bmeqrztakkzxpkcqfdhhsyyyzbjg/Build/Intermediates.noindex/ArchiveIntermediates/App/IntermediateBuildFilesPath/App.build/Release-iphoneos/App.build/Objects-normal/arm64/App.abi.json (in target 'App' from project 'App')
    cd /Users/lekiaprosper/Documents/Dev/Connectize/Connectize-Frontend/ios/App
    builtin-copy -exclude .DS_Store -exclude CVS -exclude .svn -exclude .git -exclude .hg -resolve-src-symlinks -rename /Users/lekiaprosper/Library/Developer/Xcode/DerivedData/App-bmeqrztakkzxpkcqfdhhsyyyzbjg/Build/Intermediates.noindex/ArchiveIntermediates/App/IntermediateBuildFilesPath/App.build/Release-iphoneos/App.build/Objects-normal/arm64/App.abi.json /Users/lekiaprosper/Library/Developer/Xcode/DerivedData/App-bmeqrztakkzxpkcqfdhhsyyyzbjg/Build/Intermediates.noindex/ArchiveIntermediates/App/BuildProductsPath/Release-iphoneos/App.swiftmodule/arm64-apple-ios.abi.json

Copy /Users/lekiaprosper/Library/Developer/Xcode/DerivedData/App-bmeqrztakkzxpkcqfdhhsyyyzbjg/Build/Intermediates.noindex/ArchiveIntermediates/App/BuildProductsPath/Release-iphoneos/App.swiftmodule/arm64-apple-ios.swiftmodule /Users/lekiaprosper/Library/Developer/Xcode/DerivedData/App-bmeqrztakkzxpkcqfdhhsyyyzbjg/Build/Intermediates.noindex/ArchiveIntermediates/App/IntermediateBuildFilesPath/App.build/Release-iphoneos/App.build/Objects-normal/arm64/App.swiftmodule (in target 'App' from project 'App')
    cd /Users/lekiaprosper/Documents/Dev/Connectize/Connectize-Frontend/ios/App
    builtin-copy -exclude .DS_Store -exclude CVS -exclude .svn -exclude .git -exclude .hg -resolve-src-symlinks -rename /Users/lekiaprosper/Library/Developer/Xcode/DerivedData/App-bmeqrztakkzxpkcqfdhhsyyyzbjg/Build/Intermediates.noindex/ArchiveIntermediates/App/IntermediateBuildFilesPath/App.build/Release-iphoneos/App.build/Objects-normal/arm64/App.swiftmodule /Users/lekiaprosper/Library/Developer/Xcode/DerivedData/App-bmeqrztakkzxpkcqfdhhsyyyzbjg/Build/Intermediates.noindex/ArchiveIntermediates/App/BuildProductsPath/Release-iphoneos/App.swiftmodule/arm64-apple-ios.swiftmodule

Ld /Users/lekiaprosper/Library/Developer/Xcode/DerivedData/App-bmeqrztakkzxpkcqfdhhsyyyzbjg/Build/Intermediates.noindex/ArchiveIntermediates/App/InstallationBuildProductsLocation/Applications/App.app/App normal (in target 'App' from project 'App')
    cd /Users/lekiaprosper/Documents/Dev/Connectize/Connectize-Frontend/ios/App
    /Applications/Xcode.app/Contents/Developer/Toolchains/XcodeDefault.xctoolchain/usr/bin/clang -Xlinker -reproducible -target arm64-apple-ios18.0 -isysroot /Applications/Xcode.app/Contents/Developer/Platforms/iPhoneOS.platform/Developer/SDKs/iPhoneOS26.0.sdk -Os -L/Users/lekiaprosper/Library/Developer/Xcode/DerivedData/App-bmeqrztakkzxpkcqfdhhsyyyzbjg/Build/Intermediates.noindex/ArchiveIntermediates/App/IntermediateBuildFilesPath/EagerLinkingTBDs/Release-iphoneos -L/Users/lekiaprosper/Library/Developer/Xcode/DerivedData/App-bmeqrztakkzxpkcqfdhhsyyyzbjg/Build/Intermediates.noindex/ArchiveIntermediates/App/BuildProductsPath/Release-iphoneos -L/Applications/Xcode.app/Contents/Developer/Toolchains/XcodeDefault.xctoolchain/usr/lib/swift/iphoneos -L/Applications/Xcode.app/Contents/Developer/Platforms/iPhoneOS.platform/Developer/SDKs/iPhoneOS26.0.sdk/usr/lib/swift -F/Users/lekiaprosper/Library/Developer/Xcode/DerivedData/App-bmeqrztakkzxpkcqfdhhsyyyzbjg/Build/Intermediates.noindex/ArchiveIntermediates/App/IntermediateBuildFilesPath/EagerLinkingTBDs/Release-iphoneos -F/Users/lekiaprosper/Library/Developer/Xcode/DerivedData/App-bmeqrztakkzxpkcqfdhhsyyyzbjg/Build/Intermediates.noindex/ArchiveIntermediates/App/BuildProductsPath/Release-iphoneos -F/Users/lekiaprosper/Library/Developer/Xcode/DerivedData/App-bmeqrztakkzxpkcqfdhhsyyyzbjg/Build/Intermediates.noindex/ArchiveIntermediates/App/BuildProductsPath/Release-iphoneos/Capacitor -F/Users/lekiaprosper/Library/Developer/Xcode/DerivedData/App-bmeqrztakkzxpkcqfdhhsyyyzbjg/Build/Intermediates.noindex/ArchiveIntermediates/App/BuildProductsPath/Release-iphoneos/CapacitorCordova -F/Users/lekiaprosper/Library/Developer/Xcode/DerivedData/App-bmeqrztakkzxpkcqfdhhsyyyzbjg/Build/Intermediates.noindex/ArchiveIntermediates/App/BuildProductsPath/Release-iphoneos/CapacitorSplashScreen -F/Users/lekiaprosper/Library/Developer/Xcode/DerivedData/App-bmeqrztakkzxpkcqfdhhsyyyzbjg/Build/Intermediates.noindex/ArchiveIntermediates/App/BuildProductsPath/Release-iphoneos/CapacitorStatusBar -filelist /Users/lekiaprosper/Library/Developer/Xcode/DerivedData/App-bmeqrztakkzxpkcqfdhhsyyyzbjg/Build/Intermediates.noindex/ArchiveIntermediates/App/IntermediateBuildFilesPath/App.build/Release-iphoneos/App.build/Objects-normal/arm64/App.LinkFileList -Xlinker -rpath -Xlinker /usr/lib/swift -Xlinker -rpath -Xlinker @executable_path/Frameworks -dead_strip -Xlinker -object_path_lto -Xlinker /Users/lekiaprosper/Library/Developer/Xcode/DerivedData/App-bmeqrztakkzxpkcqfdhhsyyyzbjg/Build/Intermediates.noindex/ArchiveIntermediates/App/IntermediateBuildFilesPath/App.build/Release-iphoneos/App.build/Objects-normal/arm64/App_lto.o -Xlinker -final_output -Xlinker /Applications/App.app/App -Xlinker -dependency_info -Xlinker /Users/lekiaprosper/Library/Developer/Xcode/DerivedData/App-bmeqrztakkzxpkcqfdhhsyyyzbjg/Build/Intermediates.noindex/ArchiveIntermediates/App/IntermediateBuildFilesPath/App.build/Release-iphoneos/App.build/Objects-normal/arm64/App_dependency_info.dat -fobjc-link-runtime -L/Applications/Xcode.app/Contents/Developer/Toolchains/XcodeDefault.xctoolchain/usr/lib/swift/iphoneos -L/usr/lib/swift -Xlinker -add_ast_path -Xlinker /Users/lekiaprosper/Library/Developer/Xcode/DerivedData/App-bmeqrztakkzxpkcqfdhhsyyyzbjg/Build/Intermediates.noindex/ArchiveIntermediates/App/IntermediateBuildFilesPath/App.build/Release-iphoneos/App.build/Objects-normal/arm64/App.swiftmodule @/Users/lekiaprosper/Library/Developer/Xcode/DerivedData/App-bmeqrztakkzxpkcqfdhhsyyyzbjg/Build/Intermediates.noindex/ArchiveIntermediates/App/IntermediateBuildFilesPath/App.build/Release-iphoneos/App.build/Objects-normal/arm64/App-linker-args.resp -ObjC -framework Capacitor -framework CapacitorSplashScreen -framework CapacitorStatusBar -framework Cordova -framework WebKit -framework Pods_App -Xlinker -no_adhoc_codesign -o /Users/lekiaprosper/Library/Developer/Xcode/DerivedData/App-bmeqrztakkzxpkcqfdhhsyyyzbjg/Build/Intermediates.noindex/ArchiveIntermediates/App/InstallationBuildProductsLocation/Applications/App.app/App

LinkAssetCatalog /Users/lekiaprosper/Documents/Dev/Connectize/Connectize-Frontend/ios/App/App/Assets.xcassets (in target 'App' from project 'App')
    cd /Users/lekiaprosper/Documents/Dev/Connectize/Connectize-Frontend/ios/App
    builtin-linkAssetCatalog --thinned /Users/lekiaprosper/Library/Developer/Xcode/DerivedData/App-bmeqrztakkzxpkcqfdhhsyyyzbjg/Build/Intermediates.noindex/ArchiveIntermediates/App/IntermediateBuildFilesPath/App.build/Release-iphoneos/App.build/assetcatalog_output/thinned --thinned-dependencies /Users/lekiaprosper/Library/Developer/Xcode/DerivedData/App-bmeqrztakkzxpkcqfdhhsyyyzbjg/Build/Intermediates.noindex/ArchiveIntermediates/App/IntermediateBuildFilesPath/App.build/Release-iphoneos/App.build/assetcatalog_dependencies_thinned --thinned-info-plist-content /Users/lekiaprosper/Library/Developer/Xcode/DerivedData/App-bmeqrztakkzxpkcqfdhhsyyyzbjg/Build/Intermediates.noindex/ArchiveIntermediates/App/IntermediateBuildFilesPath/App.build/Release-iphoneos/App.build/assetcatalog_generated_info.plist_thinned --unthinned /Users/lekiaprosper/Library/Developer/Xcode/DerivedData/App-bmeqrztakkzxpkcqfdhhsyyyzbjg/Build/Intermediates.noindex/ArchiveIntermediates/App/IntermediateBuildFilesPath/App.build/Release-iphoneos/App.build/assetcatalog_output/unthinned --unthinned-dependencies /Users/lekiaprosper/Library/Developer/Xcode/DerivedData/App-bmeqrztakkzxpkcqfdhhsyyyzbjg/Build/Intermediates.noindex/ArchiveIntermediates/App/IntermediateBuildFilesPath/App.build/Release-iphoneos/App.build/assetcatalog_dependencies_unthinned --unthinned-info-plist-content /Users/lekiaprosper/Library/Developer/Xcode/DerivedData/App-bmeqrztakkzxpkcqfdhhsyyyzbjg/Build/Intermediates.noindex/ArchiveIntermediates/App/IntermediateBuildFilesPath/App.build/Release-iphoneos/App.build/assetcatalog_generated_info.plist_unthinned --output /Users/lekiaprosper/Library/Developer/Xcode/DerivedData/App-bmeqrztakkzxpkcqfdhhsyyyzbjg/Build/Intermediates.noindex/ArchiveIntermediates/App/InstallationBuildProductsLocation/Applications/App.app --plist-output /Users/lekiaprosper/Library/Developer/Xcode/DerivedData/App-bmeqrztakkzxpkcqfdhhsyyyzbjg/Build/Intermediates.noindex/ArchiveIntermediates/App/IntermediateBuildFilesPath/App.build/Release-iphoneos/App.build/assetcatalog_generated_info.plist
note: Emplaced /Users/lekiaprosper/Library/Developer/Xcode/DerivedData/App-bmeqrztakkzxpkcqfdhhsyyyzbjg/Build/Intermediates.noindex/ArchiveIntermediates/App/InstallationBuildProductsLocation/Applications/App.app/AppIcon60x60@2x.png (in target 'App' from project 'App')
note: Emplaced /Users/lekiaprosper/Library/Developer/Xcode/DerivedData/App-bmeqrztakkzxpkcqfdhhsyyyzbjg/Build/Intermediates.noindex/ArchiveIntermediates/App/InstallationBuildProductsLocation/Applications/App.app/Assets.car (in target 'App' from project 'App')
note: Emplaced /Users/lekiaprosper/Library/Developer/Xcode/DerivedData/App-bmeqrztakkzxpkcqfdhhsyyyzbjg/Build/Intermediates.noindex/ArchiveIntermediates/App/InstallationBuildProductsLocation/Applications/App.app/AppIcon76x76@2x~ipad.png (in target 'App' from project 'App')

ProcessInfoPlistFile /Users/lekiaprosper/Library/Developer/Xcode/DerivedData/App-bmeqrztakkzxpkcqfdhhsyyyzbjg/Build/Intermediates.noindex/ArchiveIntermediates/App/InstallationBuildProductsLocation/Applications/App.app/Info.plist /Users/lekiaprosper/Documents/Dev/Connectize/Connectize-Frontend/ios/App/App/Info.plist (in target 'App' from project 'App')
    cd /Users/lekiaprosper/Documents/Dev/Connectize/Connectize-Frontend/ios/App
    builtin-infoPlistUtility /Users/lekiaprosper/Documents/Dev/Connectize/Connectize-Frontend/ios/App/App/Info.plist -producttype com.apple.product-type.application -genpkginfo /Users/lekiaprosper/Library/Developer/Xcode/DerivedData/App-bmeqrztakkzxpkcqfdhhsyyyzbjg/Build/Intermediates.noindex/ArchiveIntermediates/App/InstallationBuildProductsLocation/Applications/App.app/PkgInfo -expandbuildsettings -format binary -platform iphoneos -additionalcontentfile /Users/lekiaprosper/Library/Developer/Xcode/DerivedData/App-bmeqrztakkzxpkcqfdhhsyyyzbjg/Build/Intermediates.noindex/ArchiveIntermediates/App/IntermediateBuildFilesPath/App.build/Release-iphoneos/App.build/Base.lproj/LaunchScreen-SBPartialInfo.plist -additionalcontentfile /Users/lekiaprosper/Library/Developer/Xcode/DerivedData/App-bmeqrztakkzxpkcqfdhhsyyyzbjg/Build/Intermediates.noindex/ArchiveIntermediates/App/IntermediateBuildFilesPath/App.build/Release-iphoneos/App.build/Base.lproj/Main-SBPartialInfo.plist -additionalcontentfile /Users/lekiaprosper/Library/Developer/Xcode/DerivedData/App-bmeqrztakkzxpkcqfdhhsyyyzbjg/Build/Intermediates.noindex/ArchiveIntermediates/App/IntermediateBuildFilesPath/App.build/Release-iphoneos/App.build/assetcatalog_generated_info.plist -requiredArchitecture arm64 -o /Users/lekiaprosper/Library/Developer/Xcode/DerivedData/App-bmeqrztakkzxpkcqfdhhsyyyzbjg/Build/Intermediates.noindex/ArchiveIntermediates/App/InstallationBuildProductsLocation/Applications/App.app/Info.plist

LinkStoryboards (in target 'App' from project 'App')
    cd /Users/lekiaprosper/Documents/Dev/Connectize/Connectize-Frontend/ios/App
    /Applications/Xcode.app/Contents/Developer/usr/bin/ibtool --errors --warnings --notices --module App --target-device iphone --target-device ipad --minimum-deployment-target 18.0 --output-format human-readable-text --link /Users/lekiaprosper/Library/Developer/Xcode/DerivedData/App-bmeqrztakkzxpkcqfdhhsyyyzbjg/Build/Intermediates.noindex/ArchiveIntermediates/App/InstallationBuildProductsLocation/Applications/App.app /Users/lekiaprosper/Library/Developer/Xcode/DerivedData/App-bmeqrztakkzxpkcqfdhhsyyyzbjg/Build/Intermediates.noindex/ArchiveIntermediates/App/IntermediateBuildFilesPath/App.build/Release-iphoneos/App.build/Base.lproj/LaunchScreen.storyboardc /Users/lekiaprosper/Library/Developer/Xcode/DerivedData/App-bmeqrztakkzxpkcqfdhhsyyyzbjg/Build/Intermediates.noindex/ArchiveIntermediates/App/IntermediateBuildFilesPath/App.build/Release-iphoneos/App.build/Base.lproj/Main.storyboardc

GenerateDSYMFile /Users/lekiaprosper/Library/Developer/Xcode/DerivedData/App-bmeqrztakkzxpkcqfdhhsyyyzbjg/Build/Intermediates.noindex/ArchiveIntermediates/App/BuildProductsPath/Release-iphoneos/App.app.dSYM /Users/lekiaprosper/Library/Developer/Xcode/DerivedData/App-bmeqrztakkzxpkcqfdhhsyyyzbjg/Build/Intermediates.noindex/ArchiveIntermediates/App/InstallationBuildProductsLocation/Applications/App.app/App (in target 'App' from project 'App')
    cd /Users/lekiaprosper/Documents/Dev/Connectize/Connectize-Frontend/ios/App
    /Applications/Xcode.app/Contents/Developer/Toolchains/XcodeDefault.xctoolchain/usr/bin/dsymutil /Users/lekiaprosper/Library/Developer/Xcode/DerivedData/App-bmeqrztakkzxpkcqfdhhsyyyzbjg/Build/Intermediates.noindex/ArchiveIntermediates/App/InstallationBuildProductsLocation/Applications/App.app/App -o /Users/lekiaprosper/Library/Developer/Xcode/DerivedData/App-bmeqrztakkzxpkcqfdhhsyyyzbjg/Build/Intermediates.noindex/ArchiveIntermediates/App/BuildProductsPath/Release-iphoneos/App.app.dSYM

PhaseScriptExecution [CP]\ Copy\ Pods\ Resources /Users/lekiaprosper/Library/Developer/Xcode/DerivedData/App-bmeqrztakkzxpkcqfdhhsyyyzbjg/Build/Intermediates.noindex/ArchiveIntermediates/App/IntermediateBuildFilesPath/App.build/Release-iphoneos/App.build/Script-7B919B604F79862E96B0F318.sh (in target 'App' from project 'App')
    cd /Users/lekiaprosper/Documents/Dev/Connectize/Connectize-Frontend/ios/App
    /bin/sh -c /Users/lekiaprosper/Library/Developer/Xcode/DerivedData/App-bmeqrztakkzxpkcqfdhhsyyyzbjg/Build/Intermediates.noindex/ArchiveIntermediates/App/IntermediateBuildFilesPath/App.build/Release-iphoneos/App.build/Script-7B919B604F79862E96B0F318.sh
/Users/lekiaprosper/Documents/Dev/Connectize/Connectize-Frontend/ios/App/Pods/../../../node_modules/@capacitor/ios/Capacitor/Capacitor/assets/native-bridge.js
/Users/lekiaprosper/Documents/Dev/Connectize/Connectize-Frontend/ios/App/Pods/../../../node_modules/@capacitor/ios/Capacitor/Capacitor/PrivacyInfo.xcprivacy
/Users/lekiaprosper/Documents/Dev/Connectize/Connectize-Frontend/ios/App/Pods/../../../node_modules/@capacitor/ios/CapacitorCordova/CapacitorCordova/PrivacyInfo.xcprivacy
Transfer starting: 3 files
PrivacyInfo.xcprivacy
native-bridge.js

sent 53473 bytes  received 64 bytes  17270000 bytes/sec
total size is 53561  speedup is 1.00
Transfer starting: 3 files

sent 189 bytes  received 20 bytes  190000 bytes/sec
total size is 53561  speedup is 256.27

ExtractAppIntentsMetadata (in target 'App' from project 'App')
    cd /Users/lekiaprosper/Documents/Dev/Connectize/Connectize-Frontend/ios/App
    /Applications/Xcode.app/Contents/Developer/Toolchains/XcodeDefault.xctoolchain/usr/bin/appintentsmetadataprocessor --toolchain-dir /Applications/Xcode.app/Contents/Developer/Toolchains/XcodeDefault.xctoolchain --module-name App --sdk-root /Applications/Xcode.app/Contents/Developer/Platforms/iPhoneOS.platform/Developer/SDKs/iPhoneOS26.0.sdk --xcode-version 17A324 --platform-family iOS --deployment-target 18.0 --bundle-identifier co.connectize.app --output /Users/lekiaprosper/Library/Developer/Xcode/DerivedData/App-bmeqrztakkzxpkcqfdhhsyyyzbjg/Build/Intermediates.noindex/ArchiveIntermediates/App/InstallationBuildProductsLocation/Applications/App.app --target-triple arm64-apple-ios18.0 --binary-file /Users/lekiaprosper/Library/Developer/Xcode/DerivedData/App-bmeqrztakkzxpkcqfdhhsyyyzbjg/Build/Intermediates.noindex/ArchiveIntermediates/App/InstallationBuildProductsLocation/Applications/App.app/App --dependency-file /Users/lekiaprosper/Library/Developer/Xcode/DerivedData/App-bmeqrztakkzxpkcqfdhhsyyyzbjg/Build/Intermediates.noindex/ArchiveIntermediates/App/IntermediateBuildFilesPath/App.build/Release-iphoneos/App.build/Objects-normal/arm64/App_dependency_info.dat --stringsdata-file /Users/lekiaprosper/Library/Developer/Xcode/DerivedData/App-bmeqrztakkzxpkcqfdhhsyyyzbjg/Build/Intermediates.noindex/ArchiveIntermediates/App/IntermediateBuildFilesPath/App.build/Release-iphoneos/App.build/Objects-normal/arm64/ExtractedAppShortcutsMetadata.stringsdata --source-file-list /Users/lekiaprosper/Library/Developer/Xcode/DerivedData/App-bmeqrztakkzxpkcqfdhhsyyyzbjg/Build/Intermediates.noindex/ArchiveIntermediates/App/IntermediateBuildFilesPath/App.build/Release-iphoneos/App.build/Objects-normal/arm64/App.SwiftFileList --metadata-file-list /Users/lekiaprosper/Library/Developer/Xcode/DerivedData/App-bmeqrztakkzxpkcqfdhhsyyyzbjg/Build/Intermediates.noindex/ArchiveIntermediates/App/IntermediateBuildFilesPath/App.build/Release-iphoneos/App.build/App.DependencyMetadataFileList --static-metadata-file-list /Users/lekiaprosper/Library/Developer/Xcode/DerivedData/App-bmeqrztakkzxpkcqfdhhsyyyzbjg/Build/Intermediates.noindex/ArchiveIntermediates/App/IntermediateBuildFilesPath/App.build/Release-iphoneos/App.build/App.DependencyStaticMetadataFileList --swift-const-vals-list /Users/lekiaprosper/Library/Developer/Xcode/DerivedData/App-bmeqrztakkzxpkcqfdhhsyyyzbjg/Build/Intermediates.noindex/ArchiveIntermediates/App/IntermediateBuildFilesPath/App.build/Release-iphoneos/App.build/Objects-normal/arm64/App.SwiftConstValuesFileList --compile-time-extraction --deployment-aware-processing --validate-assistant-intents --no-app-shortcuts-localization
2025-09-20 22:19:19.717 appintentsmetadataprocessor[96344:13678820] Starting appintentsmetadataprocessor export
2025-09-20 22:19:19.718 appintentsmetadataprocessor[96344:13678820] warning: Metadata extraction skipped. No AppIntents.framework dependency found.

CopySwiftLibs /Users/lekiaprosper/Library/Developer/Xcode/DerivedData/App-bmeqrztakkzxpkcqfdhhsyyyzbjg/Build/Intermediates.noindex/ArchiveIntermediates/App/InstallationBuildProductsLocation/Applications/App.app (in target 'App' from project 'App')
    cd /Users/lekiaprosper/Documents/Dev/Connectize/Connectize-Frontend/ios/App
    builtin-swiftStdLibTool --copy --verbose --sign ECBD619555B14EB14AD5097BD33DFDA3B29A9C58 --scan-executable /Users/lekiaprosper/Library/Developer/Xcode/DerivedData/App-bmeqrztakkzxpkcqfdhhsyyyzbjg/Build/Intermediates.noindex/ArchiveIntermediates/App/InstallationBuildProductsLocation/Applications/App.app/App --scan-folder /Users/lekiaprosper/Library/Developer/Xcode/DerivedData/App-bmeqrztakkzxpkcqfdhhsyyyzbjg/Build/Intermediates.noindex/ArchiveIntermediates/App/InstallationBuildProductsLocation/Applications/App.app/Frameworks --scan-folder /Users/lekiaprosper/Library/Developer/Xcode/DerivedData/App-bmeqrztakkzxpkcqfdhhsyyyzbjg/Build/Intermediates.noindex/ArchiveIntermediates/App/InstallationBuildProductsLocation/Applications/App.app/PlugIns --scan-folder /Users/lekiaprosper/Library/Developer/Xcode/DerivedData/App-bmeqrztakkzxpkcqfdhhsyyyzbjg/Build/Intermediates.noindex/ArchiveIntermediates/App/InstallationBuildProductsLocation/Applications/App.app/SystemExtensions --scan-folder /Users/lekiaprosper/Library/Developer/Xcode/DerivedData/App-bmeqrztakkzxpkcqfdhhsyyyzbjg/Build/Intermediates.noindex/ArchiveIntermediates/App/InstallationBuildProductsLocation/Applications/App.app/Extensions --scan-folder /Users/lekiaprosper/Library/Developer/Xcode/DerivedData/App-bmeqrztakkzxpkcqfdhhsyyyzbjg/Build/Intermediates.noindex/ArchiveIntermediates/App/BuildProductsPath/Release-iphoneos/Pods_App.framework --platform iphoneos --toolchain /Applications/Xcode.app/Contents/Developer/Toolchains/XcodeDefault.xctoolchain --destination /Users/lekiaprosper/Library/Developer/Xcode/DerivedData/App-bmeqrztakkzxpkcqfdhhsyyyzbjg/Build/Intermediates.noindex/ArchiveIntermediates/App/InstallationBuildProductsLocation/Applications/App.app/Frameworks --unsigned-destination /Users/lekiaprosper/Library/Developer/Xcode/DerivedData/App-bmeqrztakkzxpkcqfdhhsyyyzbjg/Build/Intermediates.noindex/ArchiveIntermediates/App/BuildProductsPath/SwiftSupport --strip-bitcode --strip-bitcode-tool /Applications/Xcode.app/Contents/Developer/Toolchains/XcodeDefault.xctoolchain/usr/bin/bitcode_strip --emit-dependency-info /Users/lekiaprosper/Library/Developer/Xcode/DerivedData/App-bmeqrztakkzxpkcqfdhhsyyyzbjg/Build/Intermediates.noindex/ArchiveIntermediates/App/IntermediateBuildFilesPath/App.build/Release-iphoneos/App.build/SwiftStdLibToolInputDependencies.dep --filter-for-swift-os --back-deploy-swift-span

AppIntentsSSUTraining (in target 'App' from project 'App')
    cd /Users/lekiaprosper/Documents/Dev/Connectize/Connectize-Frontend/ios/App
    /Applications/Xcode.app/Contents/Developer/Toolchains/XcodeDefault.xctoolchain/usr/bin/appintentsnltrainingprocessor --infoplist-path /Users/lekiaprosper/Library/Developer/Xcode/DerivedData/App-bmeqrztakkzxpkcqfdhhsyyyzbjg/Build/Intermediates.noindex/ArchiveIntermediates/App/InstallationBuildProductsLocation/Applications/App.app/Info.plist --temp-dir-path /Users/lekiaprosper/Library/Developer/Xcode/DerivedData/App-bmeqrztakkzxpkcqfdhhsyyyzbjg/Build/Intermediates.noindex/ArchiveIntermediates/App/IntermediateBuildFilesPath/App.build/Release-iphoneos/App.build/ssu --bundle-id co.connectize.app --product-path /Users/lekiaprosper/Library/Developer/Xcode/DerivedData/App-bmeqrztakkzxpkcqfdhhsyyyzbjg/Build/Intermediates.noindex/ArchiveIntermediates/App/InstallationBuildProductsLocation/Applications/App.app --extracted-metadata-path /Users/lekiaprosper/Library/Developer/Xcode/DerivedData/App-bmeqrztakkzxpkcqfdhhsyyyzbjg/Build/Intermediates.noindex/ArchiveIntermediates/App/InstallationBuildProductsLocation/Applications/App.app/Metadata.appintents --deployment-postprocessing --metadata-file-list /Users/lekiaprosper/Library/Developer/Xcode/DerivedData/App-bmeqrztakkzxpkcqfdhhsyyyzbjg/Build/Intermediates.noindex/ArchiveIntermediates/App/IntermediateBuildFilesPath/App.build/Release-iphoneos/App.build/App.DependencyMetadataFileList --archive-ssu-assets
2025-09-20 22:19:19.739 appintentsnltrainingprocessor[96345:13678821] Parsing options for appintentsnltrainingprocessor
2025-09-20 22:19:19.739 appintentsnltrainingprocessor[96345:13678821] No AppShortcuts found - Skipping.

Strip /Users/lekiaprosper/Library/Developer/Xcode/DerivedData/App-bmeqrztakkzxpkcqfdhhsyyyzbjg/Build/Intermediates.noindex/ArchiveIntermediates/App/InstallationBuildProductsLocation/Applications/App.app/App (in target 'App' from project 'App')
    cd /Users/lekiaprosper/Documents/Dev/Connectize/Connectize-Frontend/ios/App
    /Applications/Xcode.app/Contents/Developer/Toolchains/XcodeDefault.xctoolchain/usr/bin/strip -D /Users/lekiaprosper/Library/Developer/Xcode/DerivedData/App-bmeqrztakkzxpkcqfdhhsyyyzbjg/Build/Intermediates.noindex/ArchiveIntermediates/App/InstallationBuildProductsLocation/Applications/App.app/App

SetOwnerAndGroup lekiaprosper:staff /Users/lekiaprosper/Library/Developer/Xcode/DerivedData/App-bmeqrztakkzxpkcqfdhhsyyyzbjg/Build/Intermediates.noindex/ArchiveIntermediates/App/InstallationBuildProductsLocation/Applications/App.app (in target 'App' from project 'App')
    cd /Users/lekiaprosper/Documents/Dev/Connectize/Connectize-Frontend/ios/App
    /usr/sbin/chown -RH lekiaprosper:staff /Users/lekiaprosper/Library/Developer/Xcode/DerivedData/App-bmeqrztakkzxpkcqfdhhsyyyzbjg/Build/Intermediates.noindex/ArchiveIntermediates/App/InstallationBuildProductsLocation/Applications/App.app

SetMode u+w,go-w,a+rX /Users/lekiaprosper/Library/Developer/Xcode/DerivedData/App-bmeqrztakkzxpkcqfdhhsyyyzbjg/Build/Intermediates.noindex/ArchiveIntermediates/App/InstallationBuildProductsLocation/Applications/App.app (in target 'App' from project 'App')
    cd /Users/lekiaprosper/Documents/Dev/Connectize/Connectize-Frontend/ios/App
    /bin/chmod -RH u+w,go-w,a+rX /Users/lekiaprosper/Library/Developer/Xcode/DerivedData/App-bmeqrztakkzxpkcqfdhhsyyyzbjg/Build/Intermediates.noindex/ArchiveIntermediates/App/InstallationBuildProductsLocation/Applications/App.app

CodeSign /Users/lekiaprosper/Library/Developer/Xcode/DerivedData/App-bmeqrztakkzxpkcqfdhhsyyyzbjg/Build/Intermediates.noindex/ArchiveIntermediates/App/InstallationBuildProductsLocation/Applications/App.app (in target 'App' from project 'App')
    cd /Users/lekiaprosper/Documents/Dev/Connectize/Connectize-Frontend/ios/App
    
    Signing Identity:     "Apple Development: Prosper Lekia (95TLJ82S8B)"
    Provisioning Profile: "iOS Team Provisioning Profile: co.connectize.app"
                          (baa0075b-ed19-4397-b695-7582e8ce8e94)
    
    /usr/bin/codesign --force --sign ECBD619555B14EB14AD5097BD33DFDA3B29A9C58 --entitlements /Users/lekiaprosper/Library/Developer/Xcode/DerivedData/App-bmeqrztakkzxpkcqfdhhsyyyzbjg/Build/Intermediates.noindex/ArchiveIntermediates/App/IntermediateBuildFilesPath/App.build/Release-iphoneos/App.build/App.app.xcent --generate-entitlement-der /Users/lekiaprosper/Library/Developer/Xcode/DerivedData/App-bmeqrztakkzxpkcqfdhhsyyyzbjg/Build/Intermediates.noindex/ArchiveIntermediates/App/InstallationBuildProductsLocation/Applications/App.app

RegisterExecutionPolicyException /Users/lekiaprosper/Library/Developer/Xcode/DerivedData/App-bmeqrztakkzxpkcqfdhhsyyyzbjg/Build/Intermediates.noindex/ArchiveIntermediates/App/InstallationBuildProductsLocation/Applications/App.app (in target 'App' from project 'App')
    cd /Users/lekiaprosper/Documents/Dev/Connectize/Connectize-Frontend/ios/App
    builtin-RegisterExecutionPolicyException /Users/lekiaprosper/Library/Developer/Xcode/DerivedData/App-bmeqrztakkzxpkcqfdhhsyyyzbjg/Build/Intermediates.noindex/ArchiveIntermediates/App/InstallationBuildProductsLocation/Applications/App.app

Validate /Users/lekiaprosper/Library/Developer/Xcode/DerivedData/App-bmeqrztakkzxpkcqfdhhsyyyzbjg/Build/Intermediates.noindex/ArchiveIntermediates/App/InstallationBuildProductsLocation/Applications/App.app (in target 'App' from project 'App')
    cd /Users/lekiaprosper/Documents/Dev/Connectize/Connectize-Frontend/ios/App
    builtin-validationUtility /Users/lekiaprosper/Library/Developer/Xcode/DerivedData/App-bmeqrztakkzxpkcqfdhhsyyyzbjg/Build/Intermediates.noindex/ArchiveIntermediates/App/InstallationBuildProductsLocation/Applications/App.app -validate-for-store -shallow-bundle -infoplist-subpath Info.plist

Touch /Users/lekiaprosper/Library/Developer/Xcode/DerivedData/App-bmeqrztakkzxpkcqfdhhsyyyzbjg/Build/Intermediates.noindex/ArchiveIntermediates/App/InstallationBuildProductsLocation/Applications/App.app (in target 'App' from project 'App')
    cd /Users/lekiaprosper/Documents/Dev/Connectize/Connectize-Frontend/ios/App
    /usr/bin/touch -c /Users/lekiaprosper/Library/Developer/Xcode/DerivedData/App-bmeqrztakkzxpkcqfdhhsyyyzbjg/Build/Intermediates.noindex/ArchiveIntermediates/App/InstallationBuildProductsLocation/Applications/App.app

** ARCHIVE SUCCEEDED **

