Command line invocation:
    /Applications/Xcode.app/Contents/Developer/usr/bin/xcodebuild -workspace ios/App/App.xcworkspace -scheme App -configuration Release -destination generic/platform=iOS archive

ComputePackagePrebuildTargetDependencyGraph

Prepare packages

CreateBuildRequest

SendProjectDescription

CreateBuildOperation

ComputeTargetDependencyGraph
note: Building targets in dependency order
note: Target dependency graph (6 targets)
    Target 'App' in project 'App'
        ➜ Implicit dependency on target 'Pods-App' in project 'Pods' via file 'Pods_App.framework' in build phase 'Link Binary'
        ➜ Implicit dependency on target 'Capacitor' in project 'Pods' via options '-framework Capacitor' in build setting 'OTHER_LDFLAGS'
        ➜ Implicit dependency on target 'CapacitorSplashScreen' in project 'Pods' via options '-framework CapacitorSplashScreen' in build setting 'OTHER_LDFLAGS'
        ➜ Implicit dependency on target 'CapacitorStatusBar' in project 'Pods' via options '-framework CapacitorStatusBar' in build setting 'OTHER_LDFLAGS'
        ➜ Implicit dependency on target 'CapacitorCordova' in project 'Pods' via options '-framework Cordova' in build setting 'OTHER_LDFLAGS'
    Target 'Pods-App' in project 'Pods'
        ➜ Explicit dependency on target 'Capacitor' in project 'Pods'
        ➜ Explicit dependency on target 'CapacitorCordova' in project 'Pods'
        ➜ Explicit dependency on target 'CapacitorSplashScreen' in project 'Pods'
        ➜ Explicit dependency on target 'CapacitorStatusBar' in project 'Pods'
    Target 'CapacitorStatusBar' in project 'Pods'
        ➜ Explicit dependency on target 'Capacitor' in project 'Pods'
    Target 'CapacitorSplashScreen' in project 'Pods'
        ➜ Explicit dependency on target 'Capacitor' in project 'Pods'
    Target 'Capacitor' in project 'Pods'
        ➜ Explicit dependency on target 'CapacitorCordova' in project 'Pods'
    Target 'CapacitorCordova' in project 'Pods' (no dependencies)

GatherProvisioningInputs

CreateBuildDescription

ExecuteExternalTool /Applications/Xcode.app/Contents/Developer/Toolchains/XcodeDefault.xctoolchain/usr/bin/clang -v -E -dM -arch arm64 -isysroot /Applications/Xcode.app/Contents/Developer/Platforms/iPhoneOS.platform/Developer/SDKs/iPhoneOS26.0.sdk -x c -c /dev/null

ExecuteExternalTool /Applications/Xcode.app/Contents/Developer/Toolchains/XcodeDefault.xctoolchain/usr/bin/clang -v -E -dM -isysroot /Applications/Xcode.app/Contents/Developer/Platforms/iPhoneOS.platform/Developer/SDKs/iPhoneOS26.0.sdk -x c -c /dev/null

ExecuteExternalTool /Applications/Xcode.app/Contents/Developer/usr/bin/actool --print-asset-tag-combinations --output-format xml1 /Users/lekiaprosper/Documents/Dev/Connectize/Connectize-Frontend/ios/App/App/Assets.xcassets

ExecuteExternalTool /Applications/Xcode.app/Contents/Developer/usr/bin/ibtool --version --output-format xml1

ExecuteExternalTool /Applications/Xcode.app/Contents/Developer/Toolchains/XcodeDefault.xctoolchain/usr/bin/clang -v -E -dM -arch arm64 -isysroot /Applications/Xcode.app/Contents/Developer/Platforms/iPhoneOS.platform/Developer/SDKs/iPhoneOS26.0.sdk -x objective-c -c /dev/null

ExecuteExternalTool /Applications/Xcode.app/Contents/Developer/Toolchains/XcodeDefault.xctoolchain/usr/bin/swiftc --version

ExecuteExternalTool /Applications/Xcode.app/Contents/Developer/Toolchains/XcodeDefault.xctoolchain/usr/bin/libtool -V

ExecuteExternalTool /Applications/Xcode.app/Contents/Developer/usr/bin/actool --version --output-format xml1

ExecuteExternalTool /Applications/Xcode.app/Contents/Developer/Toolchains/XcodeDefault.xctoolchain/usr/bin/ld -version_details

Build description signature: bd680aa64373235f4d979a23f806ce0c
Build description path: /Users/lekiaprosper/Library/Developer/Xcode/DerivedData/App-bmeqrztakkzxpkcqfdhhsyyyzbjg/Build/Intermediates.noindex/ArchiveIntermediates/App/IntermediateBuildFilesPath/XCBuildData/bd680aa64373235f4d979a23f806ce0c.xcbuilddata
CreateBuildDirectory /Users/lekiaprosper/Library/Developer/Xcode/DerivedData/App-bmeqrztakkzxpkcqfdhhsyyyzbjg/Build/Intermediates.noindex/ArchiveIntermediates/App/InstallationBuildProductsLocation
    cd /Users/lekiaprosper/Documents/Dev/Connectize/Connectize-Frontend/ios/App
    builtin-create-build-directory /Users/lekiaprosper/Library/Developer/Xcode/DerivedData/App-bmeqrztakkzxpkcqfdhhsyyyzbjg/Build/Intermediates.noindex/ArchiveIntermediates/App/InstallationBuildProductsLocation

ClangStatCache /Applications/Xcode.app/Contents/Developer/Toolchains/XcodeDefault.xctoolchain/usr/bin/clang-stat-cache /Applications/Xcode.app/Contents/Developer/Platforms/iPhoneOS.platform/Developer/SDKs/iPhoneOS26.0.sdk /Users/lekiaprosper/Library/Developer/Xcode/DerivedData/SDKStatCaches.noindex/iphoneos26.0-23A339-81ce72e5b06c9602b9d30b56f2eed08a.sdkstatcache
    cd /Users/lekiaprosper/Documents/Dev/Connectize/Connectize-Frontend/ios/App
    /Applications/Xcode.app/Contents/Developer/Toolchains/XcodeDefault.xctoolchain/usr/bin/clang-stat-cache /Applications/Xcode.app/Contents/Developer/Platforms/iPhoneOS.platform/Developer/SDKs/iPhoneOS26.0.sdk -o /Users/lekiaprosper/Library/Developer/Xcode/DerivedData/SDKStatCaches.noindex/iphoneos26.0-23A339-81ce72e5b06c9602b9d30b56f2eed08a.sdkstatcache

CreateBuildDirectory /Users/lekiaprosper/Library/Developer/Xcode/DerivedData/App-bmeqrztakkzxpkcqfdhhsyyyzbjg/Build/Intermediates.noindex/ArchiveIntermediates/App/IntermediateBuildFilesPath
    cd /Users/lekiaprosper/Documents/Dev/Connectize/Connectize-Frontend/ios/App
    builtin-create-build-directory /Users/lekiaprosper/Library/Developer/Xcode/DerivedData/App-bmeqrztakkzxpkcqfdhhsyyyzbjg/Build/Intermediates.noindex/ArchiveIntermediates/App/IntermediateBuildFilesPath

CreateBuildDirectory /Users/lekiaprosper/Library/Developer/Xcode/DerivedData/App-bmeqrztakkzxpkcqfdhhsyyyzbjg/Build/Intermediates.noindex/ArchiveIntermediates/App/BuildProductsPath
    cd /Users/lekiaprosper/Documents/Dev/Connectize/Connectize-Frontend/ios/App
    builtin-create-build-directory /Users/lekiaprosper/Library/Developer/Xcode/DerivedData/App-bmeqrztakkzxpkcqfdhhsyyyzbjg/Build/Intermediates.noindex/ArchiveIntermediates/App/BuildProductsPath

CreateBuildDirectory /Users/lekiaprosper/Library/Developer/Xcode/DerivedData/App-bmeqrztakkzxpkcqfdhhsyyyzbjg/Build/Intermediates.noindex/ArchiveIntermediates/App/BuildProductsPath/Release-iphoneos
    cd /Users/lekiaprosper/Documents/Dev/Connectize/Connectize-Frontend/ios/App
    builtin-create-build-directory /Users/lekiaprosper/Library/Developer/Xcode/DerivedData/App-bmeqrztakkzxpkcqfdhhsyyyzbjg/Build/Intermediates.noindex/ArchiveIntermediates/App/BuildProductsPath/Release-iphoneos

CreateBuildDirectory /Users/lekiaprosper/Library/Developer/Xcode/DerivedData/App-bmeqrztakkzxpkcqfdhhsyyyzbjg/Build/Intermediates.noindex/ArchiveIntermediates/App/IntermediateBuildFilesPath/SwiftExplicitPrecompiledModules
    cd /Users/lekiaprosper/Documents/Dev/Connectize/Connectize-Frontend/ios/App
    builtin-create-build-directory /Users/lekiaprosper/Library/Developer/Xcode/DerivedData/App-bmeqrztakkzxpkcqfdhhsyyyzbjg/Build/Intermediates.noindex/ArchiveIntermediates/App/IntermediateBuildFilesPath/SwiftExplicitPrecompiledModules

CreateBuildDirectory /Users/lekiaprosper/Library/Developer/Xcode/DerivedData/App-bmeqrztakkzxpkcqfdhhsyyyzbjg/Build/Intermediates.noindex/ArchiveIntermediates/App/IntermediateBuildFilesPath/ExplicitPrecompiledModules
    cd /Users/lekiaprosper/Documents/Dev/Connectize/Connectize-Frontend/ios/App
    builtin-create-build-directory /Users/lekiaprosper/Library/Developer/Xcode/DerivedData/App-bmeqrztakkzxpkcqfdhhsyyyzbjg/Build/Intermediates.noindex/ArchiveIntermediates/App/IntermediateBuildFilesPath/ExplicitPrecompiledModules

CreateBuildDirectory /Users/lekiaprosper/Library/Developer/Xcode/DerivedData/App-bmeqrztakkzxpkcqfdhhsyyyzbjg/Build/Intermediates.noindex/ArchiveIntermediates/App/IntermediateBuildFilesPath/EagerLinkingTBDs/Release-iphoneos
    cd /Users/lekiaprosper/Documents/Dev/Connectize/Connectize-Frontend/ios/App
    builtin-create-build-directory /Users/lekiaprosper/Library/Developer/Xcode/DerivedData/App-bmeqrztakkzxpkcqfdhhsyyyzbjg/Build/Intermediates.noindex/ArchiveIntermediates/App/IntermediateBuildFilesPath/EagerLinkingTBDs/Release-iphoneos

WriteAuxiliaryFile /Users/lekiaprosper/Library/Developer/Xcode/DerivedData/App-bmeqrztakkzxpkcqfdhhsyyyzbjg/Build/Intermediates.noindex/ArchiveIntermediates/App/IntermediateBuildFilesPath/App.build/Release-iphoneos/App-0ca3007d900a678c2b4d53418799ee3d-VFS-iphoneos/all-product-headers.yaml
    cd /Users/lekiaprosper/Documents/Dev/Connectize/Connectize-Frontend/ios/App
    write-file /Users/lekiaprosper/Library/Developer/Xcode/DerivedData/App-bmeqrztakkzxpkcqfdhhsyyyzbjg/Build/Intermediates.noindex/ArchiveIntermediates/App/IntermediateBuildFilesPath/App.build/Release-iphoneos/App-0ca3007d900a678c2b4d53418799ee3d-VFS-iphoneos/all-product-headers.yaml

WriteAuxiliaryFile /Users/lekiaprosper/Library/Developer/Xcode/DerivedData/App-bmeqrztakkzxpkcqfdhhsyyyzbjg/Build/Intermediates.noindex/ArchiveIntermediates/App/IntermediateBuildFilesPath/Pods.build/Release-iphoneos/Pods-8699adb1dd336b26511df848a716bd42-VFS-iphoneos/all-product-headers.yaml
    cd /Users/lekiaprosper/Documents/Dev/Connectize/Connectize-Frontend/ios/App
    write-file /Users/lekiaprosper/Library/Developer/Xcode/DerivedData/App-bmeqrztakkzxpkcqfdhhsyyyzbjg/Build/Intermediates.noindex/ArchiveIntermediates/App/IntermediateBuildFilesPath/Pods.build/Release-iphoneos/Pods-8699adb1dd336b26511df848a716bd42-VFS-iphoneos/all-product-headers.yaml

CreateBuildDirectory /Users/lekiaprosper/Library/Developer/Xcode/DerivedData/App-bmeqrztakkzxpkcqfdhhsyyyzbjg/Build/Intermediates.noindex/ArchiveIntermediates/App/BuildProductsPath/Release-iphoneos/CapacitorStatusBar
    cd /Users/lekiaprosper/Documents/Dev/Connectize/Connectize-Frontend/ios/App
    builtin-create-build-directory /Users/lekiaprosper/Library/Developer/Xcode/DerivedData/App-bmeqrztakkzxpkcqfdhhsyyyzbjg/Build/Intermediates.noindex/ArchiveIntermediates/App/BuildProductsPath/Release-iphoneos/CapacitorStatusBar

CreateBuildDirectory /Users/lekiaprosper/Library/Developer/Xcode/DerivedData/App-bmeqrztakkzxpkcqfdhhsyyyzbjg/Build/Intermediates.noindex/ArchiveIntermediates/App/BuildProductsPath/Release-iphoneos/Capacitor
    cd /Users/lekiaprosper/Documents/Dev/Connectize/Connectize-Frontend/ios/App
    builtin-create-build-directory /Users/lekiaprosper/Library/Developer/Xcode/DerivedData/App-bmeqrztakkzxpkcqfdhhsyyyzbjg/Build/Intermediates.noindex/ArchiveIntermediates/App/BuildProductsPath/Release-iphoneos/Capacitor

CreateBuildDirectory /Users/lekiaprosper/Library/Developer/Xcode/DerivedData/App-bmeqrztakkzxpkcqfdhhsyyyzbjg/Build/Intermediates.noindex/ArchiveIntermediates/App/BuildProductsPath/Release-iphoneos/CapacitorCordova
    cd /Users/lekiaprosper/Documents/Dev/Connectize/Connectize-Frontend/ios/App
    builtin-create-build-directory /Users/lekiaprosper/Library/Developer/Xcode/DerivedData/App-bmeqrztakkzxpkcqfdhhsyyyzbjg/Build/Intermediates.noindex/ArchiveIntermediates/App/BuildProductsPath/Release-iphoneos/CapacitorCordova

CreateBuildDirectory /Users/lekiaprosper/Library/Developer/Xcode/DerivedData/App-bmeqrztakkzxpkcqfdhhsyyyzbjg/Build/Intermediates.noindex/ArchiveIntermediates/App/BuildProductsPath/Release-iphoneos/CapacitorSplashScreen
    cd /Users/lekiaprosper/Documents/Dev/Connectize/Connectize-Frontend/ios/App
    builtin-create-build-directory /Users/lekiaprosper/Library/Developer/Xcode/DerivedData/App-bmeqrztakkzxpkcqfdhhsyyyzbjg/Build/Intermediates.noindex/ArchiveIntermediates/App/BuildProductsPath/Release-iphoneos/CapacitorSplashScreen

WriteAuxiliaryFile /Users/lekiaprosper/Library/Developer/Xcode/DerivedData/App-bmeqrztakkzxpkcqfdhhsyyyzbjg/Build/Intermediates.noindex/ArchiveIntermediates/App/IntermediateBuildFilesPath/Pods.build/Release-iphoneos/Pods-App.build/Pods_App-own-target-headers.hmap (in target 'Pods-App' from project 'Pods')
    cd /Users/lekiaprosper/Documents/Dev/Connectize/Connectize-Frontend/ios/App/Pods
    write-file /Users/lekiaprosper/Library/Developer/Xcode/DerivedData/App-bmeqrztakkzxpkcqfdhhsyyyzbjg/Build/Intermediates.noindex/ArchiveIntermediates/App/IntermediateBuildFilesPath/Pods.build/Release-iphoneos/Pods-App.build/Pods_App-own-target-headers.hmap

WriteAuxiliaryFile /Users/lekiaprosper/Library/Developer/Xcode/DerivedData/App-bmeqrztakkzxpkcqfdhhsyyyzbjg/Build/Intermediates.noindex/ArchiveIntermediates/App/IntermediateBuildFilesPath/Pods.build/Release-iphoneos/Pods-App.build/Pods_App.hmap (in target 'Pods-App' from project 'Pods')
    cd /Users/lekiaprosper/Documents/Dev/Connectize/Connectize-Frontend/ios/App/Pods
    write-file /Users/lekiaprosper/Library/Developer/Xcode/DerivedData/App-bmeqrztakkzxpkcqfdhhsyyyzbjg/Build/Intermediates.noindex/ArchiveIntermediates/App/IntermediateBuildFilesPath/Pods.build/Release-iphoneos/Pods-App.build/Pods_App.hmap

WriteAuxiliaryFile /Users/lekiaprosper/Library/Developer/Xcode/DerivedData/App-bmeqrztakkzxpkcqfdhhsyyyzbjg/Build/Intermediates.noindex/ArchiveIntermediates/App/IntermediateBuildFilesPath/Pods.build/Release-iphoneos/Pods-App.build/Pods_App-project-headers.hmap (in target 'Pods-App' from project 'Pods')
    cd /Users/lekiaprosper/Documents/Dev/Connectize/Connectize-Frontend/ios/App/Pods
    write-file /Users/lekiaprosper/Library/Developer/Xcode/DerivedData/App-bmeqrztakkzxpkcqfdhhsyyyzbjg/Build/Intermediates.noindex/ArchiveIntermediates/App/IntermediateBuildFilesPath/Pods.build/Release-iphoneos/Pods-App.build/Pods_App-project-headers.hmap

WriteAuxiliaryFile /Users/lekiaprosper/Library/Developer/Xcode/DerivedData/App-bmeqrztakkzxpkcqfdhhsyyyzbjg/Build/Intermediates.noindex/ArchiveIntermediates/App/IntermediateBuildFilesPath/Pods.build/Release-iphoneos/Pods-App.build/Pods_App.DependencyStaticMetadataFileList (in target 'Pods-App' from project 'Pods')
    cd /Users/lekiaprosper/Documents/Dev/Connectize/Connectize-Frontend/ios/App/Pods
    write-file /Users/lekiaprosper/Library/Developer/Xcode/DerivedData/App-bmeqrztakkzxpkcqfdhhsyyyzbjg/Build/Intermediates.noindex/ArchiveIntermediates/App/IntermediateBuildFilesPath/Pods.build/Release-iphoneos/Pods-App.build/Pods_App.DependencyStaticMetadataFileList

WriteAuxiliaryFile /Users/lekiaprosper/Library/Developer/Xcode/DerivedData/App-bmeqrztakkzxpkcqfdhhsyyyzbjg/Build/Intermediates.noindex/ArchiveIntermediates/App/IntermediateBuildFilesPath/Pods.build/Release-iphoneos/Pods-App.build/Pods_App.DependencyMetadataFileList (in target 'Pods-App' from project 'Pods')
    cd /Users/lekiaprosper/Documents/Dev/Connectize/Connectize-Frontend/ios/App/Pods
    write-file /Users/lekiaprosper/Library/Developer/Xcode/DerivedData/App-bmeqrztakkzxpkcqfdhhsyyyzbjg/Build/Intermediates.noindex/ArchiveIntermediates/App/IntermediateBuildFilesPath/Pods.build/Release-iphoneos/Pods-App.build/Pods_App.DependencyMetadataFileList

WriteAuxiliaryFile /Users/lekiaprosper/Library/Developer/Xcode/DerivedData/App-bmeqrztakkzxpkcqfdhhsyyyzbjg/Build/Intermediates.noindex/ArchiveIntermediates/App/IntermediateBuildFilesPath/Pods.build/Release-iphoneos/Pods-App.build/Pods_App-generated-files.hmap (in target 'Pods-App' from project 'Pods')
    cd /Users/lekiaprosper/Documents/Dev/Connectize/Connectize-Frontend/ios/App/Pods
    write-file /Users/lekiaprosper/Library/Developer/Xcode/DerivedData/App-bmeqrztakkzxpkcqfdhhsyyyzbjg/Build/Intermediates.noindex/ArchiveIntermediates/App/IntermediateBuildFilesPath/Pods.build/Release-iphoneos/Pods-App.build/Pods_App-generated-files.hmap

WriteAuxiliaryFile /Users/lekiaprosper/Library/Developer/Xcode/DerivedData/App-bmeqrztakkzxpkcqfdhhsyyyzbjg/Build/Intermediates.noindex/ArchiveIntermediates/App/IntermediateBuildFilesPath/Pods.build/Release-iphoneos/Pods-App.build/Pods_App-diagnostic-filename-map.json (in target 'Pods-App' from project 'Pods')
    cd /Users/lekiaprosper/Documents/Dev/Connectize/Connectize-Frontend/ios/App/Pods
    write-file /Users/lekiaprosper/Library/Developer/Xcode/DerivedData/App-bmeqrztakkzxpkcqfdhhsyyyzbjg/Build/Intermediates.noindex/ArchiveIntermediates/App/IntermediateBuildFilesPath/Pods.build/Release-iphoneos/Pods-App.build/Pods_App-diagnostic-filename-map.json

WriteAuxiliaryFile /Users/lekiaprosper/Library/Developer/Xcode/DerivedData/App-bmeqrztakkzxpkcqfdhhsyyyzbjg/Build/Intermediates.noindex/ArchiveIntermediates/App/IntermediateBuildFilesPath/Pods.build/Release-iphoneos/Pods-App.build/Pods_App-all-target-headers.hmap (in target 'Pods-App' from project 'Pods')
    cd /Users/lekiaprosper/Documents/Dev/Connectize/Connectize-Frontend/ios/App/Pods
    write-file /Users/lekiaprosper/Library/Developer/Xcode/DerivedData/App-bmeqrztakkzxpkcqfdhhsyyyzbjg/Build/Intermediates.noindex/ArchiveIntermediates/App/IntermediateBuildFilesPath/Pods.build/Release-iphoneos/Pods-App.build/Pods_App-all-target-headers.hmap

WriteAuxiliaryFile /Users/lekiaprosper/Library/Developer/Xcode/DerivedData/App-bmeqrztakkzxpkcqfdhhsyyyzbjg/Build/Intermediates.noindex/ArchiveIntermediates/App/IntermediateBuildFilesPath/Pods.build/Release-iphoneos/Pods-App.build/Pods_App-all-non-framework-target-headers.hmap (in target 'Pods-App' from project 'Pods')
    cd /Users/lekiaprosper/Documents/Dev/Connectize/Connectize-Frontend/ios/App/Pods
    write-file /Users/lekiaprosper/Library/Developer/Xcode/DerivedData/App-bmeqrztakkzxpkcqfdhhsyyyzbjg/Build/Intermediates.noindex/ArchiveIntermediates/App/IntermediateBuildFilesPath/Pods.build/Release-iphoneos/Pods-App.build/Pods_App-all-non-framework-target-headers.hmap

Copy /Users/lekiaprosper/Library/Developer/Xcode/DerivedData/App-bmeqrztakkzxpkcqfdhhsyyyzbjg/Build/Intermediates.noindex/ArchiveIntermediates/App/IntermediateBuildFilesPath/Pods.build/Release-iphoneos/Pods-App.build/module.modulemap /Users/lekiaprosper/Documents/Dev/Connectize/Connectize-Frontend/ios/App/Pods/Target\ Support\ Files/Pods-App/Pods-App.modulemap (in target 'Pods-App' from project 'Pods')
    cd /Users/lekiaprosper/Documents/Dev/Connectize/Connectize-Frontend/ios/App/Pods
    builtin-copy -exclude .DS_Store -exclude CVS -exclude .svn -exclude .git -exclude .hg -resolve-src-symlinks -rename /Users/lekiaprosper/Documents/Dev/Connectize/Connectize-Frontend/ios/App/Pods/Target\ Support\ Files/Pods-App/Pods-App.modulemap /Users/lekiaprosper/Library/Developer/Xcode/DerivedData/App-bmeqrztakkzxpkcqfdhhsyyyzbjg/Build/Intermediates.noindex/ArchiveIntermediates/App/IntermediateBuildFilesPath/Pods.build/Release-iphoneos/Pods-App.build/module.modulemap

WriteAuxiliaryFile /Users/lekiaprosper/Library/Developer/Xcode/DerivedData/App-bmeqrztakkzxpkcqfdhhsyyyzbjg/Build/Intermediates.noindex/ArchiveIntermediates/App/IntermediateBuildFilesPath/Pods.build/Release-iphoneos/Pods-App.build/DerivedSources/Pods_App_vers.c (in target 'Pods-App' from project 'Pods')
    cd /Users/lekiaprosper/Documents/Dev/Connectize/Connectize-Frontend/ios/App/Pods
    write-file /Users/lekiaprosper/Library/Developer/Xcode/DerivedData/App-bmeqrztakkzxpkcqfdhhsyyyzbjg/Build/Intermediates.noindex/ArchiveIntermediates/App/IntermediateBuildFilesPath/Pods.build/Release-iphoneos/Pods-App.build/DerivedSources/Pods_App_vers.c

WriteAuxiliaryFile /Users/lekiaprosper/Library/Developer/Xcode/DerivedData/App-bmeqrztakkzxpkcqfdhhsyyyzbjg/Build/Intermediates.noindex/ArchiveIntermediates/App/IntermediateBuildFilesPath/Pods.build/Release-iphoneos/Pods-App.build/Objects-normal/arm64/Pods_App.LinkFileList (in target 'Pods-App' from project 'Pods')
    cd /Users/lekiaprosper/Documents/Dev/Connectize/Connectize-Frontend/ios/App/Pods
    write-file /Users/lekiaprosper/Library/Developer/Xcode/DerivedData/App-bmeqrztakkzxpkcqfdhhsyyyzbjg/Build/Intermediates.noindex/ArchiveIntermediates/App/IntermediateBuildFilesPath/Pods.build/Release-iphoneos/Pods-App.build/Objects-normal/arm64/Pods_App.LinkFileList

WriteAuxiliaryFile /Users/lekiaprosper/Library/Developer/Xcode/DerivedData/App-bmeqrztakkzxpkcqfdhhsyyyzbjg/Build/Intermediates.noindex/ArchiveIntermediates/App/IntermediateBuildFilesPath/Pods.build/Release-iphoneos/Pods-App.build/Objects-normal/arm64/7187679823f38a2a940e0043cdf9d637-common-args.resp (in target 'Pods-App' from project 'Pods')
    cd /Users/lekiaprosper/Documents/Dev/Connectize/Connectize-Frontend/ios/App/Pods
    write-file /Users/lekiaprosper/Library/Developer/Xcode/DerivedData/App-bmeqrztakkzxpkcqfdhhsyyyzbjg/Build/Intermediates.noindex/ArchiveIntermediates/App/IntermediateBuildFilesPath/Pods.build/Release-iphoneos/Pods-App.build/Objects-normal/arm64/7187679823f38a2a940e0043cdf9d637-common-args.resp
-target arm64-apple-ios14.0 '-std=gnu11' -fmodules -gmodules '-fmodules-cache-path=/Users/lekiaprosper/Library/Developer/Xcode/DerivedData/ModuleCache.noindex' '-fmodule-name=Pods_App' -fpascal-strings -Os -fno-common '-DPOD_CONFIGURATION_RELEASE=1' '-DCOCOAPODS=1' -isysroot /Applications/Xcode.app/Contents/Developer/Platforms/iPhoneOS.platform/Developer/SDKs/iPhoneOS26.0.sdk -g -iquote /Users/lekiaprosper/Library/Developer/Xcode/DerivedData/App-bmeqrztakkzxpkcqfdhhsyyyzbjg/Build/Intermediates.noindex/ArchiveIntermediates/App/IntermediateBuildFilesPath/Pods.build/Release-iphoneos/Pods-App.build/Pods_App-generated-files.hmap -I/Users/lekiaprosper/Library/Developer/Xcode/DerivedData/App-bmeqrztakkzxpkcqfdhhsyyyzbjg/Build/Intermediates.noindex/ArchiveIntermediates/App/IntermediateBuildFilesPath/Pods.build/Release-iphoneos/Pods-App.build/Pods_App-own-target-headers.hmap -I/Users/lekiaprosper/Library/Developer/Xcode/DerivedData/App-bmeqrztakkzxpkcqfdhhsyyyzbjg/Build/Intermediates.noindex/ArchiveIntermediates/App/IntermediateBuildFilesPath/Pods.build/Release-iphoneos/Pods-App.build/Pods_App-all-non-framework-target-headers.hmap -ivfsoverlay /Users/lekiaprosper/Library/Developer/Xcode/DerivedData/App-bmeqrztakkzxpkcqfdhhsyyyzbjg/Build/Intermediates.noindex/ArchiveIntermediates/App/IntermediateBuildFilesPath/Pods.build/Release-iphoneos/Pods-8699adb1dd336b26511df848a716bd42-VFS-iphoneos/all-product-headers.yaml -iquote /Users/lekiaprosper/Library/Developer/Xcode/DerivedData/App-bmeqrztakkzxpkcqfdhhsyyyzbjg/Build/Intermediates.noindex/ArchiveIntermediates/App/IntermediateBuildFilesPath/Pods.build/Release-iphoneos/Pods-App.build/Pods_App-project-headers.hmap -I/Users/lekiaprosper/Library/Developer/Xcode/DerivedData/App-bmeqrztakkzxpkcqfdhhsyyyzbjg/Build/Intermediates.noindex/ArchiveIntermediates/App/BuildProductsPath/Release-iphoneos/include -I/Users/lekiaprosper/Library/Developer/Xcode/DerivedData/App-bmeqrztakkzxpkcqfdhhsyyyzbjg/Build/Intermediates.noindex/ArchiveIntermediates/App/BuildProductsPath/Release-iphoneos/Capacitor/Capacitor.framework/Headers -I/Users/lekiaprosper/Library/Developer/Xcode/DerivedData/App-bmeqrztakkzxpkcqfdhhsyyyzbjg/Build/Intermediates.noindex/ArchiveIntermediates/App/BuildProductsPath/Release-iphoneos/CapacitorCordova/Cordova.framework/Headers -I/Users/lekiaprosper/Library/Developer/Xcode/DerivedData/App-bmeqrztakkzxpkcqfdhhsyyyzbjg/Build/Intermediates.noindex/ArchiveIntermediates/App/BuildProductsPath/Release-iphoneos/CapacitorSplashScreen/CapacitorSplashScreen.framework/Headers -I/Users/lekiaprosper/Library/Developer/Xcode/DerivedData/App-bmeqrztakkzxpkcqfdhhsyyyzbjg/Build/Intermediates.noindex/ArchiveIntermediates/App/BuildProductsPath/Release-iphoneos/CapacitorStatusBar/CapacitorStatusBar.framework/Headers -I/Users/lekiaprosper/Library/Developer/Xcode/DerivedData/App-bmeqrztakkzxpkcqfdhhsyyyzbjg/Build/Intermediates.noindex/ArchiveIntermediates/App/IntermediateBuildFilesPath/Pods.build/Release-iphoneos/Pods-App.build/DerivedSources-normal/arm64 -I/Users/lekiaprosper/Library/Developer/Xcode/DerivedData/App-bmeqrztakkzxpkcqfdhhsyyyzbjg/Build/Intermediates.noindex/ArchiveIntermediates/App/IntermediateBuildFilesPath/Pods.build/Release-iphoneos/Pods-App.build/DerivedSources/arm64 -I/Users/lekiaprosper/Library/Developer/Xcode/DerivedData/App-bmeqrztakkzxpkcqfdhhsyyyzbjg/Build/Intermediates.noindex/ArchiveIntermediates/App/IntermediateBuildFilesPath/Pods.build/Release-iphoneos/Pods-App.build/DerivedSources -F/Users/lekiaprosper/Library/Developer/Xcode/DerivedData/App-bmeqrztakkzxpkcqfdhhsyyyzbjg/Build/Intermediates.noindex/ArchiveIntermediates/App/BuildProductsPath/Release-iphoneos -F/Users/lekiaprosper/Library/Developer/Xcode/DerivedData/App-bmeqrztakkzxpkcqfdhhsyyyzbjg/Build/Intermediates.noindex/ArchiveIntermediates/App/BuildProductsPath/Release-iphoneos/Capacitor -F/Users/lekiaprosper/Library/Developer/Xcode/DerivedData/App-bmeqrztakkzxpkcqfdhhsyyyzbjg/Build/Intermediates.noindex/ArchiveIntermediates/App/BuildProductsPath/Release-iphoneos/CapacitorCordova -F/Users/lekiaprosper/Library/Developer/Xcode/DerivedData/App-bmeqrztakkzxpkcqfdhhsyyyzbjg/Build/Intermediates.noindex/ArchiveIntermediates/App/BuildProductsPath/Release-iphoneos/CapacitorSplashScreen -F/Users/lekiaprosper/Library/Developer/Xcode/DerivedData/App-bmeqrztakkzxpkcqfdhhsyyyzbjg/Build/Intermediates.noindex/ArchiveIntermediates/App/BuildProductsPath/Release-iphoneos/CapacitorStatusBar

WriteAuxiliaryFile /Users/lekiaprosper/Library/Developer/Xcode/DerivedData/App-bmeqrztakkzxpkcqfdhhsyyyzbjg/Build/Intermediates.noindex/ArchiveIntermediates/App/IntermediateBuildFilesPath/Pods.build/Release-iphoneos/Pods-App.build/Objects-normal/arm64/e6072d4f65d7061329687fe24e3d63a7-common-args.resp (in target 'Pods-App' from project 'Pods')
    cd /Users/lekiaprosper/Documents/Dev/Connectize/Connectize-Frontend/ios/App/Pods
    write-file /Users/lekiaprosper/Library/Developer/Xcode/DerivedData/App-bmeqrztakkzxpkcqfdhhsyyyzbjg/Build/Intermediates.noindex/ArchiveIntermediates/App/IntermediateBuildFilesPath/Pods.build/Release-iphoneos/Pods-App.build/Objects-normal/arm64/e6072d4f65d7061329687fe24e3d63a7-common-args.resp
-target arm64-apple-ios14.0 '-std=gnu11' -fobjc-arc -fmodules -gmodules '-fmodules-cache-path=/Users/lekiaprosper/Library/Developer/Xcode/DerivedData/ModuleCache.noindex' '-fmodule-name=Pods_App' -fpascal-strings -Os -fno-common '-DPOD_CONFIGURATION_RELEASE=1' '-DCOCOAPODS=1' '-DNS_BLOCK_ASSERTIONS=1' '-DOBJC_OLD_DISPATCH_PROTOTYPES=0' -isysroot /Applications/Xcode.app/Contents/Developer/Platforms/iPhoneOS.platform/Developer/SDKs/iPhoneOS26.0.sdk -g -iquote /Users/lekiaprosper/Library/Developer/Xcode/DerivedData/App-bmeqrztakkzxpkcqfdhhsyyyzbjg/Build/Intermediates.noindex/ArchiveIntermediates/App/IntermediateBuildFilesPath/Pods.build/Release-iphoneos/Pods-App.build/Pods_App-generated-files.hmap -I/Users/lekiaprosper/Library/Developer/Xcode/DerivedData/App-bmeqrztakkzxpkcqfdhhsyyyzbjg/Build/Intermediates.noindex/ArchiveIntermediates/App/IntermediateBuildFilesPath/Pods.build/Release-iphoneos/Pods-App.build/Pods_App-own-target-headers.hmap -I/Users/lekiaprosper/Library/Developer/Xcode/DerivedData/App-bmeqrztakkzxpkcqfdhhsyyyzbjg/Build/Intermediates.noindex/ArchiveIntermediates/App/IntermediateBuildFilesPath/Pods.build/Release-iphoneos/Pods-App.build/Pods_App-all-non-framework-target-headers.hmap -ivfsoverlay /Users/lekiaprosper/Library/Developer/Xcode/DerivedData/App-bmeqrztakkzxpkcqfdhhsyyyzbjg/Build/Intermediates.noindex/ArchiveIntermediates/App/IntermediateBuildFilesPath/Pods.build/Release-iphoneos/Pods-8699adb1dd336b26511df848a716bd42-VFS-iphoneos/all-product-headers.yaml -iquote /Users/lekiaprosper/Library/Developer/Xcode/DerivedData/App-bmeqrztakkzxpkcqfdhhsyyyzbjg/Build/Intermediates.noindex/ArchiveIntermediates/App/IntermediateBuildFilesPath/Pods.build/Release-iphoneos/Pods-App.build/Pods_App-project-headers.hmap -I/Users/lekiaprosper/Library/Developer/Xcode/DerivedData/App-bmeqrztakkzxpkcqfdhhsyyyzbjg/Build/Intermediates.noindex/ArchiveIntermediates/App/BuildProductsPath/Release-iphoneos/include -I/Users/lekiaprosper/Library/Developer/Xcode/DerivedData/App-bmeqrztakkzxpkcqfdhhsyyyzbjg/Build/Intermediates.noindex/ArchiveIntermediates/App/BuildProductsPath/Release-iphoneos/Capacitor/Capacitor.framework/Headers -I/Users/lekiaprosper/Library/Developer/Xcode/DerivedData/App-bmeqrztakkzxpkcqfdhhsyyyzbjg/Build/Intermediates.noindex/ArchiveIntermediates/App/BuildProductsPath/Release-iphoneos/CapacitorCordova/Cordova.framework/Headers -I/Users/lekiaprosper/Library/Developer/Xcode/DerivedData/App-bmeqrztakkzxpkcqfdhhsyyyzbjg/Build/Intermediates.noindex/ArchiveIntermediates/App/BuildProductsPath/Release-iphoneos/CapacitorSplashScreen/CapacitorSplashScreen.framework/Headers -I/Users/lekiaprosper/Library/Developer/Xcode/DerivedData/App-bmeqrztakkzxpkcqfdhhsyyyzbjg/Build/Intermediates.noindex/ArchiveIntermediates/App/BuildProductsPath/Release-iphoneos/CapacitorStatusBar/CapacitorStatusBar.framework/Headers -I/Users/lekiaprosper/Library/Developer/Xcode/DerivedData/App-bmeqrztakkzxpkcqfdhhsyyyzbjg/Build/Intermediates.noindex/ArchiveIntermediates/App/IntermediateBuildFilesPath/Pods.build/Release-iphoneos/Pods-App.build/DerivedSources-normal/arm64 -I/Users/lekiaprosper/Library/Developer/Xcode/DerivedData/App-bmeqrztakkzxpkcqfdhhsyyyzbjg/Build/Intermediates.noindex/ArchiveIntermediates/App/IntermediateBuildFilesPath/Pods.build/Release-iphoneos/Pods-App.build/DerivedSources/arm64 -I/Users/lekiaprosper/Library/Developer/Xcode/DerivedData/App-bmeqrztakkzxpkcqfdhhsyyyzbjg/Build/Intermediates.noindex/ArchiveIntermediates/App/IntermediateBuildFilesPath/Pods.build/Release-iphoneos/Pods-App.build/DerivedSources -F/Users/lekiaprosper/Library/Developer/Xcode/DerivedData/App-bmeqrztakkzxpkcqfdhhsyyyzbjg/Build/Intermediates.noindex/ArchiveIntermediates/App/BuildProductsPath/Release-iphoneos -F/Users/lekiaprosper/Library/Developer/Xcode/DerivedData/App-bmeqrztakkzxpkcqfdhhsyyyzbjg/Build/Intermediates.noindex/ArchiveIntermediates/App/BuildProductsPath/Release-iphoneos/Capacitor -F/Users/lekiaprosper/Library/Developer/Xcode/DerivedData/App-bmeqrztakkzxpkcqfdhhsyyyzbjg/Build/Intermediates.noindex/ArchiveIntermediates/App/BuildProductsPath/Release-iphoneos/CapacitorCordova -F/Users/lekiaprosper/Library/Developer/Xcode/DerivedData/App-bmeqrztakkzxpkcqfdhhsyyyzbjg/Build/Intermediates.noindex/ArchiveIntermediates/App/BuildProductsPath/Release-iphoneos/CapacitorSplashScreen -F/Users/lekiaprosper/Library/Developer/Xcode/DerivedData/App-bmeqrztakkzxpkcqfdhhsyyyzbjg/Build/Intermediates.noindex/ArchiveIntermediates/App/BuildProductsPath/Release-iphoneos/CapacitorStatusBar

WriteAuxiliaryFile /Users/lekiaprosper/Library/Developer/Xcode/DerivedData/App-bmeqrztakkzxpkcqfdhhsyyyzbjg/Build/Intermediates.noindex/ArchiveIntermediates/App/IntermediateBuildFilesPath/App.build/Release-iphoneos/App.build/Script-7B919B604F79862E96B0F318.sh (in target 'App' from project 'App')
    cd /Users/lekiaprosper/Documents/Dev/Connectize/Connectize-Frontend/ios/App
    write-file /Users/lekiaprosper/Library/Developer/Xcode/DerivedData/App-bmeqrztakkzxpkcqfdhhsyyyzbjg/Build/Intermediates.noindex/ArchiveIntermediates/App/IntermediateBuildFilesPath/App.build/Release-iphoneos/App.build/Script-7B919B604F79862E96B0F318.sh

CpHeader /Users/lekiaprosper/Library/Developer/Xcode/DerivedData/App-bmeqrztakkzxpkcqfdhhsyyyzbjg/Build/Intermediates.noindex/ArchiveIntermediates/App/IntermediateBuildFilesPath/UninstalledProducts/iphoneos/Pods_App.framework/Headers/Pods-App-umbrella.h /Users/lekiaprosper/Documents/Dev/Connectize/Connectize-Frontend/ios/App/Pods/Target\ Support\ Files/Pods-App/Pods-App-umbrella.h (in target 'Pods-App' from project 'Pods')
    cd /Users/lekiaprosper/Documents/Dev/Connectize/Connectize-Frontend/ios/App/Pods
    builtin-copy -exclude .DS_Store -exclude CVS -exclude .svn -exclude .git -exclude .hg -resolve-src-symlinks /Users/lekiaprosper/Documents/Dev/Connectize/Connectize-Frontend/ios/App/Pods/Target\ Support\ Files/Pods-App/Pods-App-umbrella.h /Users/lekiaprosper/Library/Developer/Xcode/DerivedData/App-bmeqrztakkzxpkcqfdhhsyyyzbjg/Build/Intermediates.noindex/ArchiveIntermediates/App/IntermediateBuildFilesPath/UninstalledProducts/iphoneos/Pods_App.framework/Headers

WriteAuxiliaryFile /Users/lekiaprosper/Library/Developer/Xcode/DerivedData/App-bmeqrztakkzxpkcqfdhhsyyyzbjg/Build/Intermediates.noindex/ArchiveIntermediates/App/IntermediateBuildFilesPath/App.build/Release-iphoneos/App.build/Script-6634F4EFEBD30273BCE97C65.sh (in target 'App' from project 'App')
    cd /Users/lekiaprosper/Documents/Dev/Connectize/Connectize-Frontend/ios/App
    write-file /Users/lekiaprosper/Library/Developer/Xcode/DerivedData/App-bmeqrztakkzxpkcqfdhhsyyyzbjg/Build/Intermediates.noindex/ArchiveIntermediates/App/IntermediateBuildFilesPath/App.build/Release-iphoneos/App.build/Script-6634F4EFEBD30273BCE97C65.sh

WriteAuxiliaryFile /Users/lekiaprosper/Library/Developer/Xcode/DerivedData/App-bmeqrztakkzxpkcqfdhhsyyyzbjg/Build/Intermediates.noindex/ArchiveIntermediates/App/IntermediateBuildFilesPath/App.build/Release-iphoneos/App.build/Objects-normal/arm64/App_const_extract_protocols.json (in target 'App' from project 'App')
    cd /Users/lekiaprosper/Documents/Dev/Connectize/Connectize-Frontend/ios/App
    write-file /Users/lekiaprosper/Library/Developer/Xcode/DerivedData/App-bmeqrztakkzxpkcqfdhhsyyyzbjg/Build/Intermediates.noindex/ArchiveIntermediates/App/IntermediateBuildFilesPath/App.build/Release-iphoneos/App.build/Objects-normal/arm64/App_const_extract_protocols.json

WriteAuxiliaryFile /Users/lekiaprosper/Library/Developer/Xcode/DerivedData/App-bmeqrztakkzxpkcqfdhhsyyyzbjg/Build/Intermediates.noindex/ArchiveIntermediates/App/IntermediateBuildFilesPath/App.build/Release-iphoneos/App.build/Objects-normal/arm64/App.SwiftConstValuesFileList (in target 'App' from project 'App')
    cd /Users/lekiaprosper/Documents/Dev/Connectize/Connectize-Frontend/ios/App
    write-file /Users/lekiaprosper/Library/Developer/Xcode/DerivedData/App-bmeqrztakkzxpkcqfdhhsyyyzbjg/Build/Intermediates.noindex/ArchiveIntermediates/App/IntermediateBuildFilesPath/App.build/Release-iphoneos/App.build/Objects-normal/arm64/App.SwiftConstValuesFileList

WriteAuxiliaryFile /Users/lekiaprosper/Library/Developer/Xcode/DerivedData/App-bmeqrztakkzxpkcqfdhhsyyyzbjg/Build/Intermediates.noindex/ArchiveIntermediates/App/IntermediateBuildFilesPath/App.build/Release-iphoneos/App.build/Objects-normal/arm64/App.SwiftFileList (in target 'App' from project 'App')
    cd /Users/lekiaprosper/Documents/Dev/Connectize/Connectize-Frontend/ios/App
    write-file /Users/lekiaprosper/Library/Developer/Xcode/DerivedData/App-bmeqrztakkzxpkcqfdhhsyyyzbjg/Build/Intermediates.noindex/ArchiveIntermediates/App/IntermediateBuildFilesPath/App.build/Release-iphoneos/App.build/Objects-normal/arm64/App.SwiftFileList

WriteAuxiliaryFile /Users/lekiaprosper/Library/Developer/Xcode/DerivedData/App-bmeqrztakkzxpkcqfdhhsyyyzbjg/Build/Intermediates.noindex/ArchiveIntermediates/App/IntermediateBuildFilesPath/App.build/Release-iphoneos/App.build/Objects-normal/arm64/App.LinkFileList (in target 'App' from project 'App')
    cd /Users/lekiaprosper/Documents/Dev/Connectize/Connectize-Frontend/ios/App
    write-file /Users/lekiaprosper/Library/Developer/Xcode/DerivedData/App-bmeqrztakkzxpkcqfdhhsyyyzbjg/Build/Intermediates.noindex/ArchiveIntermediates/App/IntermediateBuildFilesPath/App.build/Release-iphoneos/App.build/Objects-normal/arm64/App.LinkFileList

WriteAuxiliaryFile /Users/lekiaprosper/Library/Developer/Xcode/DerivedData/App-bmeqrztakkzxpkcqfdhhsyyyzbjg/Build/Intermediates.noindex/ArchiveIntermediates/App/IntermediateBuildFilesPath/App.build/Release-iphoneos/App.build/Objects-normal/arm64/App-OutputFileMap.json (in target 'App' from project 'App')
    cd /Users/lekiaprosper/Documents/Dev/Connectize/Connectize-Frontend/ios/App
    write-file /Users/lekiaprosper/Library/Developer/Xcode/DerivedData/App-bmeqrztakkzxpkcqfdhhsyyyzbjg/Build/Intermediates.noindex/ArchiveIntermediates/App/IntermediateBuildFilesPath/App.build/Release-iphoneos/App.build/Objects-normal/arm64/App-OutputFileMap.json

WriteAuxiliaryFile /Users/lekiaprosper/Library/Developer/Xcode/DerivedData/App-bmeqrztakkzxpkcqfdhhsyyyzbjg/Build/Intermediates.noindex/ArchiveIntermediates/App/IntermediateBuildFilesPath/App.build/Release-iphoneos/App.build/App.DependencyStaticMetadataFileList (in target 'App' from project 'App')
    cd /Users/lekiaprosper/Documents/Dev/Connectize/Connectize-Frontend/ios/App
    write-file /Users/lekiaprosper/Library/Developer/Xcode/DerivedData/App-bmeqrztakkzxpkcqfdhhsyyyzbjg/Build/Intermediates.noindex/ArchiveIntermediates/App/IntermediateBuildFilesPath/App.build/Release-iphoneos/App.build/App.DependencyStaticMetadataFileList

WriteAuxiliaryFile /Users/lekiaprosper/Library/Developer/Xcode/DerivedData/App-bmeqrztakkzxpkcqfdhhsyyyzbjg/Build/Intermediates.noindex/ArchiveIntermediates/App/IntermediateBuildFilesPath/App.build/Release-iphoneos/App.build/App.hmap (in target 'App' from project 'App')
    cd /Users/lekiaprosper/Documents/Dev/Connectize/Connectize-Frontend/ios/App
    write-file /Users/lekiaprosper/Library/Developer/Xcode/DerivedData/App-bmeqrztakkzxpkcqfdhhsyyyzbjg/Build/Intermediates.noindex/ArchiveIntermediates/App/IntermediateBuildFilesPath/App.build/Release-iphoneos/App.build/App.hmap

WriteAuxiliaryFile /Users/lekiaprosper/Library/Developer/Xcode/DerivedData/App-bmeqrztakkzxpkcqfdhhsyyyzbjg/Build/Intermediates.noindex/ArchiveIntermediates/App/IntermediateBuildFilesPath/App.build/Release-iphoneos/App.build/DerivedSources/Entitlements.plist (in target 'App' from project 'App')
    cd /Users/lekiaprosper/Documents/Dev/Connectize/Connectize-Frontend/ios/App
    write-file /Users/lekiaprosper/Library/Developer/Xcode/DerivedData/App-bmeqrztakkzxpkcqfdhhsyyyzbjg/Build/Intermediates.noindex/ArchiveIntermediates/App/IntermediateBuildFilesPath/App.build/Release-iphoneos/App.build/DerivedSources/Entitlements.plist

WriteAuxiliaryFile /Users/lekiaprosper/Library/Developer/Xcode/DerivedData/App-bmeqrztakkzxpkcqfdhhsyyyzbjg/Build/Intermediates.noindex/ArchiveIntermediates/App/IntermediateBuildFilesPath/App.build/Release-iphoneos/App.build/App.DependencyMetadataFileList (in target 'App' from project 'App')
    cd /Users/lekiaprosper/Documents/Dev/Connectize/Connectize-Frontend/ios/App
    write-file /Users/lekiaprosper/Library/Developer/Xcode/DerivedData/App-bmeqrztakkzxpkcqfdhhsyyyzbjg/Build/Intermediates.noindex/ArchiveIntermediates/App/IntermediateBuildFilesPath/App.build/Release-iphoneos/App.build/App.DependencyMetadataFileList

WriteAuxiliaryFile /Users/lekiaprosper/Library/Developer/Xcode/DerivedData/App-bmeqrztakkzxpkcqfdhhsyyyzbjg/Build/Intermediates.noindex/ArchiveIntermediates/App/IntermediateBuildFilesPath/App.build/Release-iphoneos/App.build/App-project-headers.hmap (in target 'App' from project 'App')
    cd /Users/lekiaprosper/Documents/Dev/Connectize/Connectize-Frontend/ios/App
    write-file /Users/lekiaprosper/Library/Developer/Xcode/DerivedData/App-bmeqrztakkzxpkcqfdhhsyyyzbjg/Build/Intermediates.noindex/ArchiveIntermediates/App/IntermediateBuildFilesPath/App.build/Release-iphoneos/App.build/App-project-headers.hmap

WriteAuxiliaryFile /Users/lekiaprosper/Library/Developer/Xcode/DerivedData/App-bmeqrztakkzxpkcqfdhhsyyyzbjg/Build/Intermediates.noindex/ArchiveIntermediates/App/IntermediateBuildFilesPath/App.build/Release-iphoneos/App.build/App-own-target-headers.hmap (in target 'App' from project 'App')
    cd /Users/lekiaprosper/Documents/Dev/Connectize/Connectize-Frontend/ios/App
    write-file /Users/lekiaprosper/Library/Developer/Xcode/DerivedData/App-bmeqrztakkzxpkcqfdhhsyyyzbjg/Build/Intermediates.noindex/ArchiveIntermediates/App/IntermediateBuildFilesPath/App.build/Release-iphoneos/App.build/App-own-target-headers.hmap

WriteAuxiliaryFile /Users/lekiaprosper/Library/Developer/Xcode/DerivedData/App-bmeqrztakkzxpkcqfdhhsyyyzbjg/Build/Intermediates.noindex/ArchiveIntermediates/App/IntermediateBuildFilesPath/App.build/Release-iphoneos/App.build/App-generated-files.hmap (in target 'App' from project 'App')
    cd /Users/lekiaprosper/Documents/Dev/Connectize/Connectize-Frontend/ios/App
    write-file /Users/lekiaprosper/Library/Developer/Xcode/DerivedData/App-bmeqrztakkzxpkcqfdhhsyyyzbjg/Build/Intermediates.noindex/ArchiveIntermediates/App/IntermediateBuildFilesPath/App.build/Release-iphoneos/App.build/App-generated-files.hmap

WriteAuxiliaryFile /Users/lekiaprosper/Library/Developer/Xcode/DerivedData/App-bmeqrztakkzxpkcqfdhhsyyyzbjg/Build/Intermediates.noindex/ArchiveIntermediates/App/IntermediateBuildFilesPath/App.build/Release-iphoneos/App.build/App-all-target-headers.hmap (in target 'App' from project 'App')
    cd /Users/lekiaprosper/Documents/Dev/Connectize/Connectize-Frontend/ios/App
    write-file /Users/lekiaprosper/Library/Developer/Xcode/DerivedData/App-bmeqrztakkzxpkcqfdhhsyyyzbjg/Build/Intermediates.noindex/ArchiveIntermediates/App/IntermediateBuildFilesPath/App.build/Release-iphoneos/App.build/App-all-target-headers.hmap

WriteAuxiliaryFile /Users/lekiaprosper/Library/Developer/Xcode/DerivedData/App-bmeqrztakkzxpkcqfdhhsyyyzbjg/Build/Intermediates.noindex/ArchiveIntermediates/App/IntermediateBuildFilesPath/App.build/Release-iphoneos/App.build/App-all-non-framework-target-headers.hmap (in target 'App' from project 'App')
    cd /Users/lekiaprosper/Documents/Dev/Connectize/Connectize-Frontend/ios/App
    write-file /Users/lekiaprosper/Library/Developer/Xcode/DerivedData/App-bmeqrztakkzxpkcqfdhhsyyyzbjg/Build/Intermediates.noindex/ArchiveIntermediates/App/IntermediateBuildFilesPath/App.build/Release-iphoneos/App.build/App-all-non-framework-target-headers.hmap

SymLink /Users/lekiaprosper/Library/Developer/Xcode/DerivedData/App-bmeqrztakkzxpkcqfdhhsyyyzbjg/Build/Intermediates.noindex/ArchiveIntermediates/App/BuildProductsPath/Release-iphoneos/Pods_App.framework ../../IntermediateBuildFilesPath/UninstalledProducts/iphoneos/Pods_App.framework (in target 'Pods-App' from project 'Pods')
    cd /Users/lekiaprosper/Documents/Dev/Connectize/Connectize-Frontend/ios/App/Pods
    /bin/ln -sfh ../../IntermediateBuildFilesPath/UninstalledProducts/iphoneos/Pods_App.framework /Users/lekiaprosper/Library/Developer/Xcode/DerivedData/App-bmeqrztakkzxpkcqfdhhsyyyzbjg/Build/Intermediates.noindex/ArchiveIntermediates/App/BuildProductsPath/Release-iphoneos/Pods_App.framework

MkDir /Users/lekiaprosper/Library/Developer/Xcode/DerivedData/App-bmeqrztakkzxpkcqfdhhsyyyzbjg/Build/Intermediates.noindex/ArchiveIntermediates/App/IntermediateBuildFilesPath/UninstalledProducts/iphoneos/Pods_App.framework/Headers (in target 'Pods-App' from project 'Pods')
    cd /Users/lekiaprosper/Documents/Dev/Connectize/Connectize-Frontend/ios/App/Pods
    /bin/mkdir -p /Users/lekiaprosper/Library/Developer/Xcode/DerivedData/App-bmeqrztakkzxpkcqfdhhsyyyzbjg/Build/Intermediates.noindex/ArchiveIntermediates/App/IntermediateBuildFilesPath/UninstalledProducts/iphoneos/Pods_App.framework/Headers

MkDir /Users/lekiaprosper/Library/Developer/Xcode/DerivedData/App-bmeqrztakkzxpkcqfdhhsyyyzbjg/Build/Intermediates.noindex/ArchiveIntermediates/App/IntermediateBuildFilesPath/UninstalledProducts/iphoneos/Pods_App.framework (in target 'Pods-App' from project 'Pods')
    cd /Users/lekiaprosper/Documents/Dev/Connectize/Connectize-Frontend/ios/App/Pods
    /bin/mkdir -p /Users/lekiaprosper/Library/Developer/Xcode/DerivedData/App-bmeqrztakkzxpkcqfdhhsyyyzbjg/Build/Intermediates.noindex/ArchiveIntermediates/App/IntermediateBuildFilesPath/UninstalledProducts/iphoneos/Pods_App.framework

SymLink /Users/lekiaprosper/Library/Developer/Xcode/DerivedData/App-bmeqrztakkzxpkcqfdhhsyyyzbjg/Build/Intermediates.noindex/ArchiveIntermediates/App/BuildProductsPath/Release-iphoneos/App.app ../../InstallationBuildProductsLocation/Applications/App.app (in target 'App' from project 'App')
    cd /Users/lekiaprosper/Documents/Dev/Connectize/Connectize-Frontend/ios/App
    /bin/ln -sfh ../../InstallationBuildProductsLocation/Applications/App.app /Users/lekiaprosper/Library/Developer/Xcode/DerivedData/App-bmeqrztakkzxpkcqfdhhsyyyzbjg/Build/Intermediates.noindex/ArchiveIntermediates/App/BuildProductsPath/Release-iphoneos/App.app

WriteAuxiliaryFile /Users/lekiaprosper/Library/Developer/Xcode/DerivedData/App-bmeqrztakkzxpkcqfdhhsyyyzbjg/Build/Intermediates.noindex/ArchiveIntermediates/App/IntermediateBuildFilesPath/Pods.build/Release-iphoneos/CapacitorStatusBar.build/unextended-module-swiftunextension.modulemap (in target 'CapacitorStatusBar' from project 'Pods')
    cd /Users/lekiaprosper/Documents/Dev/Connectize/Connectize-Frontend/ios/App/Pods
    write-file /Users/lekiaprosper/Library/Developer/Xcode/DerivedData/App-bmeqrztakkzxpkcqfdhhsyyyzbjg/Build/Intermediates.noindex/ArchiveIntermediates/App/IntermediateBuildFilesPath/Pods.build/Release-iphoneos/CapacitorStatusBar.build/unextended-module-swiftunextension.modulemap

WriteAuxiliaryFile /Users/lekiaprosper/Library/Developer/Xcode/DerivedData/App-bmeqrztakkzxpkcqfdhhsyyyzbjg/Build/Intermediates.noindex/ArchiveIntermediates/App/IntermediateBuildFilesPath/Pods.build/Release-iphoneos/CapacitorStatusBar.build/unextended-module-overlay.yaml (in target 'CapacitorStatusBar' from project 'Pods')
    cd /Users/lekiaprosper/Documents/Dev/Connectize/Connectize-Frontend/ios/App/Pods
    write-file /Users/lekiaprosper/Library/Developer/Xcode/DerivedData/App-bmeqrztakkzxpkcqfdhhsyyyzbjg/Build/Intermediates.noindex/ArchiveIntermediates/App/IntermediateBuildFilesPath/Pods.build/Release-iphoneos/CapacitorStatusBar.build/unextended-module-overlay.yaml

WriteAuxiliaryFile /Users/lekiaprosper/Library/Developer/Xcode/DerivedData/App-bmeqrztakkzxpkcqfdhhsyyyzbjg/Build/Intermediates.noindex/ArchiveIntermediates/App/IntermediateBuildFilesPath/Pods.build/Release-iphoneos/CapacitorStatusBar.build/module-swiftextension.modulemap (in target 'CapacitorStatusBar' from project 'Pods')
    cd /Users/lekiaprosper/Documents/Dev/Connectize/Connectize-Frontend/ios/App/Pods
    write-file /Users/lekiaprosper/Library/Developer/Xcode/DerivedData/App-bmeqrztakkzxpkcqfdhhsyyyzbjg/Build/Intermediates.noindex/ArchiveIntermediates/App/IntermediateBuildFilesPath/Pods.build/Release-iphoneos/CapacitorStatusBar.build/module-swiftextension.modulemap

WriteAuxiliaryFile /Users/lekiaprosper/Library/Developer/Xcode/DerivedData/App-bmeqrztakkzxpkcqfdhhsyyyzbjg/Build/Intermediates.noindex/ArchiveIntermediates/App/IntermediateBuildFilesPath/Pods.build/Release-iphoneos/CapacitorStatusBar.build/Objects-normal/arm64/e6072d4f65d7061329687fe24e3d63a7-common-args.resp (in target 'CapacitorStatusBar' from project 'Pods')
    cd /Users/lekiaprosper/Documents/Dev/Connectize/Connectize-Frontend/ios/App/Pods
    write-file /Users/lekiaprosper/Library/Developer/Xcode/DerivedData/App-bmeqrztakkzxpkcqfdhhsyyyzbjg/Build/Intermediates.noindex/ArchiveIntermediates/App/IntermediateBuildFilesPath/Pods.build/Release-iphoneos/CapacitorStatusBar.build/Objects-normal/arm64/e6072d4f65d7061329687fe24e3d63a7-common-args.resp
-target arm64-apple-ios14.0 '-std=gnu11' -fobjc-arc -fmodules -gmodules '-fmodules-cache-path=/Users/lekiaprosper/Library/Developer/Xcode/DerivedData/ModuleCache.noindex' '-fmodule-name=CapacitorStatusBar' -fpascal-strings -Os -fno-common '-DPOD_CONFIGURATION_RELEASE=1' '-DCOCOAPODS=1' '-DNS_BLOCK_ASSERTIONS=1' '-DOBJC_OLD_DISPATCH_PROTOTYPES=0' -isysroot /Applications/Xcode.app/Contents/Developer/Platforms/iPhoneOS.platform/Developer/SDKs/iPhoneOS26.0.sdk -g -iquote /Users/lekiaprosper/Library/Developer/Xcode/DerivedData/App-bmeqrztakkzxpkcqfdhhsyyyzbjg/Build/Intermediates.noindex/ArchiveIntermediates/App/IntermediateBuildFilesPath/Pods.build/Release-iphoneos/CapacitorStatusBar.build/CapacitorStatusBar-generated-files.hmap -I/Users/lekiaprosper/Library/Developer/Xcode/DerivedData/App-bmeqrztakkzxpkcqfdhhsyyyzbjg/Build/Intermediates.noindex/ArchiveIntermediates/App/IntermediateBuildFilesPath/Pods.build/Release-iphoneos/CapacitorStatusBar.build/CapacitorStatusBar-own-target-headers.hmap -I/Users/lekiaprosper/Library/Developer/Xcode/DerivedData/App-bmeqrztakkzxpkcqfdhhsyyyzbjg/Build/Intermediates.noindex/ArchiveIntermediates/App/IntermediateBuildFilesPath/Pods.build/Release-iphoneos/CapacitorStatusBar.build/CapacitorStatusBar-all-non-framework-target-headers.hmap -ivfsoverlay /Users/lekiaprosper/Library/Developer/Xcode/DerivedData/App-bmeqrztakkzxpkcqfdhhsyyyzbjg/Build/Intermediates.noindex/ArchiveIntermediates/App/IntermediateBuildFilesPath/Pods.build/Release-iphoneos/Pods-8699adb1dd336b26511df848a716bd42-VFS-iphoneos/all-product-headers.yaml -iquote /Users/lekiaprosper/Library/Developer/Xcode/DerivedData/App-bmeqrztakkzxpkcqfdhhsyyyzbjg/Build/Intermediates.noindex/ArchiveIntermediates/App/IntermediateBuildFilesPath/Pods.build/Release-iphoneos/CapacitorStatusBar.build/CapacitorStatusBar-project-headers.hmap -I/Users/lekiaprosper/Library/Developer/Xcode/DerivedData/App-bmeqrztakkzxpkcqfdhhsyyyzbjg/Build/Intermediates.noindex/ArchiveIntermediates/App/BuildProductsPath/Release-iphoneos/CapacitorStatusBar/include -I/Users/lekiaprosper/Library/Developer/Xcode/DerivedData/App-bmeqrztakkzxpkcqfdhhsyyyzbjg/Build/Intermediates.noindex/ArchiveIntermediates/App/IntermediateBuildFilesPath/Pods.build/Release-iphoneos/CapacitorStatusBar.build/DerivedSources-normal/arm64 -I/Users/lekiaprosper/Library/Developer/Xcode/DerivedData/App-bmeqrztakkzxpkcqfdhhsyyyzbjg/Build/Intermediates.noindex/ArchiveIntermediates/App/IntermediateBuildFilesPath/Pods.build/Release-iphoneos/CapacitorStatusBar.build/DerivedSources/arm64 -I/Users/lekiaprosper/Library/Developer/Xcode/DerivedData/App-bmeqrztakkzxpkcqfdhhsyyyzbjg/Build/Intermediates.noindex/ArchiveIntermediates/App/IntermediateBuildFilesPath/Pods.build/Release-iphoneos/CapacitorStatusBar.build/DerivedSources -F/Users/lekiaprosper/Library/Developer/Xcode/DerivedData/App-bmeqrztakkzxpkcqfdhhsyyyzbjg/Build/Intermediates.noindex/ArchiveIntermediates/App/BuildProductsPath/Release-iphoneos/CapacitorStatusBar -F/Users/lekiaprosper/Library/Developer/Xcode/DerivedData/App-bmeqrztakkzxpkcqfdhhsyyyzbjg/Build/Intermediates.noindex/ArchiveIntermediates/App/BuildProductsPath/Release-iphoneos/Capacitor -F/Users/lekiaprosper/Library/Developer/Xcode/DerivedData/App-bmeqrztakkzxpkcqfdhhsyyyzbjg/Build/Intermediates.noindex/ArchiveIntermediates/App/BuildProductsPath/Release-iphoneos/CapacitorCordova

WriteAuxiliaryFile /Users/lekiaprosper/Library/Developer/Xcode/DerivedData/App-bmeqrztakkzxpkcqfdhhsyyyzbjg/Build/Intermediates.noindex/ArchiveIntermediates/App/IntermediateBuildFilesPath/Pods.build/Release-iphoneos/CapacitorStatusBar.build/Objects-normal/arm64/CapacitorStatusBar_const_extract_protocols.json (in target 'CapacitorStatusBar' from project 'Pods')
    cd /Users/lekiaprosper/Documents/Dev/Connectize/Connectize-Frontend/ios/App/Pods
    write-file /Users/lekiaprosper/Library/Developer/Xcode/DerivedData/App-bmeqrztakkzxpkcqfdhhsyyyzbjg/Build/Intermediates.noindex/ArchiveIntermediates/App/IntermediateBuildFilesPath/Pods.build/Release-iphoneos/CapacitorStatusBar.build/Objects-normal/arm64/CapacitorStatusBar_const_extract_protocols.json

WriteAuxiliaryFile /Users/lekiaprosper/Library/Developer/Xcode/DerivedData/App-bmeqrztakkzxpkcqfdhhsyyyzbjg/Build/Intermediates.noindex/ArchiveIntermediates/App/IntermediateBuildFilesPath/Pods.build/Release-iphoneos/CapacitorStatusBar.build/Objects-normal/arm64/CapacitorStatusBar.SwiftFileList (in target 'CapacitorStatusBar' from project 'Pods')
    cd /Users/lekiaprosper/Documents/Dev/Connectize/Connectize-Frontend/ios/App/Pods
    write-file /Users/lekiaprosper/Library/Developer/Xcode/DerivedData/App-bmeqrztakkzxpkcqfdhhsyyyzbjg/Build/Intermediates.noindex/ArchiveIntermediates/App/IntermediateBuildFilesPath/Pods.build/Release-iphoneos/CapacitorStatusBar.build/Objects-normal/arm64/CapacitorStatusBar.SwiftFileList

WriteAuxiliaryFile /Users/lekiaprosper/Library/Developer/Xcode/DerivedData/App-bmeqrztakkzxpkcqfdhhsyyyzbjg/Build/Intermediates.noindex/ArchiveIntermediates/App/IntermediateBuildFilesPath/Pods.build/Release-iphoneos/CapacitorStatusBar.build/Objects-normal/arm64/CapacitorStatusBar.SwiftConstValuesFileList (in target 'CapacitorStatusBar' from project 'Pods')
    cd /Users/lekiaprosper/Documents/Dev/Connectize/Connectize-Frontend/ios/App/Pods
    write-file /Users/lekiaprosper/Library/Developer/Xcode/DerivedData/App-bmeqrztakkzxpkcqfdhhsyyyzbjg/Build/Intermediates.noindex/ArchiveIntermediates/App/IntermediateBuildFilesPath/Pods.build/Release-iphoneos/CapacitorStatusBar.build/Objects-normal/arm64/CapacitorStatusBar.SwiftConstValuesFileList

WriteAuxiliaryFile /Users/lekiaprosper/Library/Developer/Xcode/DerivedData/App-bmeqrztakkzxpkcqfdhhsyyyzbjg/Build/Intermediates.noindex/ArchiveIntermediates/App/IntermediateBuildFilesPath/Pods.build/Release-iphoneos/CapacitorStatusBar.build/Objects-normal/arm64/CapacitorStatusBar.LinkFileList (in target 'CapacitorStatusBar' from project 'Pods')
    cd /Users/lekiaprosper/Documents/Dev/Connectize/Connectize-Frontend/ios/App/Pods
    write-file /Users/lekiaprosper/Library/Developer/Xcode/DerivedData/App-bmeqrztakkzxpkcqfdhhsyyyzbjg/Build/Intermediates.noindex/ArchiveIntermediates/App/IntermediateBuildFilesPath/Pods.build/Release-iphoneos/CapacitorStatusBar.build/Objects-normal/arm64/CapacitorStatusBar.LinkFileList

WriteAuxiliaryFile /Users/lekiaprosper/Library/Developer/Xcode/DerivedData/App-bmeqrztakkzxpkcqfdhhsyyyzbjg/Build/Intermediates.noindex/ArchiveIntermediates/App/IntermediateBuildFilesPath/Pods.build/Release-iphoneos/CapacitorStatusBar.build/Objects-normal/arm64/CapacitorStatusBar-OutputFileMap.json (in target 'CapacitorStatusBar' from project 'Pods')
    cd /Users/lekiaprosper/Documents/Dev/Connectize/Connectize-Frontend/ios/App/Pods
    write-file /Users/lekiaprosper/Library/Developer/Xcode/DerivedData/App-bmeqrztakkzxpkcqfdhhsyyyzbjg/Build/Intermediates.noindex/ArchiveIntermediates/App/IntermediateBuildFilesPath/Pods.build/Release-iphoneos/CapacitorStatusBar.build/Objects-normal/arm64/CapacitorStatusBar-OutputFileMap.json

WriteAuxiliaryFile /Users/lekiaprosper/Library/Developer/Xcode/DerivedData/App-bmeqrztakkzxpkcqfdhhsyyyzbjg/Build/Intermediates.noindex/ArchiveIntermediates/App/IntermediateBuildFilesPath/Pods.build/Release-iphoneos/CapacitorStatusBar.build/Objects-normal/arm64/7187679823f38a2a940e0043cdf9d637-common-args.resp (in target 'CapacitorStatusBar' from project 'Pods')
    cd /Users/lekiaprosper/Documents/Dev/Connectize/Connectize-Frontend/ios/App/Pods
    write-file /Users/lekiaprosper/Library/Developer/Xcode/DerivedData/App-bmeqrztakkzxpkcqfdhhsyyyzbjg/Build/Intermediates.noindex/ArchiveIntermediates/App/IntermediateBuildFilesPath/Pods.build/Release-iphoneos/CapacitorStatusBar.build/Objects-normal/arm64/7187679823f38a2a940e0043cdf9d637-common-args.resp
-target arm64-apple-ios14.0 '-std=gnu11' -fmodules -gmodules '-fmodules-cache-path=/Users/lekiaprosper/Library/Developer/Xcode/DerivedData/ModuleCache.noindex' '-fmodule-name=CapacitorStatusBar' -fpascal-strings -Os -fno-common '-DPOD_CONFIGURATION_RELEASE=1' '-DCOCOAPODS=1' -isysroot /Applications/Xcode.app/Contents/Developer/Platforms/iPhoneOS.platform/Developer/SDKs/iPhoneOS26.0.sdk -g -iquote /Users/lekiaprosper/Library/Developer/Xcode/DerivedData/App-bmeqrztakkzxpkcqfdhhsyyyzbjg/Build/Intermediates.noindex/ArchiveIntermediates/App/IntermediateBuildFilesPath/Pods.build/Release-iphoneos/CapacitorStatusBar.build/CapacitorStatusBar-generated-files.hmap -I/Users/lekiaprosper/Library/Developer/Xcode/DerivedData/App-bmeqrztakkzxpkcqfdhhsyyyzbjg/Build/Intermediates.noindex/ArchiveIntermediates/App/IntermediateBuildFilesPath/Pods.build/Release-iphoneos/CapacitorStatusBar.build/CapacitorStatusBar-own-target-headers.hmap -I/Users/lekiaprosper/Library/Developer/Xcode/DerivedData/App-bmeqrztakkzxpkcqfdhhsyyyzbjg/Build/Intermediates.noindex/ArchiveIntermediates/App/IntermediateBuildFilesPath/Pods.build/Release-iphoneos/CapacitorStatusBar.build/CapacitorStatusBar-all-non-framework-target-headers.hmap -ivfsoverlay /Users/lekiaprosper/Library/Developer/Xcode/DerivedData/App-bmeqrztakkzxpkcqfdhhsyyyzbjg/Build/Intermediates.noindex/ArchiveIntermediates/App/IntermediateBuildFilesPath/Pods.build/Release-iphoneos/Pods-8699adb1dd336b26511df848a716bd42-VFS-iphoneos/all-product-headers.yaml -iquote /Users/lekiaprosper/Library/Developer/Xcode/DerivedData/App-bmeqrztakkzxpkcqfdhhsyyyzbjg/Build/Intermediates.noindex/ArchiveIntermediates/App/IntermediateBuildFilesPath/Pods.build/Release-iphoneos/CapacitorStatusBar.build/CapacitorStatusBar-project-headers.hmap -I/Users/lekiaprosper/Library/Developer/Xcode/DerivedData/App-bmeqrztakkzxpkcqfdhhsyyyzbjg/Build/Intermediates.noindex/ArchiveIntermediates/App/BuildProductsPath/Release-iphoneos/CapacitorStatusBar/include -I/Users/lekiaprosper/Library/Developer/Xcode/DerivedData/App-bmeqrztakkzxpkcqfdhhsyyyzbjg/Build/Intermediates.noindex/ArchiveIntermediates/App/IntermediateBuildFilesPath/Pods.build/Release-iphoneos/CapacitorStatusBar.build/DerivedSources-normal/arm64 -I/Users/lekiaprosper/Library/Developer/Xcode/DerivedData/App-bmeqrztakkzxpkcqfdhhsyyyzbjg/Build/Intermediates.noindex/ArchiveIntermediates/App/IntermediateBuildFilesPath/Pods.build/Release-iphoneos/CapacitorStatusBar.build/DerivedSources/arm64 -I/Users/lekiaprosper/Library/Developer/Xcode/DerivedData/App-bmeqrztakkzxpkcqfdhhsyyyzbjg/Build/Intermediates.noindex/ArchiveIntermediates/App/IntermediateBuildFilesPath/Pods.build/Release-iphoneos/CapacitorStatusBar.build/DerivedSources -F/Users/lekiaprosper/Library/Developer/Xcode/DerivedData/App-bmeqrztakkzxpkcqfdhhsyyyzbjg/Build/Intermediates.noindex/ArchiveIntermediates/App/BuildProductsPath/Release-iphoneos/CapacitorStatusBar -F/Users/lekiaprosper/Library/Developer/Xcode/DerivedData/App-bmeqrztakkzxpkcqfdhhsyyyzbjg/Build/Intermediates.noindex/ArchiveIntermediates/App/BuildProductsPath/Release-iphoneos/Capacitor -F/Users/lekiaprosper/Library/Developer/Xcode/DerivedData/App-bmeqrztakkzxpkcqfdhhsyyyzbjg/Build/Intermediates.noindex/ArchiveIntermediates/App/BuildProductsPath/Release-iphoneos/CapacitorCordova

WriteAuxiliaryFile /Users/lekiaprosper/Library/Developer/Xcode/DerivedData/App-bmeqrztakkzxpkcqfdhhsyyyzbjg/Build/Intermediates.noindex/ArchiveIntermediates/App/IntermediateBuildFilesPath/Pods.build/Release-iphoneos/CapacitorStatusBar.build/DerivedSources/CapacitorStatusBar_vers.c (in target 'CapacitorStatusBar' from project 'Pods')
    cd /Users/lekiaprosper/Documents/Dev/Connectize/Connectize-Frontend/ios/App/Pods
    write-file /Users/lekiaprosper/Library/Developer/Xcode/DerivedData/App-bmeqrztakkzxpkcqfdhhsyyyzbjg/Build/Intermediates.noindex/ArchiveIntermediates/App/IntermediateBuildFilesPath/Pods.build/Release-iphoneos/CapacitorStatusBar.build/DerivedSources/CapacitorStatusBar_vers.c

WriteAuxiliaryFile /Users/lekiaprosper/Library/Developer/Xcode/DerivedData/App-bmeqrztakkzxpkcqfdhhsyyyzbjg/Build/Intermediates.noindex/ArchiveIntermediates/App/IntermediateBuildFilesPath/Pods.build/Release-iphoneos/CapacitorStatusBar.build/CapacitorStatusBar.hmap (in target 'CapacitorStatusBar' from project 'Pods')
    cd /Users/lekiaprosper/Documents/Dev/Connectize/Connectize-Frontend/ios/App/Pods
    write-file /Users/lekiaprosper/Library/Developer/Xcode/DerivedData/App-bmeqrztakkzxpkcqfdhhsyyyzbjg/Build/Intermediates.noindex/ArchiveIntermediates/App/IntermediateBuildFilesPath/Pods.build/Release-iphoneos/CapacitorStatusBar.build/CapacitorStatusBar.hmap

WriteAuxiliaryFile /Users/lekiaprosper/Library/Developer/Xcode/DerivedData/App-bmeqrztakkzxpkcqfdhhsyyyzbjg/Build/Intermediates.noindex/ArchiveIntermediates/App/IntermediateBuildFilesPath/Pods.build/Release-iphoneos/CapacitorStatusBar.build/CapacitorStatusBar.DependencyStaticMetadataFileList (in target 'CapacitorStatusBar' from project 'Pods')
    cd /Users/lekiaprosper/Documents/Dev/Connectize/Connectize-Frontend/ios/App/Pods
    write-file /Users/lekiaprosper/Library/Developer/Xcode/DerivedData/App-bmeqrztakkzxpkcqfdhhsyyyzbjg/Build/Intermediates.noindex/ArchiveIntermediates/App/IntermediateBuildFilesPath/Pods.build/Release-iphoneos/CapacitorStatusBar.build/CapacitorStatusBar.DependencyStaticMetadataFileList

WriteAuxiliaryFile /Users/lekiaprosper/Library/Developer/Xcode/DerivedData/App-bmeqrztakkzxpkcqfdhhsyyyzbjg/Build/Intermediates.noindex/ArchiveIntermediates/App/IntermediateBuildFilesPath/Pods.build/Release-iphoneos/CapacitorStatusBar.build/CapacitorStatusBar.DependencyMetadataFileList (in target 'CapacitorStatusBar' from project 'Pods')
    cd /Users/lekiaprosper/Documents/Dev/Connectize/Connectize-Frontend/ios/App/Pods
    write-file /Users/lekiaprosper/Library/Developer/Xcode/DerivedData/App-bmeqrztakkzxpkcqfdhhsyyyzbjg/Build/Intermediates.noindex/ArchiveIntermediates/App/IntermediateBuildFilesPath/Pods.build/Release-iphoneos/CapacitorStatusBar.build/CapacitorStatusBar.DependencyMetadataFileList

WriteAuxiliaryFile /Users/lekiaprosper/Library/Developer/Xcode/DerivedData/App-bmeqrztakkzxpkcqfdhhsyyyzbjg/Build/Intermediates.noindex/ArchiveIntermediates/App/IntermediateBuildFilesPath/Pods.build/Release-iphoneos/CapacitorStatusBar.build/CapacitorStatusBar-project-headers.hmap (in target 'CapacitorStatusBar' from project 'Pods')
    cd /Users/lekiaprosper/Documents/Dev/Connectize/Connectize-Frontend/ios/App/Pods
    write-file /Users/lekiaprosper/Library/Developer/Xcode/DerivedData/App-bmeqrztakkzxpkcqfdhhsyyyzbjg/Build/Intermediates.noindex/ArchiveIntermediates/App/IntermediateBuildFilesPath/Pods.build/Release-iphoneos/CapacitorStatusBar.build/CapacitorStatusBar-project-headers.hmap

WriteAuxiliaryFile /Users/lekiaprosper/Library/Developer/Xcode/DerivedData/App-bmeqrztakkzxpkcqfdhhsyyyzbjg/Build/Intermediates.noindex/ArchiveIntermediates/App/IntermediateBuildFilesPath/Pods.build/Release-iphoneos/CapacitorStatusBar.build/CapacitorStatusBar-own-target-headers.hmap (in target 'CapacitorStatusBar' from project 'Pods')
    cd /Users/lekiaprosper/Documents/Dev/Connectize/Connectize-Frontend/ios/App/Pods
    write-file /Users/lekiaprosper/Library/Developer/Xcode/DerivedData/App-bmeqrztakkzxpkcqfdhhsyyyzbjg/Build/Intermediates.noindex/ArchiveIntermediates/App/IntermediateBuildFilesPath/Pods.build/Release-iphoneos/CapacitorStatusBar.build/CapacitorStatusBar-own-target-headers.hmap

WriteAuxiliaryFile /Users/lekiaprosper/Library/Developer/Xcode/DerivedData/App-bmeqrztakkzxpkcqfdhhsyyyzbjg/Build/Intermediates.noindex/ArchiveIntermediates/App/IntermediateBuildFilesPath/Pods.build/Release-iphoneos/CapacitorStatusBar.build/CapacitorStatusBar-generated-files.hmap (in target 'CapacitorStatusBar' from project 'Pods')
    cd /Users/lekiaprosper/Documents/Dev/Connectize/Connectize-Frontend/ios/App/Pods
    write-file /Users/lekiaprosper/Library/Developer/Xcode/DerivedData/App-bmeqrztakkzxpkcqfdhhsyyyzbjg/Build/Intermediates.noindex/ArchiveIntermediates/App/IntermediateBuildFilesPath/Pods.build/Release-iphoneos/CapacitorStatusBar.build/CapacitorStatusBar-generated-files.hmap

WriteAuxiliaryFile /Users/lekiaprosper/Library/Developer/Xcode/DerivedData/App-bmeqrztakkzxpkcqfdhhsyyyzbjg/Build/Intermediates.noindex/ArchiveIntermediates/App/IntermediateBuildFilesPath/Pods.build/Release-iphoneos/CapacitorStatusBar.build/CapacitorStatusBar-diagnostic-filename-map.json (in target 'CapacitorStatusBar' from project 'Pods')
    cd /Users/lekiaprosper/Documents/Dev/Connectize/Connectize-Frontend/ios/App/Pods
    write-file /Users/lekiaprosper/Library/Developer/Xcode/DerivedData/App-bmeqrztakkzxpkcqfdhhsyyyzbjg/Build/Intermediates.noindex/ArchiveIntermediates/App/IntermediateBuildFilesPath/Pods.build/Release-iphoneos/CapacitorStatusBar.build/CapacitorStatusBar-diagnostic-filename-map.json

WriteAuxiliaryFile /Users/lekiaprosper/Library/Developer/Xcode/DerivedData/App-bmeqrztakkzxpkcqfdhhsyyyzbjg/Build/Intermediates.noindex/ArchiveIntermediates/App/IntermediateBuildFilesPath/Pods.build/Release-iphoneos/CapacitorStatusBar.build/CapacitorStatusBar-all-target-headers.hmap (in target 'CapacitorStatusBar' from project 'Pods')
    cd /Users/lekiaprosper/Documents/Dev/Connectize/Connectize-Frontend/ios/App/Pods
    write-file /Users/lekiaprosper/Library/Developer/Xcode/DerivedData/App-bmeqrztakkzxpkcqfdhhsyyyzbjg/Build/Intermediates.noindex/ArchiveIntermediates/App/IntermediateBuildFilesPath/Pods.build/Release-iphoneos/CapacitorStatusBar.build/CapacitorStatusBar-all-target-headers.hmap

WriteAuxiliaryFile /Users/lekiaprosper/Library/Developer/Xcode/DerivedData/App-bmeqrztakkzxpkcqfdhhsyyyzbjg/Build/Intermediates.noindex/ArchiveIntermediates/App/IntermediateBuildFilesPath/Pods.build/Release-iphoneos/CapacitorStatusBar.build/CapacitorStatusBar-all-non-framework-target-headers.hmap (in target 'CapacitorStatusBar' from project 'Pods')
    cd /Users/lekiaprosper/Documents/Dev/Connectize/Connectize-Frontend/ios/App/Pods
    write-file /Users/lekiaprosper/Library/Developer/Xcode/DerivedData/App-bmeqrztakkzxpkcqfdhhsyyyzbjg/Build/Intermediates.noindex/ArchiveIntermediates/App/IntermediateBuildFilesPath/Pods.build/Release-iphoneos/CapacitorStatusBar.build/CapacitorStatusBar-all-non-framework-target-headers.hmap

CpHeader /Users/lekiaprosper/Library/Developer/Xcode/DerivedData/App-bmeqrztakkzxpkcqfdhhsyyyzbjg/Build/Intermediates.noindex/ArchiveIntermediates/App/IntermediateBuildFilesPath/UninstalledProducts/iphoneos/CapacitorStatusBar.framework/Headers/CapacitorStatusBar-umbrella.h /Users/lekiaprosper/Documents/Dev/Connectize/Connectize-Frontend/ios/App/Pods/Target\ Support\ Files/CapacitorStatusBar/CapacitorStatusBar-umbrella.h (in target 'CapacitorStatusBar' from project 'Pods')
    cd /Users/lekiaprosper/Documents/Dev/Connectize/Connectize-Frontend/ios/App/Pods
    builtin-copy -exclude .DS_Store -exclude CVS -exclude .svn -exclude .git -exclude .hg -resolve-src-symlinks /Users/lekiaprosper/Documents/Dev/Connectize/Connectize-Frontend/ios/App/Pods/Target\ Support\ Files/CapacitorStatusBar/CapacitorStatusBar-umbrella.h /Users/lekiaprosper/Library/Developer/Xcode/DerivedData/App-bmeqrztakkzxpkcqfdhhsyyyzbjg/Build/Intermediates.noindex/ArchiveIntermediates/App/IntermediateBuildFilesPath/UninstalledProducts/iphoneos/CapacitorStatusBar.framework/Headers

Concatenate /Users/lekiaprosper/Library/Developer/Xcode/DerivedData/App-bmeqrztakkzxpkcqfdhhsyyyzbjg/Build/Intermediates.noindex/ArchiveIntermediates/App/IntermediateBuildFilesPath/Pods.build/Release-iphoneos/CapacitorStatusBar.build/unextended-module.modulemap /Users/lekiaprosper/Documents/Dev/Connectize/Connectize-Frontend/ios/App/Pods/Target\ Support\ Files/CapacitorStatusBar/CapacitorStatusBar.modulemap /Users/lekiaprosper/Library/Developer/Xcode/DerivedData/App-bmeqrztakkzxpkcqfdhhsyyyzbjg/Build/Intermediates.noindex/ArchiveIntermediates/App/IntermediateBuildFilesPath/Pods.build/Release-iphoneos/CapacitorStatusBar.build/unextended-module-swiftunextension.modulemap (in target 'CapacitorStatusBar' from project 'Pods')
    cd /Users/lekiaprosper/Documents/Dev/Connectize/Connectize-Frontend/ios/App/Pods
    builtin-concatenate /Users/lekiaprosper/Library/Developer/Xcode/DerivedData/App-bmeqrztakkzxpkcqfdhhsyyyzbjg/Build/Intermediates.noindex/ArchiveIntermediates/App/IntermediateBuildFilesPath/Pods.build/Release-iphoneos/CapacitorStatusBar.build/unextended-module.modulemap /Users/lekiaprosper/Documents/Dev/Connectize/Connectize-Frontend/ios/App/Pods/Target\ Support\ Files/CapacitorStatusBar/CapacitorStatusBar.modulemap /Users/lekiaprosper/Library/Developer/Xcode/DerivedData/App-bmeqrztakkzxpkcqfdhhsyyyzbjg/Build/Intermediates.noindex/ArchiveIntermediates/App/IntermediateBuildFilesPath/Pods.build/Release-iphoneos/CapacitorStatusBar.build/unextended-module-swiftunextension.modulemap

Concatenate /Users/lekiaprosper/Library/Developer/Xcode/DerivedData/App-bmeqrztakkzxpkcqfdhhsyyyzbjg/Build/Intermediates.noindex/ArchiveIntermediates/App/IntermediateBuildFilesPath/Pods.build/Release-iphoneos/CapacitorStatusBar.build/module.modulemap /Users/lekiaprosper/Documents/Dev/Connectize/Connectize-Frontend/ios/App/Pods/Target\ Support\ Files/CapacitorStatusBar/CapacitorStatusBar.modulemap /Users/lekiaprosper/Library/Developer/Xcode/DerivedData/App-bmeqrztakkzxpkcqfdhhsyyyzbjg/Build/Intermediates.noindex/ArchiveIntermediates/App/IntermediateBuildFilesPath/Pods.build/Release-iphoneos/CapacitorStatusBar.build/module-swiftextension.modulemap (in target 'CapacitorStatusBar' from project 'Pods')
    cd /Users/lekiaprosper/Documents/Dev/Connectize/Connectize-Frontend/ios/App/Pods
    builtin-concatenate /Users/lekiaprosper/Library/Developer/Xcode/DerivedData/App-bmeqrztakkzxpkcqfdhhsyyyzbjg/Build/Intermediates.noindex/ArchiveIntermediates/App/IntermediateBuildFilesPath/Pods.build/Release-iphoneos/CapacitorStatusBar.build/module.modulemap /Users/lekiaprosper/Documents/Dev/Connectize/Connectize-Frontend/ios/App/Pods/Target\ Support\ Files/CapacitorStatusBar/CapacitorStatusBar.modulemap /Users/lekiaprosper/Library/Developer/Xcode/DerivedData/App-bmeqrztakkzxpkcqfdhhsyyyzbjg/Build/Intermediates.noindex/ArchiveIntermediates/App/IntermediateBuildFilesPath/Pods.build/Release-iphoneos/CapacitorStatusBar.build/module-swiftextension.modulemap

WriteAuxiliaryFile /Users/lekiaprosper/Library/Developer/Xcode/DerivedData/App-bmeqrztakkzxpkcqfdhhsyyyzbjg/Build/Intermediates.noindex/ArchiveIntermediates/App/IntermediateBuildFilesPath/Pods.build/Release-iphoneos/CapacitorSplashScreen.build/unextended-module-swiftunextension.modulemap (in target 'CapacitorSplashScreen' from project 'Pods')
    cd /Users/lekiaprosper/Documents/Dev/Connectize/Connectize-Frontend/ios/App/Pods
    write-file /Users/lekiaprosper/Library/Developer/Xcode/DerivedData/App-bmeqrztakkzxpkcqfdhhsyyyzbjg/Build/Intermediates.noindex/ArchiveIntermediates/App/IntermediateBuildFilesPath/Pods.build/Release-iphoneos/CapacitorSplashScreen.build/unextended-module-swiftunextension.modulemap

WriteAuxiliaryFile /Users/lekiaprosper/Library/Developer/Xcode/DerivedData/App-bmeqrztakkzxpkcqfdhhsyyyzbjg/Build/Intermediates.noindex/ArchiveIntermediates/App/IntermediateBuildFilesPath/Pods.build/Release-iphoneos/CapacitorSplashScreen.build/unextended-module-overlay.yaml (in target 'CapacitorSplashScreen' from project 'Pods')
    cd /Users/lekiaprosper/Documents/Dev/Connectize/Connectize-Frontend/ios/App/Pods
    write-file /Users/lekiaprosper/Library/Developer/Xcode/DerivedData/App-bmeqrztakkzxpkcqfdhhsyyyzbjg/Build/Intermediates.noindex/ArchiveIntermediates/App/IntermediateBuildFilesPath/Pods.build/Release-iphoneos/CapacitorSplashScreen.build/unextended-module-overlay.yaml

WriteAuxiliaryFile /Users/lekiaprosper/Library/Developer/Xcode/DerivedData/App-bmeqrztakkzxpkcqfdhhsyyyzbjg/Build/Intermediates.noindex/ArchiveIntermediates/App/IntermediateBuildFilesPath/Pods.build/Release-iphoneos/CapacitorSplashScreen.build/module-swiftextension.modulemap (in target 'CapacitorSplashScreen' from project 'Pods')
    cd /Users/lekiaprosper/Documents/Dev/Connectize/Connectize-Frontend/ios/App/Pods
    write-file /Users/lekiaprosper/Library/Developer/Xcode/DerivedData/App-bmeqrztakkzxpkcqfdhhsyyyzbjg/Build/Intermediates.noindex/ArchiveIntermediates/App/IntermediateBuildFilesPath/Pods.build/Release-iphoneos/CapacitorSplashScreen.build/module-swiftextension.modulemap

WriteAuxiliaryFile /Users/lekiaprosper/Library/Developer/Xcode/DerivedData/App-bmeqrztakkzxpkcqfdhhsyyyzbjg/Build/Intermediates.noindex/ArchiveIntermediates/App/IntermediateBuildFilesPath/Pods.build/Release-iphoneos/CapacitorSplashScreen.build/Objects-normal/arm64/CapacitorSplashScreen_const_extract_protocols.json (in target 'CapacitorSplashScreen' from project 'Pods')
    cd /Users/lekiaprosper/Documents/Dev/Connectize/Connectize-Frontend/ios/App/Pods
    write-file /Users/lekiaprosper/Library/Developer/Xcode/DerivedData/App-bmeqrztakkzxpkcqfdhhsyyyzbjg/Build/Intermediates.noindex/ArchiveIntermediates/App/IntermediateBuildFilesPath/Pods.build/Release-iphoneos/CapacitorSplashScreen.build/Objects-normal/arm64/CapacitorSplashScreen_const_extract_protocols.json

WriteAuxiliaryFile /Users/lekiaprosper/Library/Developer/Xcode/DerivedData/App-bmeqrztakkzxpkcqfdhhsyyyzbjg/Build/Intermediates.noindex/ArchiveIntermediates/App/IntermediateBuildFilesPath/Pods.build/Release-iphoneos/CapacitorSplashScreen.build/Objects-normal/arm64/e6072d4f65d7061329687fe24e3d63a7-common-args.resp (in target 'CapacitorSplashScreen' from project 'Pods')
    cd /Users/lekiaprosper/Documents/Dev/Connectize/Connectize-Frontend/ios/App/Pods
    write-file /Users/lekiaprosper/Library/Developer/Xcode/DerivedData/App-bmeqrztakkzxpkcqfdhhsyyyzbjg/Build/Intermediates.noindex/ArchiveIntermediates/App/IntermediateBuildFilesPath/Pods.build/Release-iphoneos/CapacitorSplashScreen.build/Objects-normal/arm64/e6072d4f65d7061329687fe24e3d63a7-common-args.resp
-target arm64-apple-ios14.0 '-std=gnu11' -fobjc-arc -fmodules -gmodules '-fmodules-cache-path=/Users/lekiaprosper/Library/Developer/Xcode/DerivedData/ModuleCache.noindex' '-fmodule-name=CapacitorSplashScreen' -fpascal-strings -Os -fno-common '-DPOD_CONFIGURATION_RELEASE=1' '-DCOCOAPODS=1' '-DNS_BLOCK_ASSERTIONS=1' '-DOBJC_OLD_DISPATCH_PROTOTYPES=0' -isysroot /Applications/Xcode.app/Contents/Developer/Platforms/iPhoneOS.platform/Developer/SDKs/iPhoneOS26.0.sdk -g -iquote /Users/lekiaprosper/Library/Developer/Xcode/DerivedData/App-bmeqrztakkzxpkcqfdhhsyyyzbjg/Build/Intermediates.noindex/ArchiveIntermediates/App/IntermediateBuildFilesPath/Pods.build/Release-iphoneos/CapacitorSplashScreen.build/CapacitorSplashScreen-generated-files.hmap -I/Users/lekiaprosper/Library/Developer/Xcode/DerivedData/App-bmeqrztakkzxpkcqfdhhsyyyzbjg/Build/Intermediates.noindex/ArchiveIntermediates/App/IntermediateBuildFilesPath/Pods.build/Release-iphoneos/CapacitorSplashScreen.build/CapacitorSplashScreen-own-target-headers.hmap -I/Users/lekiaprosper/Library/Developer/Xcode/DerivedData/App-bmeqrztakkzxpkcqfdhhsyyyzbjg/Build/Intermediates.noindex/ArchiveIntermediates/App/IntermediateBuildFilesPath/Pods.build/Release-iphoneos/CapacitorSplashScreen.build/CapacitorSplashScreen-all-non-framework-target-headers.hmap -ivfsoverlay /Users/lekiaprosper/Library/Developer/Xcode/DerivedData/App-bmeqrztakkzxpkcqfdhhsyyyzbjg/Build/Intermediates.noindex/ArchiveIntermediates/App/IntermediateBuildFilesPath/Pods.build/Release-iphoneos/Pods-8699adb1dd336b26511df848a716bd42-VFS-iphoneos/all-product-headers.yaml -iquote /Users/lekiaprosper/Library/Developer/Xcode/DerivedData/App-bmeqrztakkzxpkcqfdhhsyyyzbjg/Build/Intermediates.noindex/ArchiveIntermediates/App/IntermediateBuildFilesPath/Pods.build/Release-iphoneos/CapacitorSplashScreen.build/CapacitorSplashScreen-project-headers.hmap -I/Users/lekiaprosper/Library/Developer/Xcode/DerivedData/App-bmeqrztakkzxpkcqfdhhsyyyzbjg/Build/Intermediates.noindex/ArchiveIntermediates/App/BuildProductsPath/Release-iphoneos/CapacitorSplashScreen/include -I/Users/lekiaprosper/Library/Developer/Xcode/DerivedData/App-bmeqrztakkzxpkcqfdhhsyyyzbjg/Build/Intermediates.noindex/ArchiveIntermediates/App/IntermediateBuildFilesPath/Pods.build/Release-iphoneos/CapacitorSplashScreen.build/DerivedSources-normal/arm64 -I/Users/lekiaprosper/Library/Developer/Xcode/DerivedData/App-bmeqrztakkzxpkcqfdhhsyyyzbjg/Build/Intermediates.noindex/ArchiveIntermediates/App/IntermediateBuildFilesPath/Pods.build/Release-iphoneos/CapacitorSplashScreen.build/DerivedSources/arm64 -I/Users/lekiaprosper/Library/Developer/Xcode/DerivedData/App-bmeqrztakkzxpkcqfdhhsyyyzbjg/Build/Intermediates.noindex/ArchiveIntermediates/App/IntermediateBuildFilesPath/Pods.build/Release-iphoneos/CapacitorSplashScreen.build/DerivedSources -F/Users/lekiaprosper/Library/Developer/Xcode/DerivedData/App-bmeqrztakkzxpkcqfdhhsyyyzbjg/Build/Intermediates.noindex/ArchiveIntermediates/App/BuildProductsPath/Release-iphoneos/CapacitorSplashScreen -F/Users/lekiaprosper/Library/Developer/Xcode/DerivedData/App-bmeqrztakkzxpkcqfdhhsyyyzbjg/Build/Intermediates.noindex/ArchiveIntermediates/App/BuildProductsPath/Release-iphoneos/Capacitor -F/Users/lekiaprosper/Library/Developer/Xcode/DerivedData/App-bmeqrztakkzxpkcqfdhhsyyyzbjg/Build/Intermediates.noindex/ArchiveIntermediates/App/BuildProductsPath/Release-iphoneos/CapacitorCordova

WriteAuxiliaryFile /Users/lekiaprosper/Library/Developer/Xcode/DerivedData/App-bmeqrztakkzxpkcqfdhhsyyyzbjg/Build/Intermediates.noindex/ArchiveIntermediates/App/IntermediateBuildFilesPath/Pods.build/Release-iphoneos/CapacitorSplashScreen.build/Objects-normal/arm64/CapacitorSplashScreen.SwiftFileList (in target 'CapacitorSplashScreen' from project 'Pods')
    cd /Users/lekiaprosper/Documents/Dev/Connectize/Connectize-Frontend/ios/App/Pods
    write-file /Users/lekiaprosper/Library/Developer/Xcode/DerivedData/App-bmeqrztakkzxpkcqfdhhsyyyzbjg/Build/Intermediates.noindex/ArchiveIntermediates/App/IntermediateBuildFilesPath/Pods.build/Release-iphoneos/CapacitorSplashScreen.build/Objects-normal/arm64/CapacitorSplashScreen.SwiftFileList

Copy /Users/lekiaprosper/Library/Developer/Xcode/DerivedData/App-bmeqrztakkzxpkcqfdhhsyyyzbjg/Build/Intermediates.noindex/ArchiveIntermediates/App/IntermediateBuildFilesPath/UninstalledProducts/iphoneos/Pods_App.framework/Modules/module.modulemap /Users/lekiaprosper/Library/Developer/Xcode/DerivedData/App-bmeqrztakkzxpkcqfdhhsyyyzbjg/Build/Intermediates.noindex/ArchiveIntermediates/App/IntermediateBuildFilesPath/Pods.build/Release-iphoneos/Pods-App.build/module.modulemap (in target 'Pods-App' from project 'Pods')
    cd /Users/lekiaprosper/Documents/Dev/Connectize/Connectize-Frontend/ios/App/Pods
    builtin-copy -exclude .DS_Store -exclude CVS -exclude .svn -exclude .git -exclude .hg -resolve-src-symlinks /Users/lekiaprosper/Library/Developer/Xcode/DerivedData/App-bmeqrztakkzxpkcqfdhhsyyyzbjg/Build/Intermediates.noindex/ArchiveIntermediates/App/IntermediateBuildFilesPath/Pods.build/Release-iphoneos/Pods-App.build/module.modulemap /Users/lekiaprosper/Library/Developer/Xcode/DerivedData/App-bmeqrztakkzxpkcqfdhhsyyyzbjg/Build/Intermediates.noindex/ArchiveIntermediates/App/IntermediateBuildFilesPath/UninstalledProducts/iphoneos/Pods_App.framework/Modules

WriteAuxiliaryFile /Users/lekiaprosper/Library/Developer/Xcode/DerivedData/App-bmeqrztakkzxpkcqfdhhsyyyzbjg/Build/Intermediates.noindex/ArchiveIntermediates/App/IntermediateBuildFilesPath/Pods.build/Release-iphoneos/CapacitorSplashScreen.build/Objects-normal/arm64/CapacitorSplashScreen.SwiftConstValuesFileList (in target 'CapacitorSplashScreen' from project 'Pods')
    cd /Users/lekiaprosper/Documents/Dev/Connectize/Connectize-Frontend/ios/App/Pods
    write-file /Users/lekiaprosper/Library/Developer/Xcode/DerivedData/App-bmeqrztakkzxpkcqfdhhsyyyzbjg/Build/Intermediates.noindex/ArchiveIntermediates/App/IntermediateBuildFilesPath/Pods.build/Release-iphoneos/CapacitorSplashScreen.build/Objects-normal/arm64/CapacitorSplashScreen.SwiftConstValuesFileList

WriteAuxiliaryFile /Users/lekiaprosper/Library/Developer/Xcode/DerivedData/App-bmeqrztakkzxpkcqfdhhsyyyzbjg/Build/Intermediates.noindex/ArchiveIntermediates/App/IntermediateBuildFilesPath/Pods.build/Release-iphoneos/CapacitorSplashScreen.build/Objects-normal/arm64/CapacitorSplashScreen.LinkFileList (in target 'CapacitorSplashScreen' from project 'Pods')
    cd /Users/lekiaprosper/Documents/Dev/Connectize/Connectize-Frontend/ios/App/Pods
    write-file /Users/lekiaprosper/Library/Developer/Xcode/DerivedData/App-bmeqrztakkzxpkcqfdhhsyyyzbjg/Build/Intermediates.noindex/ArchiveIntermediates/App/IntermediateBuildFilesPath/Pods.build/Release-iphoneos/CapacitorSplashScreen.build/Objects-normal/arm64/CapacitorSplashScreen.LinkFileList

WriteAuxiliaryFile /Users/lekiaprosper/Library/Developer/Xcode/DerivedData/App-bmeqrztakkzxpkcqfdhhsyyyzbjg/Build/Intermediates.noindex/ArchiveIntermediates/App/IntermediateBuildFilesPath/Pods.build/Release-iphoneos/CapacitorSplashScreen.build/Objects-normal/arm64/CapacitorSplashScreen-OutputFileMap.json (in target 'CapacitorSplashScreen' from project 'Pods')
    cd /Users/lekiaprosper/Documents/Dev/Connectize/Connectize-Frontend/ios/App/Pods
    write-file /Users/lekiaprosper/Library/Developer/Xcode/DerivedData/App-bmeqrztakkzxpkcqfdhhsyyyzbjg/Build/Intermediates.noindex/ArchiveIntermediates/App/IntermediateBuildFilesPath/Pods.build/Release-iphoneos/CapacitorSplashScreen.build/Objects-normal/arm64/CapacitorSplashScreen-OutputFileMap.json

Copy /Users/lekiaprosper/Library/Developer/Xcode/DerivedData/App-bmeqrztakkzxpkcqfdhhsyyyzbjg/Build/Intermediates.noindex/ArchiveIntermediates/App/IntermediateBuildFilesPath/UninstalledProducts/iphoneos/CapacitorStatusBar.framework/Modules/module.modulemap /Users/lekiaprosper/Library/Developer/Xcode/DerivedData/App-bmeqrztakkzxpkcqfdhhsyyyzbjg/Build/Intermediates.noindex/ArchiveIntermediates/App/IntermediateBuildFilesPath/Pods.build/Release-iphoneos/CapacitorStatusBar.build/module.modulemap (in target 'CapacitorStatusBar' from project 'Pods')
    cd /Users/lekiaprosper/Documents/Dev/Connectize/Connectize-Frontend/ios/App/Pods
    builtin-copy -exclude .DS_Store -exclude CVS -exclude .svn -exclude .git -exclude .hg -resolve-src-symlinks /Users/lekiaprosper/Library/Developer/Xcode/DerivedData/App-bmeqrztakkzxpkcqfdhhsyyyzbjg/Build/Intermediates.noindex/ArchiveIntermediates/App/IntermediateBuildFilesPath/Pods.build/Release-iphoneos/CapacitorStatusBar.build/module.modulemap /Users/lekiaprosper/Library/Developer/Xcode/DerivedData/App-bmeqrztakkzxpkcqfdhhsyyyzbjg/Build/Intermediates.noindex/ArchiveIntermediates/App/IntermediateBuildFilesPath/UninstalledProducts/iphoneos/CapacitorStatusBar.framework/Modules

WriteAuxiliaryFile /Users/lekiaprosper/Library/Developer/Xcode/DerivedData/App-bmeqrztakkzxpkcqfdhhsyyyzbjg/Build/Intermediates.noindex/ArchiveIntermediates/App/IntermediateBuildFilesPath/Pods.build/Release-iphoneos/CapacitorSplashScreen.build/Objects-normal/arm64/7187679823f38a2a940e0043cdf9d637-common-args.resp (in target 'CapacitorSplashScreen' from project 'Pods')
    cd /Users/lekiaprosper/Documents/Dev/Connectize/Connectize-Frontend/ios/App/Pods
    write-file /Users/lekiaprosper/Library/Developer/Xcode/DerivedData/App-bmeqrztakkzxpkcqfdhhsyyyzbjg/Build/Intermediates.noindex/ArchiveIntermediates/App/IntermediateBuildFilesPath/Pods.build/Release-iphoneos/CapacitorSplashScreen.build/Objects-normal/arm64/7187679823f38a2a940e0043cdf9d637-common-args.resp
-target arm64-apple-ios14.0 '-std=gnu11' -fmodules -gmodules '-fmodules-cache-path=/Users/lekiaprosper/Library/Developer/Xcode/DerivedData/ModuleCache.noindex' '-fmodule-name=CapacitorSplashScreen' -fpascal-strings -Os -fno-common '-DPOD_CONFIGURATION_RELEASE=1' '-DCOCOAPODS=1' -isysroot /Applications/Xcode.app/Contents/Developer/Platforms/iPhoneOS.platform/Developer/SDKs/iPhoneOS26.0.sdk -g -iquote /Users/lekiaprosper/Library/Developer/Xcode/DerivedData/App-bmeqrztakkzxpkcqfdhhsyyyzbjg/Build/Intermediates.noindex/ArchiveIntermediates/App/IntermediateBuildFilesPath/Pods.build/Release-iphoneos/CapacitorSplashScreen.build/CapacitorSplashScreen-generated-files.hmap -I/Users/lekiaprosper/Library/Developer/Xcode/DerivedData/App-bmeqrztakkzxpkcqfdhhsyyyzbjg/Build/Intermediates.noindex/ArchiveIntermediates/App/IntermediateBuildFilesPath/Pods.build/Release-iphoneos/CapacitorSplashScreen.build/CapacitorSplashScreen-own-target-headers.hmap -I/Users/lekiaprosper/Library/Developer/Xcode/DerivedData/App-bmeqrztakkzxpkcqfdhhsyyyzbjg/Build/Intermediates.noindex/ArchiveIntermediates/App/IntermediateBuildFilesPath/Pods.build/Release-iphoneos/CapacitorSplashScreen.build/CapacitorSplashScreen-all-non-framework-target-headers.hmap -ivfsoverlay /Users/lekiaprosper/Library/Developer/Xcode/DerivedData/App-bmeqrztakkzxpkcqfdhhsyyyzbjg/Build/Intermediates.noindex/ArchiveIntermediates/App/IntermediateBuildFilesPath/Pods.build/Release-iphoneos/Pods-8699adb1dd336b26511df848a716bd42-VFS-iphoneos/all-product-headers.yaml -iquote /Users/lekiaprosper/Library/Developer/Xcode/DerivedData/App-bmeqrztakkzxpkcqfdhhsyyyzbjg/Build/Intermediates.noindex/ArchiveIntermediates/App/IntermediateBuildFilesPath/Pods.build/Release-iphoneos/CapacitorSplashScreen.build/CapacitorSplashScreen-project-headers.hmap -I/Users/lekiaprosper/Library/Developer/Xcode/DerivedData/App-bmeqrztakkzxpkcqfdhhsyyyzbjg/Build/Intermediates.noindex/ArchiveIntermediates/App/BuildProductsPath/Release-iphoneos/CapacitorSplashScreen/include -I/Users/lekiaprosper/Library/Developer/Xcode/DerivedData/App-bmeqrztakkzxpkcqfdhhsyyyzbjg/Build/Intermediates.noindex/ArchiveIntermediates/App/IntermediateBuildFilesPath/Pods.build/Release-iphoneos/CapacitorSplashScreen.build/DerivedSources-normal/arm64 -I/Users/lekiaprosper/Library/Developer/Xcode/DerivedData/App-bmeqrztakkzxpkcqfdhhsyyyzbjg/Build/Intermediates.noindex/ArchiveIntermediates/App/IntermediateBuildFilesPath/Pods.build/Release-iphoneos/CapacitorSplashScreen.build/DerivedSources/arm64 -I/Users/lekiaprosper/Library/Developer/Xcode/DerivedData/App-bmeqrztakkzxpkcqfdhhsyyyzbjg/Build/Intermediates.noindex/ArchiveIntermediates/App/IntermediateBuildFilesPath/Pods.build/Release-iphoneos/CapacitorSplashScreen.build/DerivedSources -F/Users/lekiaprosper/Library/Developer/Xcode/DerivedData/App-bmeqrztakkzxpkcqfdhhsyyyzbjg/Build/Intermediates.noindex/ArchiveIntermediates/App/BuildProductsPath/Release-iphoneos/CapacitorSplashScreen -F/Users/lekiaprosper/Library/Developer/Xcode/DerivedData/App-bmeqrztakkzxpkcqfdhhsyyyzbjg/Build/Intermediates.noindex/ArchiveIntermediates/App/BuildProductsPath/Release-iphoneos/Capacitor -F/Users/lekiaprosper/Library/Developer/Xcode/DerivedData/App-bmeqrztakkzxpkcqfdhhsyyyzbjg/Build/Intermediates.noindex/ArchiveIntermediates/App/BuildProductsPath/Release-iphoneos/CapacitorCordova

WriteAuxiliaryFile /Users/lekiaprosper/Library/Developer/Xcode/DerivedData/App-bmeqrztakkzxpkcqfdhhsyyyzbjg/Build/Intermediates.noindex/ArchiveIntermediates/App/IntermediateBuildFilesPath/Pods.build/Release-iphoneos/CapacitorSplashScreen.build/CapacitorSplashScreen.hmap (in target 'CapacitorSplashScreen' from project 'Pods')
    cd /Users/lekiaprosper/Documents/Dev/Connectize/Connectize-Frontend/ios/App/Pods
    write-file /Users/lekiaprosper/Library/Developer/Xcode/DerivedData/App-bmeqrztakkzxpkcqfdhhsyyyzbjg/Build/Intermediates.noindex/ArchiveIntermediates/App/IntermediateBuildFilesPath/Pods.build/Release-iphoneos/CapacitorSplashScreen.build/CapacitorSplashScreen.hmap

WriteAuxiliaryFile /Users/lekiaprosper/Library/Developer/Xcode/DerivedData/App-bmeqrztakkzxpkcqfdhhsyyyzbjg/Build/Intermediates.noindex/ArchiveIntermediates/App/IntermediateBuildFilesPath/Pods.build/Release-iphoneos/CapacitorSplashScreen.build/DerivedSources/CapacitorSplashScreen_vers.c (in target 'CapacitorSplashScreen' from project 'Pods')
    cd /Users/lekiaprosper/Documents/Dev/Connectize/Connectize-Frontend/ios/App/Pods
    write-file /Users/lekiaprosper/Library/Developer/Xcode/DerivedData/App-bmeqrztakkzxpkcqfdhhsyyyzbjg/Build/Intermediates.noindex/ArchiveIntermediates/App/IntermediateBuildFilesPath/Pods.build/Release-iphoneos/CapacitorSplashScreen.build/DerivedSources/CapacitorSplashScreen_vers.c

WriteAuxiliaryFile /Users/lekiaprosper/Library/Developer/Xcode/DerivedData/App-bmeqrztakkzxpkcqfdhhsyyyzbjg/Build/Intermediates.noindex/ArchiveIntermediates/App/IntermediateBuildFilesPath/Pods.build/Release-iphoneos/CapacitorSplashScreen.build/CapacitorSplashScreen.DependencyStaticMetadataFileList (in target 'CapacitorSplashScreen' from project 'Pods')
    cd /Users/lekiaprosper/Documents/Dev/Connectize/Connectize-Frontend/ios/App/Pods
    write-file /Users/lekiaprosper/Library/Developer/Xcode/DerivedData/App-bmeqrztakkzxpkcqfdhhsyyyzbjg/Build/Intermediates.noindex/ArchiveIntermediates/App/IntermediateBuildFilesPath/Pods.build/Release-iphoneos/CapacitorSplashScreen.build/CapacitorSplashScreen.DependencyStaticMetadataFileList

WriteAuxiliaryFile /Users/lekiaprosper/Library/Developer/Xcode/DerivedData/App-bmeqrztakkzxpkcqfdhhsyyyzbjg/Build/Intermediates.noindex/ArchiveIntermediates/App/IntermediateBuildFilesPath/Pods.build/Release-iphoneos/CapacitorSplashScreen.build/CapacitorSplashScreen.DependencyMetadataFileList (in target 'CapacitorSplashScreen' from project 'Pods')
    cd /Users/lekiaprosper/Documents/Dev/Connectize/Connectize-Frontend/ios/App/Pods
    write-file /Users/lekiaprosper/Library/Developer/Xcode/DerivedData/App-bmeqrztakkzxpkcqfdhhsyyyzbjg/Build/Intermediates.noindex/ArchiveIntermediates/App/IntermediateBuildFilesPath/Pods.build/Release-iphoneos/CapacitorSplashScreen.build/CapacitorSplashScreen.DependencyMetadataFileList

WriteAuxiliaryFile /Users/lekiaprosper/Library/Developer/Xcode/DerivedData/App-bmeqrztakkzxpkcqfdhhsyyyzbjg/Build/Intermediates.noindex/ArchiveIntermediates/App/IntermediateBuildFilesPath/Pods.build/Release-iphoneos/CapacitorSplashScreen.build/CapacitorSplashScreen-project-headers.hmap (in target 'CapacitorSplashScreen' from project 'Pods')
    cd /Users/lekiaprosper/Documents/Dev/Connectize/Connectize-Frontend/ios/App/Pods
    write-file /Users/lekiaprosper/Library/Developer/Xcode/DerivedData/App-bmeqrztakkzxpkcqfdhhsyyyzbjg/Build/Intermediates.noindex/ArchiveIntermediates/App/IntermediateBuildFilesPath/Pods.build/Release-iphoneos/CapacitorSplashScreen.build/CapacitorSplashScreen-project-headers.hmap

WriteAuxiliaryFile /Users/lekiaprosper/Library/Developer/Xcode/DerivedData/App-bmeqrztakkzxpkcqfdhhsyyyzbjg/Build/Intermediates.noindex/ArchiveIntermediates/App/IntermediateBuildFilesPath/Pods.build/Release-iphoneos/CapacitorSplashScreen.build/CapacitorSplashScreen-own-target-headers.hmap (in target 'CapacitorSplashScreen' from project 'Pods')
    cd /Users/lekiaprosper/Documents/Dev/Connectize/Connectize-Frontend/ios/App/Pods
    write-file /Users/lekiaprosper/Library/Developer/Xcode/DerivedData/App-bmeqrztakkzxpkcqfdhhsyyyzbjg/Build/Intermediates.noindex/ArchiveIntermediates/App/IntermediateBuildFilesPath/Pods.build/Release-iphoneos/CapacitorSplashScreen.build/CapacitorSplashScreen-own-target-headers.hmap

WriteAuxiliaryFile /Users/lekiaprosper/Library/Developer/Xcode/DerivedData/App-bmeqrztakkzxpkcqfdhhsyyyzbjg/Build/Intermediates.noindex/ArchiveIntermediates/App/IntermediateBuildFilesPath/Pods.build/Release-iphoneos/CapacitorSplashScreen.build/CapacitorSplashScreen-generated-files.hmap (in target 'CapacitorSplashScreen' from project 'Pods')
    cd /Users/lekiaprosper/Documents/Dev/Connectize/Connectize-Frontend/ios/App/Pods
    write-file /Users/lekiaprosper/Library/Developer/Xcode/DerivedData/App-bmeqrztakkzxpkcqfdhhsyyyzbjg/Build/Intermediates.noindex/ArchiveIntermediates/App/IntermediateBuildFilesPath/Pods.build/Release-iphoneos/CapacitorSplashScreen.build/CapacitorSplashScreen-generated-files.hmap

WriteAuxiliaryFile /Users/lekiaprosper/Library/Developer/Xcode/DerivedData/App-bmeqrztakkzxpkcqfdhhsyyyzbjg/Build/Intermediates.noindex/ArchiveIntermediates/App/IntermediateBuildFilesPath/Pods.build/Release-iphoneos/CapacitorSplashScreen.build/CapacitorSplashScreen-diagnostic-filename-map.json (in target 'CapacitorSplashScreen' from project 'Pods')
    cd /Users/lekiaprosper/Documents/Dev/Connectize/Connectize-Frontend/ios/App/Pods
    write-file /Users/lekiaprosper/Library/Developer/Xcode/DerivedData/App-bmeqrztakkzxpkcqfdhhsyyyzbjg/Build/Intermediates.noindex/ArchiveIntermediates/App/IntermediateBuildFilesPath/Pods.build/Release-iphoneos/CapacitorSplashScreen.build/CapacitorSplashScreen-diagnostic-filename-map.json

WriteAuxiliaryFile /Users/lekiaprosper/Library/Developer/Xcode/DerivedData/App-bmeqrztakkzxpkcqfdhhsyyyzbjg/Build/Intermediates.noindex/ArchiveIntermediates/App/IntermediateBuildFilesPath/Pods.build/Release-iphoneos/CapacitorSplashScreen.build/CapacitorSplashScreen-all-target-headers.hmap (in target 'CapacitorSplashScreen' from project 'Pods')
    cd /Users/lekiaprosper/Documents/Dev/Connectize/Connectize-Frontend/ios/App/Pods
    write-file /Users/lekiaprosper/Library/Developer/Xcode/DerivedData/App-bmeqrztakkzxpkcqfdhhsyyyzbjg/Build/Intermediates.noindex/ArchiveIntermediates/App/IntermediateBuildFilesPath/Pods.build/Release-iphoneos/CapacitorSplashScreen.build/CapacitorSplashScreen-all-target-headers.hmap

WriteAuxiliaryFile /Users/lekiaprosper/Library/Developer/Xcode/DerivedData/App-bmeqrztakkzxpkcqfdhhsyyyzbjg/Build/Intermediates.noindex/ArchiveIntermediates/App/IntermediateBuildFilesPath/Pods.build/Release-iphoneos/CapacitorSplashScreen.build/CapacitorSplashScreen-all-non-framework-target-headers.hmap (in target 'CapacitorSplashScreen' from project 'Pods')
    cd /Users/lekiaprosper/Documents/Dev/Connectize/Connectize-Frontend/ios/App/Pods
    write-file /Users/lekiaprosper/Library/Developer/Xcode/DerivedData/App-bmeqrztakkzxpkcqfdhhsyyyzbjg/Build/Intermediates.noindex/ArchiveIntermediates/App/IntermediateBuildFilesPath/Pods.build/Release-iphoneos/CapacitorSplashScreen.build/CapacitorSplashScreen-all-non-framework-target-headers.hmap

CpHeader /Users/lekiaprosper/Library/Developer/Xcode/DerivedData/App-bmeqrztakkzxpkcqfdhhsyyyzbjg/Build/Intermediates.noindex/ArchiveIntermediates/App/IntermediateBuildFilesPath/UninstalledProducts/iphoneos/CapacitorSplashScreen.framework/Headers/CapacitorSplashScreen-umbrella.h /Users/lekiaprosper/Documents/Dev/Connectize/Connectize-Frontend/ios/App/Pods/Target\ Support\ Files/CapacitorSplashScreen/CapacitorSplashScreen-umbrella.h (in target 'CapacitorSplashScreen' from project 'Pods')
    cd /Users/lekiaprosper/Documents/Dev/Connectize/Connectize-Frontend/ios/App/Pods
    builtin-copy -exclude .DS_Store -exclude CVS -exclude .svn -exclude .git -exclude .hg -resolve-src-symlinks /Users/lekiaprosper/Documents/Dev/Connectize/Connectize-Frontend/ios/App/Pods/Target\ Support\ Files/CapacitorSplashScreen/CapacitorSplashScreen-umbrella.h /Users/lekiaprosper/Library/Developer/Xcode/DerivedData/App-bmeqrztakkzxpkcqfdhhsyyyzbjg/Build/Intermediates.noindex/ArchiveIntermediates/App/IntermediateBuildFilesPath/UninstalledProducts/iphoneos/CapacitorSplashScreen.framework/Headers

Concatenate /Users/lekiaprosper/Library/Developer/Xcode/DerivedData/App-bmeqrztakkzxpkcqfdhhsyyyzbjg/Build/Intermediates.noindex/ArchiveIntermediates/App/IntermediateBuildFilesPath/Pods.build/Release-iphoneos/CapacitorSplashScreen.build/unextended-module.modulemap /Users/lekiaprosper/Documents/Dev/Connectize/Connectize-Frontend/ios/App/Pods/Target\ Support\ Files/CapacitorSplashScreen/CapacitorSplashScreen.modulemap /Users/lekiaprosper/Library/Developer/Xcode/DerivedData/App-bmeqrztakkzxpkcqfdhhsyyyzbjg/Build/Intermediates.noindex/ArchiveIntermediates/App/IntermediateBuildFilesPath/Pods.build/Release-iphoneos/CapacitorSplashScreen.build/unextended-module-swiftunextension.modulemap (in target 'CapacitorSplashScreen' from project 'Pods')
    cd /Users/lekiaprosper/Documents/Dev/Connectize/Connectize-Frontend/ios/App/Pods
    builtin-concatenate /Users/lekiaprosper/Library/Developer/Xcode/DerivedData/App-bmeqrztakkzxpkcqfdhhsyyyzbjg/Build/Intermediates.noindex/ArchiveIntermediates/App/IntermediateBuildFilesPath/Pods.build/Release-iphoneos/CapacitorSplashScreen.build/unextended-module.modulemap /Users/lekiaprosper/Documents/Dev/Connectize/Connectize-Frontend/ios/App/Pods/Target\ Support\ Files/CapacitorSplashScreen/CapacitorSplashScreen.modulemap /Users/lekiaprosper/Library/Developer/Xcode/DerivedData/App-bmeqrztakkzxpkcqfdhhsyyyzbjg/Build/Intermediates.noindex/ArchiveIntermediates/App/IntermediateBuildFilesPath/Pods.build/Release-iphoneos/CapacitorSplashScreen.build/unextended-module-swiftunextension.modulemap

Concatenate /Users/lekiaprosper/Library/Developer/Xcode/DerivedData/App-bmeqrztakkzxpkcqfdhhsyyyzbjg/Build/Intermediates.noindex/ArchiveIntermediates/App/IntermediateBuildFilesPath/Pods.build/Release-iphoneos/CapacitorSplashScreen.build/module.modulemap /Users/lekiaprosper/Documents/Dev/Connectize/Connectize-Frontend/ios/App/Pods/Target\ Support\ Files/CapacitorSplashScreen/CapacitorSplashScreen.modulemap /Users/lekiaprosper/Library/Developer/Xcode/DerivedData/App-bmeqrztakkzxpkcqfdhhsyyyzbjg/Build/Intermediates.noindex/ArchiveIntermediates/App/IntermediateBuildFilesPath/Pods.build/Release-iphoneos/CapacitorSplashScreen.build/module-swiftextension.modulemap (in target 'CapacitorSplashScreen' from project 'Pods')
    cd /Users/lekiaprosper/Documents/Dev/Connectize/Connectize-Frontend/ios/App/Pods
    builtin-concatenate /Users/lekiaprosper/Library/Developer/Xcode/DerivedData/App-bmeqrztakkzxpkcqfdhhsyyyzbjg/Build/Intermediates.noindex/ArchiveIntermediates/App/IntermediateBuildFilesPath/Pods.build/Release-iphoneos/CapacitorSplashScreen.build/module.modulemap /Users/lekiaprosper/Documents/Dev/Connectize/Connectize-Frontend/ios/App/Pods/Target\ Support\ Files/CapacitorSplashScreen/CapacitorSplashScreen.modulemap /Users/lekiaprosper/Library/Developer/Xcode/DerivedData/App-bmeqrztakkzxpkcqfdhhsyyyzbjg/Build/Intermediates.noindex/ArchiveIntermediates/App/IntermediateBuildFilesPath/Pods.build/Release-iphoneos/CapacitorSplashScreen.build/module-swiftextension.modulemap

WriteAuxiliaryFile /Users/lekiaprosper/Library/Developer/Xcode/DerivedData/App-bmeqrztakkzxpkcqfdhhsyyyzbjg/Build/Intermediates.noindex/ArchiveIntermediates/App/IntermediateBuildFilesPath/Pods.build/Release-iphoneos/CapacitorCordova.build/Objects-normal/arm64/e6072d4f65d7061329687fe24e3d63a7-common-args.resp (in target 'CapacitorCordova' from project 'Pods')
    cd /Users/lekiaprosper/Documents/Dev/Connectize/Connectize-Frontend/ios/App/Pods
    write-file /Users/lekiaprosper/Library/Developer/Xcode/DerivedData/App-bmeqrztakkzxpkcqfdhhsyyyzbjg/Build/Intermediates.noindex/ArchiveIntermediates/App/IntermediateBuildFilesPath/Pods.build/Release-iphoneos/CapacitorCordova.build/Objects-normal/arm64/e6072d4f65d7061329687fe24e3d63a7-common-args.resp
-target arm64-apple-ios14.0 '-std=gnu11' -fobjc-arc -fmodules -gmodules '-fmodules-cache-path=/Users/lekiaprosper/Library/Developer/Xcode/DerivedData/ModuleCache.noindex' '-fmodule-name=Cordova' -fpascal-strings -Os -fno-common '-DPOD_CONFIGURATION_RELEASE=1' '-DCOCOAPODS=1' '-DNS_BLOCK_ASSERTIONS=1' '-DOBJC_OLD_DISPATCH_PROTOTYPES=0' -isysroot /Applications/Xcode.app/Contents/Developer/Platforms/iPhoneOS.platform/Developer/SDKs/iPhoneOS26.0.sdk -g -iquote /Users/lekiaprosper/Library/Developer/Xcode/DerivedData/App-bmeqrztakkzxpkcqfdhhsyyyzbjg/Build/Intermediates.noindex/ArchiveIntermediates/App/IntermediateBuildFilesPath/Pods.build/Release-iphoneos/CapacitorCordova.build/Cordova-generated-files.hmap -I/Users/lekiaprosper/Library/Developer/Xcode/DerivedData/App-bmeqrztakkzxpkcqfdhhsyyyzbjg/Build/Intermediates.noindex/ArchiveIntermediates/App/IntermediateBuildFilesPath/Pods.build/Release-iphoneos/CapacitorCordova.build/Cordova-own-target-headers.hmap -I/Users/lekiaprosper/Library/Developer/Xcode/DerivedData/App-bmeqrztakkzxpkcqfdhhsyyyzbjg/Build/Intermediates.noindex/ArchiveIntermediates/App/IntermediateBuildFilesPath/Pods.build/Release-iphoneos/CapacitorCordova.build/Cordova-all-non-framework-target-headers.hmap -ivfsoverlay /Users/lekiaprosper/Library/Developer/Xcode/DerivedData/App-bmeqrztakkzxpkcqfdhhsyyyzbjg/Build/Intermediates.noindex/ArchiveIntermediates/App/IntermediateBuildFilesPath/Pods.build/Release-iphoneos/Pods-8699adb1dd336b26511df848a716bd42-VFS-iphoneos/all-product-headers.yaml -iquote /Users/lekiaprosper/Library/Developer/Xcode/DerivedData/App-bmeqrztakkzxpkcqfdhhsyyyzbjg/Build/Intermediates.noindex/ArchiveIntermediates/App/IntermediateBuildFilesPath/Pods.build/Release-iphoneos/CapacitorCordova.build/Cordova-project-headers.hmap -I/Users/lekiaprosper/Library/Developer/Xcode/DerivedData/App-bmeqrztakkzxpkcqfdhhsyyyzbjg/Build/Intermediates.noindex/ArchiveIntermediates/App/BuildProductsPath/Release-iphoneos/CapacitorCordova/include -I/Users/lekiaprosper/Library/Developer/Xcode/DerivedData/App-bmeqrztakkzxpkcqfdhhsyyyzbjg/Build/Intermediates.noindex/ArchiveIntermediates/App/IntermediateBuildFilesPath/Pods.build/Release-iphoneos/CapacitorCordova.build/DerivedSources-normal/arm64 -I/Users/lekiaprosper/Library/Developer/Xcode/DerivedData/App-bmeqrztakkzxpkcqfdhhsyyyzbjg/Build/Intermediates.noindex/ArchiveIntermediates/App/IntermediateBuildFilesPath/Pods.build/Release-iphoneos/CapacitorCordova.build/DerivedSources/arm64 -I/Users/lekiaprosper/Library/Developer/Xcode/DerivedData/App-bmeqrztakkzxpkcqfdhhsyyyzbjg/Build/Intermediates.noindex/ArchiveIntermediates/App/IntermediateBuildFilesPath/Pods.build/Release-iphoneos/CapacitorCordova.build/DerivedSources -F/Users/lekiaprosper/Library/Developer/Xcode/DerivedData/App-bmeqrztakkzxpkcqfdhhsyyyzbjg/Build/Intermediates.noindex/ArchiveIntermediates/App/BuildProductsPath/Release-iphoneos/CapacitorCordova

WriteAuxiliaryFile /Users/lekiaprosper/Library/Developer/Xcode/DerivedData/App-bmeqrztakkzxpkcqfdhhsyyyzbjg/Build/Intermediates.noindex/ArchiveIntermediates/App/IntermediateBuildFilesPath/Pods.build/Release-iphoneos/CapacitorCordova.build/Objects-normal/arm64/Cordova.LinkFileList (in target 'CapacitorCordova' from project 'Pods')
    cd /Users/lekiaprosper/Documents/Dev/Connectize/Connectize-Frontend/ios/App/Pods
    write-file /Users/lekiaprosper/Library/Developer/Xcode/DerivedData/App-bmeqrztakkzxpkcqfdhhsyyyzbjg/Build/Intermediates.noindex/ArchiveIntermediates/App/IntermediateBuildFilesPath/Pods.build/Release-iphoneos/CapacitorCordova.build/Objects-normal/arm64/Cordova.LinkFileList

WriteAuxiliaryFile /Users/lekiaprosper/Library/Developer/Xcode/DerivedData/App-bmeqrztakkzxpkcqfdhhsyyyzbjg/Build/Intermediates.noindex/ArchiveIntermediates/App/IntermediateBuildFilesPath/Pods.build/Release-iphoneos/CapacitorCordova.build/Objects-normal/arm64/7187679823f38a2a940e0043cdf9d637-common-args.resp (in target 'CapacitorCordova' from project 'Pods')
    cd /Users/lekiaprosper/Documents/Dev/Connectize/Connectize-Frontend/ios/App/Pods
    write-file /Users/lekiaprosper/Library/Developer/Xcode/DerivedData/App-bmeqrztakkzxpkcqfdhhsyyyzbjg/Build/Intermediates.noindex/ArchiveIntermediates/App/IntermediateBuildFilesPath/Pods.build/Release-iphoneos/CapacitorCordova.build/Objects-normal/arm64/7187679823f38a2a940e0043cdf9d637-common-args.resp
-target arm64-apple-ios14.0 '-std=gnu11' -fmodules -gmodules '-fmodules-cache-path=/Users/lekiaprosper/Library/Developer/Xcode/DerivedData/ModuleCache.noindex' '-fmodule-name=Cordova' -fpascal-strings -Os -fno-common '-DPOD_CONFIGURATION_RELEASE=1' '-DCOCOAPODS=1' -isysroot /Applications/Xcode.app/Contents/Developer/Platforms/iPhoneOS.platform/Developer/SDKs/iPhoneOS26.0.sdk -g -iquote /Users/lekiaprosper/Library/Developer/Xcode/DerivedData/App-bmeqrztakkzxpkcqfdhhsyyyzbjg/Build/Intermediates.noindex/ArchiveIntermediates/App/IntermediateBuildFilesPath/Pods.build/Release-iphoneos/CapacitorCordova.build/Cordova-generated-files.hmap -I/Users/lekiaprosper/Library/Developer/Xcode/DerivedData/App-bmeqrztakkzxpkcqfdhhsyyyzbjg/Build/Intermediates.noindex/ArchiveIntermediates/App/IntermediateBuildFilesPath/Pods.build/Release-iphoneos/CapacitorCordova.build/Cordova-own-target-headers.hmap -I/Users/lekiaprosper/Library/Developer/Xcode/DerivedData/App-bmeqrztakkzxpkcqfdhhsyyyzbjg/Build/Intermediates.noindex/ArchiveIntermediates/App/IntermediateBuildFilesPath/Pods.build/Release-iphoneos/CapacitorCordova.build/Cordova-all-non-framework-target-headers.hmap -ivfsoverlay /Users/lekiaprosper/Library/Developer/Xcode/DerivedData/App-bmeqrztakkzxpkcqfdhhsyyyzbjg/Build/Intermediates.noindex/ArchiveIntermediates/App/IntermediateBuildFilesPath/Pods.build/Release-iphoneos/Pods-8699adb1dd336b26511df848a716bd42-VFS-iphoneos/all-product-headers.yaml -iquote /Users/lekiaprosper/Library/Developer/Xcode/DerivedData/App-bmeqrztakkzxpkcqfdhhsyyyzbjg/Build/Intermediates.noindex/ArchiveIntermediates/App/IntermediateBuildFilesPath/Pods.build/Release-iphoneos/CapacitorCordova.build/Cordova-project-headers.hmap -I/Users/lekiaprosper/Library/Developer/Xcode/DerivedData/App-bmeqrztakkzxpkcqfdhhsyyyzbjg/Build/Intermediates.noindex/ArchiveIntermediates/App/BuildProductsPath/Release-iphoneos/CapacitorCordova/include -I/Users/lekiaprosper/Library/Developer/Xcode/DerivedData/App-bmeqrztakkzxpkcqfdhhsyyyzbjg/Build/Intermediates.noindex/ArchiveIntermediates/App/IntermediateBuildFilesPath/Pods.build/Release-iphoneos/CapacitorCordova.build/DerivedSources-normal/arm64 -I/Users/lekiaprosper/Library/Developer/Xcode/DerivedData/App-bmeqrztakkzxpkcqfdhhsyyyzbjg/Build/Intermediates.noindex/ArchiveIntermediates/App/IntermediateBuildFilesPath/Pods.build/Release-iphoneos/CapacitorCordova.build/DerivedSources/arm64 -I/Users/lekiaprosper/Library/Developer/Xcode/DerivedData/App-bmeqrztakkzxpkcqfdhhsyyyzbjg/Build/Intermediates.noindex/ArchiveIntermediates/App/IntermediateBuildFilesPath/Pods.build/Release-iphoneos/CapacitorCordova.build/DerivedSources -F/Users/lekiaprosper/Library/Developer/Xcode/DerivedData/App-bmeqrztakkzxpkcqfdhhsyyyzbjg/Build/Intermediates.noindex/ArchiveIntermediates/App/BuildProductsPath/Release-iphoneos/CapacitorCordova

WriteAuxiliaryFile /Users/lekiaprosper/Library/Developer/Xcode/DerivedData/App-bmeqrztakkzxpkcqfdhhsyyyzbjg/Build/Intermediates.noindex/ArchiveIntermediates/App/IntermediateBuildFilesPath/Pods.build/Release-iphoneos/CapacitorCordova.build/DerivedSources/Cordova_vers.c (in target 'CapacitorCordova' from project 'Pods')
    cd /Users/lekiaprosper/Documents/Dev/Connectize/Connectize-Frontend/ios/App/Pods
    write-file /Users/lekiaprosper/Library/Developer/Xcode/DerivedData/App-bmeqrztakkzxpkcqfdhhsyyyzbjg/Build/Intermediates.noindex/ArchiveIntermediates/App/IntermediateBuildFilesPath/Pods.build/Release-iphoneos/CapacitorCordova.build/DerivedSources/Cordova_vers.c

WriteAuxiliaryFile /Users/lekiaprosper/Library/Developer/Xcode/DerivedData/App-bmeqrztakkzxpkcqfdhhsyyyzbjg/Build/Intermediates.noindex/ArchiveIntermediates/App/IntermediateBuildFilesPath/Pods.build/Release-iphoneos/CapacitorCordova.build/Cordova.hmap (in target 'CapacitorCordova' from project 'Pods')
    cd /Users/lekiaprosper/Documents/Dev/Connectize/Connectize-Frontend/ios/App/Pods
    write-file /Users/lekiaprosper/Library/Developer/Xcode/DerivedData/App-bmeqrztakkzxpkcqfdhhsyyyzbjg/Build/Intermediates.noindex/ArchiveIntermediates/App/IntermediateBuildFilesPath/Pods.build/Release-iphoneos/CapacitorCordova.build/Cordova.hmap

WriteAuxiliaryFile /Users/lekiaprosper/Library/Developer/Xcode/DerivedData/App-bmeqrztakkzxpkcqfdhhsyyyzbjg/Build/Intermediates.noindex/ArchiveIntermediates/App/IntermediateBuildFilesPath/Pods.build/Release-iphoneos/CapacitorCordova.build/Cordova.DependencyStaticMetadataFileList (in target 'CapacitorCordova' from project 'Pods')
    cd /Users/lekiaprosper/Documents/Dev/Connectize/Connectize-Frontend/ios/App/Pods
    write-file /Users/lekiaprosper/Library/Developer/Xcode/DerivedData/App-bmeqrztakkzxpkcqfdhhsyyyzbjg/Build/Intermediates.noindex/ArchiveIntermediates/App/IntermediateBuildFilesPath/Pods.build/Release-iphoneos/CapacitorCordova.build/Cordova.DependencyStaticMetadataFileList

WriteAuxiliaryFile /Users/lekiaprosper/Library/Developer/Xcode/DerivedData/App-bmeqrztakkzxpkcqfdhhsyyyzbjg/Build/Intermediates.noindex/ArchiveIntermediates/App/IntermediateBuildFilesPath/Pods.build/Release-iphoneos/CapacitorCordova.build/Cordova.DependencyMetadataFileList (in target 'CapacitorCordova' from project 'Pods')
    cd /Users/lekiaprosper/Documents/Dev/Connectize/Connectize-Frontend/ios/App/Pods
    write-file /Users/lekiaprosper/Library/Developer/Xcode/DerivedData/App-bmeqrztakkzxpkcqfdhhsyyyzbjg/Build/Intermediates.noindex/ArchiveIntermediates/App/IntermediateBuildFilesPath/Pods.build/Release-iphoneos/CapacitorCordova.build/Cordova.DependencyMetadataFileList

WriteAuxiliaryFile /Users/lekiaprosper/Library/Developer/Xcode/DerivedData/App-bmeqrztakkzxpkcqfdhhsyyyzbjg/Build/Intermediates.noindex/ArchiveIntermediates/App/IntermediateBuildFilesPath/Pods.build/Release-iphoneos/CapacitorCordova.build/Cordova-project-headers.hmap (in target 'CapacitorCordova' from project 'Pods')
    cd /Users/lekiaprosper/Documents/Dev/Connectize/Connectize-Frontend/ios/App/Pods
    write-file /Users/lekiaprosper/Library/Developer/Xcode/DerivedData/App-bmeqrztakkzxpkcqfdhhsyyyzbjg/Build/Intermediates.noindex/ArchiveIntermediates/App/IntermediateBuildFilesPath/Pods.build/Release-iphoneos/CapacitorCordova.build/Cordova-project-headers.hmap

Copy /Users/lekiaprosper/Library/Developer/Xcode/DerivedData/App-bmeqrztakkzxpkcqfdhhsyyyzbjg/Build/Intermediates.noindex/ArchiveIntermediates/App/IntermediateBuildFilesPath/UninstalledProducts/iphoneos/CapacitorSplashScreen.framework/Modules/module.modulemap /Users/lekiaprosper/Library/Developer/Xcode/DerivedData/App-bmeqrztakkzxpkcqfdhhsyyyzbjg/Build/Intermediates.noindex/ArchiveIntermediates/App/IntermediateBuildFilesPath/Pods.build/Release-iphoneos/CapacitorSplashScreen.build/module.modulemap (in target 'CapacitorSplashScreen' from project 'Pods')
    cd /Users/lekiaprosper/Documents/Dev/Connectize/Connectize-Frontend/ios/App/Pods
    builtin-copy -exclude .DS_Store -exclude CVS -exclude .svn -exclude .git -exclude .hg -resolve-src-symlinks /Users/lekiaprosper/Library/Developer/Xcode/DerivedData/App-bmeqrztakkzxpkcqfdhhsyyyzbjg/Build/Intermediates.noindex/ArchiveIntermediates/App/IntermediateBuildFilesPath/Pods.build/Release-iphoneos/CapacitorSplashScreen.build/module.modulemap /Users/lekiaprosper/Library/Developer/Xcode/DerivedData/App-bmeqrztakkzxpkcqfdhhsyyyzbjg/Build/Intermediates.noindex/ArchiveIntermediates/App/IntermediateBuildFilesPath/UninstalledProducts/iphoneos/CapacitorSplashScreen.framework/Modules

WriteAuxiliaryFile /Users/lekiaprosper/Library/Developer/Xcode/DerivedData/App-bmeqrztakkzxpkcqfdhhsyyyzbjg/Build/Intermediates.noindex/ArchiveIntermediates/App/IntermediateBuildFilesPath/Pods.build/Release-iphoneos/CapacitorCordova.build/Cordova-own-target-headers.hmap (in target 'CapacitorCordova' from project 'Pods')
    cd /Users/lekiaprosper/Documents/Dev/Connectize/Connectize-Frontend/ios/App/Pods
    write-file /Users/lekiaprosper/Library/Developer/Xcode/DerivedData/App-bmeqrztakkzxpkcqfdhhsyyyzbjg/Build/Intermediates.noindex/ArchiveIntermediates/App/IntermediateBuildFilesPath/Pods.build/Release-iphoneos/CapacitorCordova.build/Cordova-own-target-headers.hmap

WriteAuxiliaryFile /Users/lekiaprosper/Library/Developer/Xcode/DerivedData/App-bmeqrztakkzxpkcqfdhhsyyyzbjg/Build/Intermediates.noindex/ArchiveIntermediates/App/IntermediateBuildFilesPath/Pods.build/Release-iphoneos/CapacitorCordova.build/Cordova-diagnostic-filename-map.json (in target 'CapacitorCordova' from project 'Pods')
    cd /Users/lekiaprosper/Documents/Dev/Connectize/Connectize-Frontend/ios/App/Pods
    write-file /Users/lekiaprosper/Library/Developer/Xcode/DerivedData/App-bmeqrztakkzxpkcqfdhhsyyyzbjg/Build/Intermediates.noindex/ArchiveIntermediates/App/IntermediateBuildFilesPath/Pods.build/Release-iphoneos/CapacitorCordova.build/Cordova-diagnostic-filename-map.json

WriteAuxiliaryFile /Users/lekiaprosper/Library/Developer/Xcode/DerivedData/App-bmeqrztakkzxpkcqfdhhsyyyzbjg/Build/Intermediates.noindex/ArchiveIntermediates/App/IntermediateBuildFilesPath/Pods.build/Release-iphoneos/CapacitorCordova.build/Cordova-generated-files.hmap (in target 'CapacitorCordova' from project 'Pods')
    cd /Users/lekiaprosper/Documents/Dev/Connectize/Connectize-Frontend/ios/App/Pods
    write-file /Users/lekiaprosper/Library/Developer/Xcode/DerivedData/App-bmeqrztakkzxpkcqfdhhsyyyzbjg/Build/Intermediates.noindex/ArchiveIntermediates/App/IntermediateBuildFilesPath/Pods.build/Release-iphoneos/CapacitorCordova.build/Cordova-generated-files.hmap

WriteAuxiliaryFile /Users/lekiaprosper/Library/Developer/Xcode/DerivedData/App-bmeqrztakkzxpkcqfdhhsyyyzbjg/Build/Intermediates.noindex/ArchiveIntermediates/App/IntermediateBuildFilesPath/Pods.build/Release-iphoneos/CapacitorCordova.build/Cordova-all-target-headers.hmap (in target 'CapacitorCordova' from project 'Pods')
    cd /Users/lekiaprosper/Documents/Dev/Connectize/Connectize-Frontend/ios/App/Pods
    write-file /Users/lekiaprosper/Library/Developer/Xcode/DerivedData/App-bmeqrztakkzxpkcqfdhhsyyyzbjg/Build/Intermediates.noindex/ArchiveIntermediates/App/IntermediateBuildFilesPath/Pods.build/Release-iphoneos/CapacitorCordova.build/Cordova-all-target-headers.hmap

WriteAuxiliaryFile /Users/lekiaprosper/Library/Developer/Xcode/DerivedData/App-bmeqrztakkzxpkcqfdhhsyyyzbjg/Build/Intermediates.noindex/ArchiveIntermediates/App/IntermediateBuildFilesPath/Pods.build/Release-iphoneos/CapacitorCordova.build/Cordova-all-non-framework-target-headers.hmap (in target 'CapacitorCordova' from project 'Pods')
    cd /Users/lekiaprosper/Documents/Dev/Connectize/Connectize-Frontend/ios/App/Pods
    write-file /Users/lekiaprosper/Library/Developer/Xcode/DerivedData/App-bmeqrztakkzxpkcqfdhhsyyyzbjg/Build/Intermediates.noindex/ArchiveIntermediates/App/IntermediateBuildFilesPath/Pods.build/Release-iphoneos/CapacitorCordova.build/Cordova-all-non-framework-target-headers.hmap

CpHeader /Users/lekiaprosper/Library/Developer/Xcode/DerivedData/App-bmeqrztakkzxpkcqfdhhsyyyzbjg/Build/Intermediates.noindex/ArchiveIntermediates/App/IntermediateBuildFilesPath/UninstalledProducts/iphoneos/Cordova.framework/Headers/CDVViewController.h /Users/lekiaprosper/Documents/Dev/Connectize/Connectize-Frontend/node_modules/@capacitor/ios/CapacitorCordova/CapacitorCordova/Classes/Public/CDVViewController.h (in target 'CapacitorCordova' from project 'Pods')
    cd /Users/lekiaprosper/Documents/Dev/Connectize/Connectize-Frontend/ios/App/Pods
    builtin-copy -exclude .DS_Store -exclude CVS -exclude .svn -exclude .git -exclude .hg -resolve-src-symlinks /Users/lekiaprosper/Documents/Dev/Connectize/Connectize-Frontend/node_modules/@capacitor/ios/CapacitorCordova/CapacitorCordova/Classes/Public/CDVViewController.h /Users/lekiaprosper/Library/Developer/Xcode/DerivedData/App-bmeqrztakkzxpkcqfdhhsyyyzbjg/Build/Intermediates.noindex/ArchiveIntermediates/App/IntermediateBuildFilesPath/UninstalledProducts/iphoneos/Cordova.framework/Headers

CpHeader /Users/lekiaprosper/Library/Developer/Xcode/DerivedData/App-bmeqrztakkzxpkcqfdhhsyyyzbjg/Build/Intermediates.noindex/ArchiveIntermediates/App/IntermediateBuildFilesPath/UninstalledProducts/iphoneos/Cordova.framework/Headers/CapacitorCordova.h /Users/lekiaprosper/Documents/Dev/Connectize/Connectize-Frontend/node_modules/@capacitor/ios/CapacitorCordova/CapacitorCordova/CapacitorCordova.h (in target 'CapacitorCordova' from project 'Pods')
    cd /Users/lekiaprosper/Documents/Dev/Connectize/Connectize-Frontend/ios/App/Pods
    builtin-copy -exclude .DS_Store -exclude CVS -exclude .svn -exclude .git -exclude .hg -resolve-src-symlinks /Users/lekiaprosper/Documents/Dev/Connectize/Connectize-Frontend/node_modules/@capacitor/ios/CapacitorCordova/CapacitorCordova/CapacitorCordova.h /Users/lekiaprosper/Library/Developer/Xcode/DerivedData/App-bmeqrztakkzxpkcqfdhhsyyyzbjg/Build/Intermediates.noindex/ArchiveIntermediates/App/IntermediateBuildFilesPath/UninstalledProducts/iphoneos/Cordova.framework/Headers

CpHeader /Users/lekiaprosper/Library/Developer/Xcode/DerivedData/App-bmeqrztakkzxpkcqfdhhsyyyzbjg/Build/Intermediates.noindex/ArchiveIntermediates/App/IntermediateBuildFilesPath/UninstalledProducts/iphoneos/Cordova.framework/Headers/CDVScreenOrientationDelegate.h /Users/lekiaprosper/Documents/Dev/Connectize/Connectize-Frontend/node_modules/@capacitor/ios/CapacitorCordova/CapacitorCordova/Classes/Public/CDVScreenOrientationDelegate.h (in target 'CapacitorCordova' from project 'Pods')
    cd /Users/lekiaprosper/Documents/Dev/Connectize/Connectize-Frontend/ios/App/Pods
    builtin-copy -exclude .DS_Store -exclude CVS -exclude .svn -exclude .git -exclude .hg -resolve-src-symlinks /Users/lekiaprosper/Documents/Dev/Connectize/Connectize-Frontend/node_modules/@capacitor/ios/CapacitorCordova/CapacitorCordova/Classes/Public/CDVScreenOrientationDelegate.h /Users/lekiaprosper/Library/Developer/Xcode/DerivedData/App-bmeqrztakkzxpkcqfdhhsyyyzbjg/Build/Intermediates.noindex/ArchiveIntermediates/App/IntermediateBuildFilesPath/UninstalledProducts/iphoneos/Cordova.framework/Headers

CpHeader /Users/lekiaprosper/Library/Developer/Xcode/DerivedData/App-bmeqrztakkzxpkcqfdhhsyyyzbjg/Build/Intermediates.noindex/ArchiveIntermediates/App/IntermediateBuildFilesPath/UninstalledProducts/iphoneos/Cordova.framework/Headers/CDVWebViewProcessPoolFactory.h /Users/lekiaprosper/Documents/Dev/Connectize/Connectize-Frontend/node_modules/@capacitor/ios/CapacitorCordova/CapacitorCordova/Classes/Public/CDVWebViewProcessPoolFactory.h (in target 'CapacitorCordova' from project 'Pods')
    cd /Users/lekiaprosper/Documents/Dev/Connectize/Connectize-Frontend/ios/App/Pods
    builtin-copy -exclude .DS_Store -exclude CVS -exclude .svn -exclude .git -exclude .hg -resolve-src-symlinks /Users/lekiaprosper/Documents/Dev/Connectize/Connectize-Frontend/node_modules/@capacitor/ios/CapacitorCordova/CapacitorCordova/Classes/Public/CDVWebViewProcessPoolFactory.h /Users/lekiaprosper/Library/Developer/Xcode/DerivedData/App-bmeqrztakkzxpkcqfdhhsyyyzbjg/Build/Intermediates.noindex/ArchiveIntermediates/App/IntermediateBuildFilesPath/UninstalledProducts/iphoneos/Cordova.framework/Headers

CpHeader /Users/lekiaprosper/Library/Developer/Xcode/DerivedData/App-bmeqrztakkzxpkcqfdhhsyyyzbjg/Build/Intermediates.noindex/ArchiveIntermediates/App/IntermediateBuildFilesPath/UninstalledProducts/iphoneos/Cordova.framework/Headers/NSDictionary+CordovaPreferences.h /Users/lekiaprosper/Documents/Dev/Connectize/Connectize-Frontend/node_modules/@capacitor/ios/CapacitorCordova/CapacitorCordova/Classes/Public/NSDictionary+CordovaPreferences.h (in target 'CapacitorCordova' from project 'Pods')
    cd /Users/lekiaprosper/Documents/Dev/Connectize/Connectize-Frontend/ios/App/Pods
    builtin-copy -exclude .DS_Store -exclude CVS -exclude .svn -exclude .git -exclude .hg -resolve-src-symlinks /Users/lekiaprosper/Documents/Dev/Connectize/Connectize-Frontend/node_modules/@capacitor/ios/CapacitorCordova/CapacitorCordova/Classes/Public/NSDictionary+CordovaPreferences.h /Users/lekiaprosper/Library/Developer/Xcode/DerivedData/App-bmeqrztakkzxpkcqfdhhsyyyzbjg/Build/Intermediates.noindex/ArchiveIntermediates/App/IntermediateBuildFilesPath/UninstalledProducts/iphoneos/Cordova.framework/Headers

CpHeader /Users/lekiaprosper/Library/Developer/Xcode/DerivedData/App-bmeqrztakkzxpkcqfdhhsyyyzbjg/Build/Intermediates.noindex/ArchiveIntermediates/App/IntermediateBuildFilesPath/UninstalledProducts/iphoneos/Cordova.framework/Headers/CDVURLProtocol.h /Users/lekiaprosper/Documents/Dev/Connectize/Connectize-Frontend/node_modules/@capacitor/ios/CapacitorCordova/CapacitorCordova/Classes/Public/CDVURLProtocol.h (in target 'CapacitorCordova' from project 'Pods')
    cd /Users/lekiaprosper/Documents/Dev/Connectize/Connectize-Frontend/ios/App/Pods
    builtin-copy -exclude .DS_Store -exclude CVS -exclude .svn -exclude .git -exclude .hg -resolve-src-symlinks /Users/lekiaprosper/Documents/Dev/Connectize/Connectize-Frontend/node_modules/@capacitor/ios/CapacitorCordova/CapacitorCordova/Classes/Public/CDVURLProtocol.h /Users/lekiaprosper/Library/Developer/Xcode/DerivedData/App-bmeqrztakkzxpkcqfdhhsyyyzbjg/Build/Intermediates.noindex/ArchiveIntermediates/App/IntermediateBuildFilesPath/UninstalledProducts/iphoneos/Cordova.framework/Headers

CpHeader /Users/lekiaprosper/Library/Developer/Xcode/DerivedData/App-bmeqrztakkzxpkcqfdhhsyyyzbjg/Build/Intermediates.noindex/ArchiveIntermediates/App/IntermediateBuildFilesPath/UninstalledProducts/iphoneos/Cordova.framework/Headers/CDVPluginResult.h /Users/lekiaprosper/Documents/Dev/Connectize/Connectize-Frontend/node_modules/@capacitor/ios/CapacitorCordova/CapacitorCordova/Classes/Public/CDVPluginResult.h (in target 'CapacitorCordova' from project 'Pods')
    cd /Users/lekiaprosper/Documents/Dev/Connectize/Connectize-Frontend/ios/App/Pods
    builtin-copy -exclude .DS_Store -exclude CVS -exclude .svn -exclude .git -exclude .hg -resolve-src-symlinks /Users/lekiaprosper/Documents/Dev/Connectize/Connectize-Frontend/node_modules/@capacitor/ios/CapacitorCordova/CapacitorCordova/Classes/Public/CDVPluginResult.h /Users/lekiaprosper/Library/Developer/Xcode/DerivedData/App-bmeqrztakkzxpkcqfdhhsyyyzbjg/Build/Intermediates.noindex/ArchiveIntermediates/App/IntermediateBuildFilesPath/UninstalledProducts/iphoneos/Cordova.framework/Headers

CpHeader /Users/lekiaprosper/Library/Developer/Xcode/DerivedData/App-bmeqrztakkzxpkcqfdhhsyyyzbjg/Build/Intermediates.noindex/ArchiveIntermediates/App/IntermediateBuildFilesPath/UninstalledProducts/iphoneos/Cordova.framework/Headers/CDVPluginManager.h /Users/lekiaprosper/Documents/Dev/Connectize/Connectize-Frontend/node_modules/@capacitor/ios/CapacitorCordova/CapacitorCordova/Classes/Public/CDVPluginManager.h (in target 'CapacitorCordova' from project 'Pods')
    cd /Users/lekiaprosper/Documents/Dev/Connectize/Connectize-Frontend/ios/App/Pods
    builtin-copy -exclude .DS_Store -exclude CVS -exclude .svn -exclude .git -exclude .hg -resolve-src-symlinks /Users/lekiaprosper/Documents/Dev/Connectize/Connectize-Frontend/node_modules/@capacitor/ios/CapacitorCordova/CapacitorCordova/Classes/Public/CDVPluginManager.h /Users/lekiaprosper/Library/Developer/Xcode/DerivedData/App-bmeqrztakkzxpkcqfdhhsyyyzbjg/Build/Intermediates.noindex/ArchiveIntermediates/App/IntermediateBuildFilesPath/UninstalledProducts/iphoneos/Cordova.framework/Headers

CpHeader /Users/lekiaprosper/Library/Developer/Xcode/DerivedData/App-bmeqrztakkzxpkcqfdhhsyyyzbjg/Build/Intermediates.noindex/ArchiveIntermediates/App/IntermediateBuildFilesPath/UninstalledProducts/iphoneos/Cordova.framework/Headers/CDVPlugin.h /Users/lekiaprosper/Documents/Dev/Connectize/Connectize-Frontend/node_modules/@capacitor/ios/CapacitorCordova/CapacitorCordova/Classes/Public/CDVPlugin.h (in target 'CapacitorCordova' from project 'Pods')
    cd /Users/lekiaprosper/Documents/Dev/Connectize/Connectize-Frontend/ios/App/Pods
    builtin-copy -exclude .DS_Store -exclude CVS -exclude .svn -exclude .git -exclude .hg -resolve-src-symlinks /Users/lekiaprosper/Documents/Dev/Connectize/Connectize-Frontend/node_modules/@capacitor/ios/CapacitorCordova/CapacitorCordova/Classes/Public/CDVPlugin.h /Users/lekiaprosper/Library/Developer/Xcode/DerivedData/App-bmeqrztakkzxpkcqfdhhsyyyzbjg/Build/Intermediates.noindex/ArchiveIntermediates/App/IntermediateBuildFilesPath/UninstalledProducts/iphoneos/Cordova.framework/Headers

CpHeader /Users/lekiaprosper/Library/Developer/Xcode/DerivedData/App-bmeqrztakkzxpkcqfdhhsyyyzbjg/Build/Intermediates.noindex/ArchiveIntermediates/App/IntermediateBuildFilesPath/UninstalledProducts/iphoneos/Cordova.framework/Headers/CDVPlugin+Resources.h /Users/lekiaprosper/Documents/Dev/Connectize/Connectize-Frontend/node_modules/@capacitor/ios/CapacitorCordova/CapacitorCordova/Classes/Public/CDVPlugin+Resources.h (in target 'CapacitorCordova' from project 'Pods')
    cd /Users/lekiaprosper/Documents/Dev/Connectize/Connectize-Frontend/ios/App/Pods
    builtin-copy -exclude .DS_Store -exclude CVS -exclude .svn -exclude .git -exclude .hg -resolve-src-symlinks /Users/lekiaprosper/Documents/Dev/Connectize/Connectize-Frontend/node_modules/@capacitor/ios/CapacitorCordova/CapacitorCordova/Classes/Public/CDVPlugin+Resources.h /Users/lekiaprosper/Library/Developer/Xcode/DerivedData/App-bmeqrztakkzxpkcqfdhhsyyyzbjg/Build/Intermediates.noindex/ArchiveIntermediates/App/IntermediateBuildFilesPath/UninstalledProducts/iphoneos/Cordova.framework/Headers

CpHeader /Users/lekiaprosper/Library/Developer/Xcode/DerivedData/App-bmeqrztakkzxpkcqfdhhsyyyzbjg/Build/Intermediates.noindex/ArchiveIntermediates/App/IntermediateBuildFilesPath/UninstalledProducts/iphoneos/Cordova.framework/Headers/CDVInvokedUrlCommand.h /Users/lekiaprosper/Documents/Dev/Connectize/Connectize-Frontend/node_modules/@capacitor/ios/CapacitorCordova/CapacitorCordova/Classes/Public/CDVInvokedUrlCommand.h (in target 'CapacitorCordova' from project 'Pods')
    cd /Users/lekiaprosper/Documents/Dev/Connectize/Connectize-Frontend/ios/App/Pods
    builtin-copy -exclude .DS_Store -exclude CVS -exclude .svn -exclude .git -exclude .hg -resolve-src-symlinks /Users/lekiaprosper/Documents/Dev/Connectize/Connectize-Frontend/node_modules/@capacitor/ios/CapacitorCordova/CapacitorCordova/Classes/Public/CDVInvokedUrlCommand.h /Users/lekiaprosper/Library/Developer/Xcode/DerivedData/App-bmeqrztakkzxpkcqfdhhsyyyzbjg/Build/Intermediates.noindex/ArchiveIntermediates/App/IntermediateBuildFilesPath/UninstalledProducts/iphoneos/Cordova.framework/Headers

CpHeader /Users/lekiaprosper/Library/Developer/Xcode/DerivedData/App-bmeqrztakkzxpkcqfdhhsyyyzbjg/Build/Intermediates.noindex/ArchiveIntermediates/App/IntermediateBuildFilesPath/UninstalledProducts/iphoneos/Cordova.framework/Headers/CDVConfigParser.h /Users/lekiaprosper/Documents/Dev/Connectize/Connectize-Frontend/node_modules/@capacitor/ios/CapacitorCordova/CapacitorCordova/Classes/Public/CDVConfigParser.h (in target 'CapacitorCordova' from project 'Pods')
    cd /Users/lekiaprosper/Documents/Dev/Connectize/Connectize-Frontend/ios/App/Pods
    builtin-copy -exclude .DS_Store -exclude CVS -exclude .svn -exclude .git -exclude .hg -resolve-src-symlinks /Users/lekiaprosper/Documents/Dev/Connectize/Connectize-Frontend/node_modules/@capacitor/ios/CapacitorCordova/CapacitorCordova/Classes/Public/CDVConfigParser.h /Users/lekiaprosper/Library/Developer/Xcode/DerivedData/App-bmeqrztakkzxpkcqfdhhsyyyzbjg/Build/Intermediates.noindex/ArchiveIntermediates/App/IntermediateBuildFilesPath/UninstalledProducts/iphoneos/Cordova.framework/Headers

CpHeader /Users/lekiaprosper/Library/Developer/Xcode/DerivedData/App-bmeqrztakkzxpkcqfdhhsyyyzbjg/Build/Intermediates.noindex/ArchiveIntermediates/App/IntermediateBuildFilesPath/UninstalledProducts/iphoneos/Cordova.framework/Headers/CDVCommandDelegateImpl.h /Users/lekiaprosper/Documents/Dev/Connectize/Connectize-Frontend/node_modules/@capacitor/ios/CapacitorCordova/CapacitorCordova/Classes/Public/CDVCommandDelegateImpl.h (in target 'CapacitorCordova' from project 'Pods')
    cd /Users/lekiaprosper/Documents/Dev/Connectize/Connectize-Frontend/ios/App/Pods
    builtin-copy -exclude .DS_Store -exclude CVS -exclude .svn -exclude .git -exclude .hg -resolve-src-symlinks /Users/lekiaprosper/Documents/Dev/Connectize/Connectize-Frontend/node_modules/@capacitor/ios/CapacitorCordova/CapacitorCordova/Classes/Public/CDVCommandDelegateImpl.h /Users/lekiaprosper/Library/Developer/Xcode/DerivedData/App-bmeqrztakkzxpkcqfdhhsyyyzbjg/Build/Intermediates.noindex/ArchiveIntermediates/App/IntermediateBuildFilesPath/UninstalledProducts/iphoneos/Cordova.framework/Headers

CpHeader /Users/lekiaprosper/Library/Developer/Xcode/DerivedData/App-bmeqrztakkzxpkcqfdhhsyyyzbjg/Build/Intermediates.noindex/ArchiveIntermediates/App/IntermediateBuildFilesPath/UninstalledProducts/iphoneos/Cordova.framework/Headers/CDVCommandDelegate.h /Users/lekiaprosper/Documents/Dev/Connectize/Connectize-Frontend/node_modules/@capacitor/ios/CapacitorCordova/CapacitorCordova/Classes/Public/CDVCommandDelegate.h (in target 'CapacitorCordova' from project 'Pods')
    cd /Users/lekiaprosper/Documents/Dev/Connectize/Connectize-Frontend/ios/App/Pods
    builtin-copy -exclude .DS_Store -exclude CVS -exclude .svn -exclude .git -exclude .hg -resolve-src-symlinks /Users/lekiaprosper/Documents/Dev/Connectize/Connectize-Frontend/node_modules/@capacitor/ios/CapacitorCordova/CapacitorCordova/Classes/Public/CDVCommandDelegate.h /Users/lekiaprosper/Library/Developer/Xcode/DerivedData/App-bmeqrztakkzxpkcqfdhhsyyyzbjg/Build/Intermediates.noindex/ArchiveIntermediates/App/IntermediateBuildFilesPath/UninstalledProducts/iphoneos/Cordova.framework/Headers

CpHeader /Users/lekiaprosper/Library/Developer/Xcode/DerivedData/App-bmeqrztakkzxpkcqfdhhsyyyzbjg/Build/Intermediates.noindex/ArchiveIntermediates/App/IntermediateBuildFilesPath/UninstalledProducts/iphoneos/Cordova.framework/Headers/CDVAvailability.h /Users/lekiaprosper/Documents/Dev/Connectize/Connectize-Frontend/node_modules/@capacitor/ios/CapacitorCordova/CapacitorCordova/Classes/Public/CDVAvailability.h (in target 'CapacitorCordova' from project 'Pods')
    cd /Users/lekiaprosper/Documents/Dev/Connectize/Connectize-Frontend/ios/App/Pods
    builtin-copy -exclude .DS_Store -exclude CVS -exclude .svn -exclude .git -exclude .hg -resolve-src-symlinks /Users/lekiaprosper/Documents/Dev/Connectize/Connectize-Frontend/node_modules/@capacitor/ios/CapacitorCordova/CapacitorCordova/Classes/Public/CDVAvailability.h /Users/lekiaprosper/Library/Developer/Xcode/DerivedData/App-bmeqrztakkzxpkcqfdhhsyyyzbjg/Build/Intermediates.noindex/ArchiveIntermediates/App/IntermediateBuildFilesPath/UninstalledProducts/iphoneos/Cordova.framework/Headers

CpHeader /Users/lekiaprosper/Library/Developer/Xcode/DerivedData/App-bmeqrztakkzxpkcqfdhhsyyyzbjg/Build/Intermediates.noindex/ArchiveIntermediates/App/IntermediateBuildFilesPath/UninstalledProducts/iphoneos/Cordova.framework/Headers/CDV.h /Users/lekiaprosper/Documents/Dev/Connectize/Connectize-Frontend/node_modules/@capacitor/ios/CapacitorCordova/CapacitorCordova/Classes/Public/CDV.h (in target 'CapacitorCordova' from project 'Pods')
    cd /Users/lekiaprosper/Documents/Dev/Connectize/Connectize-Frontend/ios/App/Pods
    builtin-copy -exclude .DS_Store -exclude CVS -exclude .svn -exclude .git -exclude .hg -resolve-src-symlinks /Users/lekiaprosper/Documents/Dev/Connectize/Connectize-Frontend/node_modules/@capacitor/ios/CapacitorCordova/CapacitorCordova/Classes/Public/CDV.h /Users/lekiaprosper/Library/Developer/Xcode/DerivedData/App-bmeqrztakkzxpkcqfdhhsyyyzbjg/Build/Intermediates.noindex/ArchiveIntermediates/App/IntermediateBuildFilesPath/UninstalledProducts/iphoneos/Cordova.framework/Headers

CpHeader /Users/lekiaprosper/Library/Developer/Xcode/DerivedData/App-bmeqrztakkzxpkcqfdhhsyyyzbjg/Build/Intermediates.noindex/ArchiveIntermediates/App/IntermediateBuildFilesPath/UninstalledProducts/iphoneos/Cordova.framework/Headers/AppDelegate.h /Users/lekiaprosper/Documents/Dev/Connectize/Connectize-Frontend/node_modules/@capacitor/ios/CapacitorCordova/CapacitorCordova/Classes/Public/AppDelegate.h (in target 'CapacitorCordova' from project 'Pods')
    cd /Users/lekiaprosper/Documents/Dev/Connectize/Connectize-Frontend/ios/App/Pods
    builtin-copy -exclude .DS_Store -exclude CVS -exclude .svn -exclude .git -exclude .hg -resolve-src-symlinks /Users/lekiaprosper/Documents/Dev/Connectize/Connectize-Frontend/node_modules/@capacitor/ios/CapacitorCordova/CapacitorCordova/Classes/Public/AppDelegate.h /Users/lekiaprosper/Library/Developer/Xcode/DerivedData/App-bmeqrztakkzxpkcqfdhhsyyyzbjg/Build/Intermediates.noindex/ArchiveIntermediates/App/IntermediateBuildFilesPath/UninstalledProducts/iphoneos/Cordova.framework/Headers

Copy /Users/lekiaprosper/Library/Developer/Xcode/DerivedData/App-bmeqrztakkzxpkcqfdhhsyyyzbjg/Build/Intermediates.noindex/ArchiveIntermediates/App/IntermediateBuildFilesPath/Pods.build/Release-iphoneos/CapacitorCordova.build/module.modulemap /Users/lekiaprosper/Documents/Dev/Connectize/Connectize-Frontend/ios/App/Pods/Target\ Support\ Files/CapacitorCordova/CapacitorCordova.modulemap (in target 'CapacitorCordova' from project 'Pods')
    cd /Users/lekiaprosper/Documents/Dev/Connectize/Connectize-Frontend/ios/App/Pods
    builtin-copy -exclude .DS_Store -exclude CVS -exclude .svn -exclude .git -exclude .hg -resolve-src-symlinks -rename /Users/lekiaprosper/Documents/Dev/Connectize/Connectize-Frontend/ios/App/Pods/Target\ Support\ Files/CapacitorCordova/CapacitorCordova.modulemap /Users/lekiaprosper/Library/Developer/Xcode/DerivedData/App-bmeqrztakkzxpkcqfdhhsyyyzbjg/Build/Intermediates.noindex/ArchiveIntermediates/App/IntermediateBuildFilesPath/Pods.build/Release-iphoneos/CapacitorCordova.build/module.modulemap

WriteAuxiliaryFile /Users/lekiaprosper/Library/Developer/Xcode/DerivedData/App-bmeqrztakkzxpkcqfdhhsyyyzbjg/Build/Intermediates.noindex/ArchiveIntermediates/App/IntermediateBuildFilesPath/Pods.build/Release-iphoneos/Capacitor.build/unextended-module-overlay.yaml (in target 'Capacitor' from project 'Pods')
    cd /Users/lekiaprosper/Documents/Dev/Connectize/Connectize-Frontend/ios/App/Pods
    write-file /Users/lekiaprosper/Library/Developer/Xcode/DerivedData/App-bmeqrztakkzxpkcqfdhhsyyyzbjg/Build/Intermediates.noindex/ArchiveIntermediates/App/IntermediateBuildFilesPath/Pods.build/Release-iphoneos/Capacitor.build/unextended-module-overlay.yaml

WriteAuxiliaryFile /Users/lekiaprosper/Library/Developer/Xcode/DerivedData/App-bmeqrztakkzxpkcqfdhhsyyyzbjg/Build/Intermediates.noindex/ArchiveIntermediates/App/IntermediateBuildFilesPath/Pods.build/Release-iphoneos/Capacitor.build/unextended-module-swiftunextension.modulemap (in target 'Capacitor' from project 'Pods')
    cd /Users/lekiaprosper/Documents/Dev/Connectize/Connectize-Frontend/ios/App/Pods
    write-file /Users/lekiaprosper/Library/Developer/Xcode/DerivedData/App-bmeqrztakkzxpkcqfdhhsyyyzbjg/Build/Intermediates.noindex/ArchiveIntermediates/App/IntermediateBuildFilesPath/Pods.build/Release-iphoneos/Capacitor.build/unextended-module-swiftunextension.modulemap

WriteAuxiliaryFile /Users/lekiaprosper/Library/Developer/Xcode/DerivedData/App-bmeqrztakkzxpkcqfdhhsyyyzbjg/Build/Intermediates.noindex/ArchiveIntermediates/App/IntermediateBuildFilesPath/Pods.build/Release-iphoneos/Capacitor.build/module-swiftextension.modulemap (in target 'Capacitor' from project 'Pods')
    cd /Users/lekiaprosper/Documents/Dev/Connectize/Connectize-Frontend/ios/App/Pods
    write-file /Users/lekiaprosper/Library/Developer/Xcode/DerivedData/App-bmeqrztakkzxpkcqfdhhsyyyzbjg/Build/Intermediates.noindex/ArchiveIntermediates/App/IntermediateBuildFilesPath/Pods.build/Release-iphoneos/Capacitor.build/module-swiftextension.modulemap

WriteAuxiliaryFile /Users/lekiaprosper/Library/Developer/Xcode/DerivedData/App-bmeqrztakkzxpkcqfdhhsyyyzbjg/Build/Intermediates.noindex/ArchiveIntermediates/App/IntermediateBuildFilesPath/Pods.build/Release-iphoneos/Capacitor.build/Objects-normal/arm64/Capacitor_const_extract_protocols.json (in target 'Capacitor' from project 'Pods')
    cd /Users/lekiaprosper/Documents/Dev/Connectize/Connectize-Frontend/ios/App/Pods
    write-file /Users/lekiaprosper/Library/Developer/Xcode/DerivedData/App-bmeqrztakkzxpkcqfdhhsyyyzbjg/Build/Intermediates.noindex/ArchiveIntermediates/App/IntermediateBuildFilesPath/Pods.build/Release-iphoneos/Capacitor.build/Objects-normal/arm64/Capacitor_const_extract_protocols.json

WriteAuxiliaryFile /Users/lekiaprosper/Library/Developer/Xcode/DerivedData/App-bmeqrztakkzxpkcqfdhhsyyyzbjg/Build/Intermediates.noindex/ArchiveIntermediates/App/IntermediateBuildFilesPath/Pods.build/Release-iphoneos/Capacitor.build/Objects-normal/arm64/e6072d4f65d7061329687fe24e3d63a7-common-args.resp (in target 'Capacitor' from project 'Pods')
    cd /Users/lekiaprosper/Documents/Dev/Connectize/Connectize-Frontend/ios/App/Pods
    write-file /Users/lekiaprosper/Library/Developer/Xcode/DerivedData/App-bmeqrztakkzxpkcqfdhhsyyyzbjg/Build/Intermediates.noindex/ArchiveIntermediates/App/IntermediateBuildFilesPath/Pods.build/Release-iphoneos/Capacitor.build/Objects-normal/arm64/e6072d4f65d7061329687fe24e3d63a7-common-args.resp
-target arm64-apple-ios14.0 '-std=gnu11' -fobjc-arc -fmodules -gmodules '-fmodules-cache-path=/Users/lekiaprosper/Library/Developer/Xcode/DerivedData/ModuleCache.noindex' '-fmodule-name=Capacitor' -fpascal-strings -Os -fno-common '-DPOD_CONFIGURATION_RELEASE=1' '-DCOCOAPODS=1' '-DNS_BLOCK_ASSERTIONS=1' '-DOBJC_OLD_DISPATCH_PROTOTYPES=0' -isysroot /Applications/Xcode.app/Contents/Developer/Platforms/iPhoneOS.platform/Developer/SDKs/iPhoneOS26.0.sdk -g -iquote /Users/lekiaprosper/Library/Developer/Xcode/DerivedData/App-bmeqrztakkzxpkcqfdhhsyyyzbjg/Build/Intermediates.noindex/ArchiveIntermediates/App/IntermediateBuildFilesPath/Pods.build/Release-iphoneos/Capacitor.build/Capacitor-generated-files.hmap -I/Users/lekiaprosper/Library/Developer/Xcode/DerivedData/App-bmeqrztakkzxpkcqfdhhsyyyzbjg/Build/Intermediates.noindex/ArchiveIntermediates/App/IntermediateBuildFilesPath/Pods.build/Release-iphoneos/Capacitor.build/Capacitor-own-target-headers.hmap -I/Users/lekiaprosper/Library/Developer/Xcode/DerivedData/App-bmeqrztakkzxpkcqfdhhsyyyzbjg/Build/Intermediates.noindex/ArchiveIntermediates/App/IntermediateBuildFilesPath/Pods.build/Release-iphoneos/Capacitor.build/Capacitor-all-non-framework-target-headers.hmap -ivfsoverlay /Users/lekiaprosper/Library/Developer/Xcode/DerivedData/App-bmeqrztakkzxpkcqfdhhsyyyzbjg/Build/Intermediates.noindex/ArchiveIntermediates/App/IntermediateBuildFilesPath/Pods.build/Release-iphoneos/Pods-8699adb1dd336b26511df848a716bd42-VFS-iphoneos/all-product-headers.yaml -iquote /Users/lekiaprosper/Library/Developer/Xcode/DerivedData/App-bmeqrztakkzxpkcqfdhhsyyyzbjg/Build/Intermediates.noindex/ArchiveIntermediates/App/IntermediateBuildFilesPath/Pods.build/Release-iphoneos/Capacitor.build/Capacitor-project-headers.hmap -I/Users/lekiaprosper/Library/Developer/Xcode/DerivedData/App-bmeqrztakkzxpkcqfdhhsyyyzbjg/Build/Intermediates.noindex/ArchiveIntermediates/App/BuildProductsPath/Release-iphoneos/Capacitor/include -I/Users/lekiaprosper/Library/Developer/Xcode/DerivedData/App-bmeqrztakkzxpkcqfdhhsyyyzbjg/Build/Intermediates.noindex/ArchiveIntermediates/App/IntermediateBuildFilesPath/Pods.build/Release-iphoneos/Capacitor.build/DerivedSources-normal/arm64 -I/Users/lekiaprosper/Library/Developer/Xcode/DerivedData/App-bmeqrztakkzxpkcqfdhhsyyyzbjg/Build/Intermediates.noindex/ArchiveIntermediates/App/IntermediateBuildFilesPath/Pods.build/Release-iphoneos/Capacitor.build/DerivedSources/arm64 -I/Users/lekiaprosper/Library/Developer/Xcode/DerivedData/App-bmeqrztakkzxpkcqfdhhsyyyzbjg/Build/Intermediates.noindex/ArchiveIntermediates/App/IntermediateBuildFilesPath/Pods.build/Release-iphoneos/Capacitor.build/DerivedSources -F/Users/lekiaprosper/Library/Developer/Xcode/DerivedData/App-bmeqrztakkzxpkcqfdhhsyyyzbjg/Build/Intermediates.noindex/ArchiveIntermediates/App/BuildProductsPath/Release-iphoneos/Capacitor -F/Users/lekiaprosper/Library/Developer/Xcode/DerivedData/App-bmeqrztakkzxpkcqfdhhsyyyzbjg/Build/Intermediates.noindex/ArchiveIntermediates/App/BuildProductsPath/Release-iphoneos/CapacitorCordova

WriteAuxiliaryFile /Users/lekiaprosper/Library/Developer/Xcode/DerivedData/App-bmeqrztakkzxpkcqfdhhsyyyzbjg/Build/Intermediates.noindex/ArchiveIntermediates/App/IntermediateBuildFilesPath/Pods.build/Release-iphoneos/Capacitor.build/Objects-normal/arm64/Capacitor.SwiftFileList (in target 'Capacitor' from project 'Pods')
    cd /Users/lekiaprosper/Documents/Dev/Connectize/Connectize-Frontend/ios/App/Pods
    write-file /Users/lekiaprosper/Library/Developer/Xcode/DerivedData/App-bmeqrztakkzxpkcqfdhhsyyyzbjg/Build/Intermediates.noindex/ArchiveIntermediates/App/IntermediateBuildFilesPath/Pods.build/Release-iphoneos/Capacitor.build/Objects-normal/arm64/Capacitor.SwiftFileList

WriteAuxiliaryFile /Users/lekiaprosper/Library/Developer/Xcode/DerivedData/App-bmeqrztakkzxpkcqfdhhsyyyzbjg/Build/Intermediates.noindex/ArchiveIntermediates/App/IntermediateBuildFilesPath/Pods.build/Release-iphoneos/Capacitor.build/Objects-normal/arm64/Capacitor.SwiftConstValuesFileList (in target 'Capacitor' from project 'Pods')
    cd /Users/lekiaprosper/Documents/Dev/Connectize/Connectize-Frontend/ios/App/Pods
    write-file /Users/lekiaprosper/Library/Developer/Xcode/DerivedData/App-bmeqrztakkzxpkcqfdhhsyyyzbjg/Build/Intermediates.noindex/ArchiveIntermediates/App/IntermediateBuildFilesPath/Pods.build/Release-iphoneos/Capacitor.build/Objects-normal/arm64/Capacitor.SwiftConstValuesFileList

WriteAuxiliaryFile /Users/lekiaprosper/Library/Developer/Xcode/DerivedData/App-bmeqrztakkzxpkcqfdhhsyyyzbjg/Build/Intermediates.noindex/ArchiveIntermediates/App/IntermediateBuildFilesPath/Pods.build/Release-iphoneos/Capacitor.build/Objects-normal/arm64/Capacitor.LinkFileList (in target 'Capacitor' from project 'Pods')
    cd /Users/lekiaprosper/Documents/Dev/Connectize/Connectize-Frontend/ios/App/Pods
    write-file /Users/lekiaprosper/Library/Developer/Xcode/DerivedData/App-bmeqrztakkzxpkcqfdhhsyyyzbjg/Build/Intermediates.noindex/ArchiveIntermediates/App/IntermediateBuildFilesPath/Pods.build/Release-iphoneos/Capacitor.build/Objects-normal/arm64/Capacitor.LinkFileList

WriteAuxiliaryFile /Users/lekiaprosper/Library/Developer/Xcode/DerivedData/App-bmeqrztakkzxpkcqfdhhsyyyzbjg/Build/Intermediates.noindex/ArchiveIntermediates/App/IntermediateBuildFilesPath/Pods.build/Release-iphoneos/Capacitor.build/Objects-normal/arm64/Capacitor-OutputFileMap.json (in target 'Capacitor' from project 'Pods')
    cd /Users/lekiaprosper/Documents/Dev/Connectize/Connectize-Frontend/ios/App/Pods
    write-file /Users/lekiaprosper/Library/Developer/Xcode/DerivedData/App-bmeqrztakkzxpkcqfdhhsyyyzbjg/Build/Intermediates.noindex/ArchiveIntermediates/App/IntermediateBuildFilesPath/Pods.build/Release-iphoneos/Capacitor.build/Objects-normal/arm64/Capacitor-OutputFileMap.json

WriteAuxiliaryFile /Users/lekiaprosper/Library/Developer/Xcode/DerivedData/App-bmeqrztakkzxpkcqfdhhsyyyzbjg/Build/Intermediates.noindex/ArchiveIntermediates/App/IntermediateBuildFilesPath/Pods.build/Release-iphoneos/Capacitor.build/Objects-normal/arm64/7187679823f38a2a940e0043cdf9d637-common-args.resp (in target 'Capacitor' from project 'Pods')
    cd /Users/lekiaprosper/Documents/Dev/Connectize/Connectize-Frontend/ios/App/Pods
    write-file /Users/lekiaprosper/Library/Developer/Xcode/DerivedData/App-bmeqrztakkzxpkcqfdhhsyyyzbjg/Build/Intermediates.noindex/ArchiveIntermediates/App/IntermediateBuildFilesPath/Pods.build/Release-iphoneos/Capacitor.build/Objects-normal/arm64/7187679823f38a2a940e0043cdf9d637-common-args.resp
-target arm64-apple-ios14.0 '-std=gnu11' -fmodules -gmodules '-fmodules-cache-path=/Users/lekiaprosper/Library/Developer/Xcode/DerivedData/ModuleCache.noindex' '-fmodule-name=Capacitor' -fpascal-strings -Os -fno-common '-DPOD_CONFIGURATION_RELEASE=1' '-DCOCOAPODS=1' -isysroot /Applications/Xcode.app/Contents/Developer/Platforms/iPhoneOS.platform/Developer/SDKs/iPhoneOS26.0.sdk -g -iquote /Users/lekiaprosper/Library/Developer/Xcode/DerivedData/App-bmeqrztakkzxpkcqfdhhsyyyzbjg/Build/Intermediates.noindex/ArchiveIntermediates/App/IntermediateBuildFilesPath/Pods.build/Release-iphoneos/Capacitor.build/Capacitor-generated-files.hmap -I/Users/lekiaprosper/Library/Developer/Xcode/DerivedData/App-bmeqrztakkzxpkcqfdhhsyyyzbjg/Build/Intermediates.noindex/ArchiveIntermediates/App/IntermediateBuildFilesPath/Pods.build/Release-iphoneos/Capacitor.build/Capacitor-own-target-headers.hmap -I/Users/lekiaprosper/Library/Developer/Xcode/DerivedData/App-bmeqrztakkzxpkcqfdhhsyyyzbjg/Build/Intermediates.noindex/ArchiveIntermediates/App/IntermediateBuildFilesPath/Pods.build/Release-iphoneos/Capacitor.build/Capacitor-all-non-framework-target-headers.hmap -ivfsoverlay /Users/lekiaprosper/Library/Developer/Xcode/DerivedData/App-bmeqrztakkzxpkcqfdhhsyyyzbjg/Build/Intermediates.noindex/ArchiveIntermediates/App/IntermediateBuildFilesPath/Pods.build/Release-iphoneos/Pods-8699adb1dd336b26511df848a716bd42-VFS-iphoneos/all-product-headers.yaml -iquote /Users/lekiaprosper/Library/Developer/Xcode/DerivedData/App-bmeqrztakkzxpkcqfdhhsyyyzbjg/Build/Intermediates.noindex/ArchiveIntermediates/App/IntermediateBuildFilesPath/Pods.build/Release-iphoneos/Capacitor.build/Capacitor-project-headers.hmap -I/Users/lekiaprosper/Library/Developer/Xcode/DerivedData/App-bmeqrztakkzxpkcqfdhhsyyyzbjg/Build/Intermediates.noindex/ArchiveIntermediates/App/BuildProductsPath/Release-iphoneos/Capacitor/include -I/Users/lekiaprosper/Library/Developer/Xcode/DerivedData/App-bmeqrztakkzxpkcqfdhhsyyyzbjg/Build/Intermediates.noindex/ArchiveIntermediates/App/IntermediateBuildFilesPath/Pods.build/Release-iphoneos/Capacitor.build/DerivedSources-normal/arm64 -I/Users/lekiaprosper/Library/Developer/Xcode/DerivedData/App-bmeqrztakkzxpkcqfdhhsyyyzbjg/Build/Intermediates.noindex/ArchiveIntermediates/App/IntermediateBuildFilesPath/Pods.build/Release-iphoneos/Capacitor.build/DerivedSources/arm64 -I/Users/lekiaprosper/Library/Developer/Xcode/DerivedData/App-bmeqrztakkzxpkcqfdhhsyyyzbjg/Build/Intermediates.noindex/ArchiveIntermediates/App/IntermediateBuildFilesPath/Pods.build/Release-iphoneos/Capacitor.build/DerivedSources -F/Users/lekiaprosper/Library/Developer/Xcode/DerivedData/App-bmeqrztakkzxpkcqfdhhsyyyzbjg/Build/Intermediates.noindex/ArchiveIntermediates/App/BuildProductsPath/Release-iphoneos/Capacitor -F/Users/lekiaprosper/Library/Developer/Xcode/DerivedData/App-bmeqrztakkzxpkcqfdhhsyyyzbjg/Build/Intermediates.noindex/ArchiveIntermediates/App/BuildProductsPath/Release-iphoneos/CapacitorCordova

WriteAuxiliaryFile /Users/lekiaprosper/Library/Developer/Xcode/DerivedData/App-bmeqrztakkzxpkcqfdhhsyyyzbjg/Build/Intermediates.noindex/ArchiveIntermediates/App/IntermediateBuildFilesPath/Pods.build/Release-iphoneos/Capacitor.build/Capacitor.hmap (in target 'Capacitor' from project 'Pods')
    cd /Users/lekiaprosper/Documents/Dev/Connectize/Connectize-Frontend/ios/App/Pods
    write-file /Users/lekiaprosper/Library/Developer/Xcode/DerivedData/App-bmeqrztakkzxpkcqfdhhsyyyzbjg/Build/Intermediates.noindex/ArchiveIntermediates/App/IntermediateBuildFilesPath/Pods.build/Release-iphoneos/Capacitor.build/Capacitor.hmap

WriteAuxiliaryFile /Users/lekiaprosper/Library/Developer/Xcode/DerivedData/App-bmeqrztakkzxpkcqfdhhsyyyzbjg/Build/Intermediates.noindex/ArchiveIntermediates/App/IntermediateBuildFilesPath/Pods.build/Release-iphoneos/Capacitor.build/Capacitor.DependencyStaticMetadataFileList (in target 'Capacitor' from project 'Pods')
    cd /Users/lekiaprosper/Documents/Dev/Connectize/Connectize-Frontend/ios/App/Pods
    write-file /Users/lekiaprosper/Library/Developer/Xcode/DerivedData/App-bmeqrztakkzxpkcqfdhhsyyyzbjg/Build/Intermediates.noindex/ArchiveIntermediates/App/IntermediateBuildFilesPath/Pods.build/Release-iphoneos/Capacitor.build/Capacitor.DependencyStaticMetadataFileList

WriteAuxiliaryFile /Users/lekiaprosper/Library/Developer/Xcode/DerivedData/App-bmeqrztakkzxpkcqfdhhsyyyzbjg/Build/Intermediates.noindex/ArchiveIntermediates/App/IntermediateBuildFilesPath/Pods.build/Release-iphoneos/Capacitor.build/DerivedSources/Capacitor_vers.c (in target 'Capacitor' from project 'Pods')
    cd /Users/lekiaprosper/Documents/Dev/Connectize/Connectize-Frontend/ios/App/Pods
    write-file /Users/lekiaprosper/Library/Developer/Xcode/DerivedData/App-bmeqrztakkzxpkcqfdhhsyyyzbjg/Build/Intermediates.noindex/ArchiveIntermediates/App/IntermediateBuildFilesPath/Pods.build/Release-iphoneos/Capacitor.build/DerivedSources/Capacitor_vers.c

WriteAuxiliaryFile /Users/lekiaprosper/Library/Developer/Xcode/DerivedData/App-bmeqrztakkzxpkcqfdhhsyyyzbjg/Build/Intermediates.noindex/ArchiveIntermediates/App/IntermediateBuildFilesPath/Pods.build/Release-iphoneos/Capacitor.build/Capacitor.DependencyMetadataFileList (in target 'Capacitor' from project 'Pods')
    cd /Users/lekiaprosper/Documents/Dev/Connectize/Connectize-Frontend/ios/App/Pods
    write-file /Users/lekiaprosper/Library/Developer/Xcode/DerivedData/App-bmeqrztakkzxpkcqfdhhsyyyzbjg/Build/Intermediates.noindex/ArchiveIntermediates/App/IntermediateBuildFilesPath/Pods.build/Release-iphoneos/Capacitor.build/Capacitor.DependencyMetadataFileList

Copy /Users/lekiaprosper/Library/Developer/Xcode/DerivedData/App-bmeqrztakkzxpkcqfdhhsyyyzbjg/Build/Intermediates.noindex/ArchiveIntermediates/App/IntermediateBuildFilesPath/UninstalledProducts/iphoneos/Cordova.framework/Modules/module.modulemap /Users/lekiaprosper/Library/Developer/Xcode/DerivedData/App-bmeqrztakkzxpkcqfdhhsyyyzbjg/Build/Intermediates.noindex/ArchiveIntermediates/App/IntermediateBuildFilesPath/Pods.build/Release-iphoneos/CapacitorCordova.build/module.modulemap (in target 'CapacitorCordova' from project 'Pods')
    cd /Users/lekiaprosper/Documents/Dev/Connectize/Connectize-Frontend/ios/App/Pods
    builtin-copy -exclude .DS_Store -exclude CVS -exclude .svn -exclude .git -exclude .hg -resolve-src-symlinks /Users/lekiaprosper/Library/Developer/Xcode/DerivedData/App-bmeqrztakkzxpkcqfdhhsyyyzbjg/Build/Intermediates.noindex/ArchiveIntermediates/App/IntermediateBuildFilesPath/Pods.build/Release-iphoneos/CapacitorCordova.build/module.modulemap /Users/lekiaprosper/Library/Developer/Xcode/DerivedData/App-bmeqrztakkzxpkcqfdhhsyyyzbjg/Build/Intermediates.noindex/ArchiveIntermediates/App/IntermediateBuildFilesPath/UninstalledProducts/iphoneos/Cordova.framework/Modules

WriteAuxiliaryFile /Users/lekiaprosper/Library/Developer/Xcode/DerivedData/App-bmeqrztakkzxpkcqfdhhsyyyzbjg/Build/Intermediates.noindex/ArchiveIntermediates/App/IntermediateBuildFilesPath/Pods.build/Release-iphoneos/Capacitor.build/Capacitor-project-headers.hmap (in target 'Capacitor' from project 'Pods')
    cd /Users/lekiaprosper/Documents/Dev/Connectize/Connectize-Frontend/ios/App/Pods
    write-file /Users/lekiaprosper/Library/Developer/Xcode/DerivedData/App-bmeqrztakkzxpkcqfdhhsyyyzbjg/Build/Intermediates.noindex/ArchiveIntermediates/App/IntermediateBuildFilesPath/Pods.build/Release-iphoneos/Capacitor.build/Capacitor-project-headers.hmap

WriteAuxiliaryFile /Users/lekiaprosper/Library/Developer/Xcode/DerivedData/App-bmeqrztakkzxpkcqfdhhsyyyzbjg/Build/Intermediates.noindex/ArchiveIntermediates/App/IntermediateBuildFilesPath/Pods.build/Release-iphoneos/Capacitor.build/Capacitor-own-target-headers.hmap (in target 'Capacitor' from project 'Pods')
    cd /Users/lekiaprosper/Documents/Dev/Connectize/Connectize-Frontend/ios/App/Pods
    write-file /Users/lekiaprosper/Library/Developer/Xcode/DerivedData/App-bmeqrztakkzxpkcqfdhhsyyyzbjg/Build/Intermediates.noindex/ArchiveIntermediates/App/IntermediateBuildFilesPath/Pods.build/Release-iphoneos/Capacitor.build/Capacitor-own-target-headers.hmap

WriteAuxiliaryFile /Users/lekiaprosper/Library/Developer/Xcode/DerivedData/App-bmeqrztakkzxpkcqfdhhsyyyzbjg/Build/Intermediates.noindex/ArchiveIntermediates/App/IntermediateBuildFilesPath/Pods.build/Release-iphoneos/Capacitor.build/Capacitor-generated-files.hmap (in target 'Capacitor' from project 'Pods')
    cd /Users/lekiaprosper/Documents/Dev/Connectize/Connectize-Frontend/ios/App/Pods
    write-file /Users/lekiaprosper/Library/Developer/Xcode/DerivedData/App-bmeqrztakkzxpkcqfdhhsyyyzbjg/Build/Intermediates.noindex/ArchiveIntermediates/App/IntermediateBuildFilesPath/Pods.build/Release-iphoneos/Capacitor.build/Capacitor-generated-files.hmap

WriteAuxiliaryFile /Users/lekiaprosper/Library/Developer/Xcode/DerivedData/App-bmeqrztakkzxpkcqfdhhsyyyzbjg/Build/Intermediates.noindex/ArchiveIntermediates/App/IntermediateBuildFilesPath/Pods.build/Release-iphoneos/Capacitor.build/Capacitor-diagnostic-filename-map.json (in target 'Capacitor' from project 'Pods')
    cd /Users/lekiaprosper/Documents/Dev/Connectize/Connectize-Frontend/ios/App/Pods
    write-file /Users/lekiaprosper/Library/Developer/Xcode/DerivedData/App-bmeqrztakkzxpkcqfdhhsyyyzbjg/Build/Intermediates.noindex/ArchiveIntermediates/App/IntermediateBuildFilesPath/Pods.build/Release-iphoneos/Capacitor.build/Capacitor-diagnostic-filename-map.json

WriteAuxiliaryFile /Users/lekiaprosper/Library/Developer/Xcode/DerivedData/App-bmeqrztakkzxpkcqfdhhsyyyzbjg/Build/Intermediates.noindex/ArchiveIntermediates/App/IntermediateBuildFilesPath/Pods.build/Release-iphoneos/Capacitor.build/Capacitor-all-target-headers.hmap (in target 'Capacitor' from project 'Pods')
    cd /Users/lekiaprosper/Documents/Dev/Connectize/Connectize-Frontend/ios/App/Pods
    write-file /Users/lekiaprosper/Library/Developer/Xcode/DerivedData/App-bmeqrztakkzxpkcqfdhhsyyyzbjg/Build/Intermediates.noindex/ArchiveIntermediates/App/IntermediateBuildFilesPath/Pods.build/Release-iphoneos/Capacitor.build/Capacitor-all-target-headers.hmap

WriteAuxiliaryFile /Users/lekiaprosper/Library/Developer/Xcode/DerivedData/App-bmeqrztakkzxpkcqfdhhsyyyzbjg/Build/Intermediates.noindex/ArchiveIntermediates/App/IntermediateBuildFilesPath/Pods.build/Release-iphoneos/Capacitor.build/Capacitor-all-non-framework-target-headers.hmap (in target 'Capacitor' from project 'Pods')
    cd /Users/lekiaprosper/Documents/Dev/Connectize/Connectize-Frontend/ios/App/Pods
    write-file /Users/lekiaprosper/Library/Developer/Xcode/DerivedData/App-bmeqrztakkzxpkcqfdhhsyyyzbjg/Build/Intermediates.noindex/ArchiveIntermediates/App/IntermediateBuildFilesPath/Pods.build/Release-iphoneos/Capacitor.build/Capacitor-all-non-framework-target-headers.hmap

CpHeader /Users/lekiaprosper/Library/Developer/Xcode/DerivedData/App-bmeqrztakkzxpkcqfdhhsyyyzbjg/Build/Intermediates.noindex/ArchiveIntermediates/App/IntermediateBuildFilesPath/UninstalledProducts/iphoneos/Capacitor.framework/Headers/Capacitor.h /Users/lekiaprosper/Documents/Dev/Connectize/Connectize-Frontend/node_modules/@capacitor/ios/Capacitor/Capacitor/Capacitor.h (in target 'Capacitor' from project 'Pods')
    cd /Users/lekiaprosper/Documents/Dev/Connectize/Connectize-Frontend/ios/App/Pods
    builtin-copy -exclude .DS_Store -exclude CVS -exclude .svn -exclude .git -exclude .hg -resolve-src-symlinks /Users/lekiaprosper/Documents/Dev/Connectize/Connectize-Frontend/node_modules/@capacitor/ios/Capacitor/Capacitor/Capacitor.h /Users/lekiaprosper/Library/Developer/Xcode/DerivedData/App-bmeqrztakkzxpkcqfdhhsyyyzbjg/Build/Intermediates.noindex/ArchiveIntermediates/App/IntermediateBuildFilesPath/UninstalledProducts/iphoneos/Capacitor.framework/Headers

CpHeader /Users/lekiaprosper/Library/Developer/Xcode/DerivedData/App-bmeqrztakkzxpkcqfdhhsyyyzbjg/Build/Intermediates.noindex/ArchiveIntermediates/App/IntermediateBuildFilesPath/UninstalledProducts/iphoneos/Capacitor.framework/Headers/CAPPluginMethod.h /Users/lekiaprosper/Documents/Dev/Connectize/Connectize-Frontend/node_modules/@capacitor/ios/Capacitor/Capacitor/CAPPluginMethod.h (in target 'Capacitor' from project 'Pods')
    cd /Users/lekiaprosper/Documents/Dev/Connectize/Connectize-Frontend/ios/App/Pods
    builtin-copy -exclude .DS_Store -exclude CVS -exclude .svn -exclude .git -exclude .hg -resolve-src-symlinks /Users/lekiaprosper/Documents/Dev/Connectize/Connectize-Frontend/node_modules/@capacitor/ios/Capacitor/Capacitor/CAPPluginMethod.h /Users/lekiaprosper/Library/Developer/Xcode/DerivedData/App-bmeqrztakkzxpkcqfdhhsyyyzbjg/Build/Intermediates.noindex/ArchiveIntermediates/App/IntermediateBuildFilesPath/UninstalledProducts/iphoneos/Capacitor.framework/Headers

CpHeader /Users/lekiaprosper/Library/Developer/Xcode/DerivedData/App-bmeqrztakkzxpkcqfdhhsyyyzbjg/Build/Intermediates.noindex/ArchiveIntermediates/App/IntermediateBuildFilesPath/UninstalledProducts/iphoneos/Capacitor.framework/Headers/CAPPluginCall.h /Users/lekiaprosper/Documents/Dev/Connectize/Connectize-Frontend/node_modules/@capacitor/ios/Capacitor/Capacitor/CAPPluginCall.h (in target 'Capacitor' from project 'Pods')
    cd /Users/lekiaprosper/Documents/Dev/Connectize/Connectize-Frontend/ios/App/Pods
    builtin-copy -exclude .DS_Store -exclude CVS -exclude .svn -exclude .git -exclude .hg -resolve-src-symlinks /Users/lekiaprosper/Documents/Dev/Connectize/Connectize-Frontend/node_modules/@capacitor/ios/Capacitor/Capacitor/CAPPluginCall.h /Users/lekiaprosper/Library/Developer/Xcode/DerivedData/App-bmeqrztakkzxpkcqfdhhsyyyzbjg/Build/Intermediates.noindex/ArchiveIntermediates/App/IntermediateBuildFilesPath/UninstalledProducts/iphoneos/Capacitor.framework/Headers

CpHeader /Users/lekiaprosper/Library/Developer/Xcode/DerivedData/App-bmeqrztakkzxpkcqfdhhsyyyzbjg/Build/Intermediates.noindex/ArchiveIntermediates/App/IntermediateBuildFilesPath/UninstalledProducts/iphoneos/Capacitor.framework/Headers/CAPPlugin.h /Users/lekiaprosper/Documents/Dev/Connectize/Connectize-Frontend/node_modules/@capacitor/ios/Capacitor/Capacitor/CAPPlugin.h (in target 'Capacitor' from project 'Pods')
    cd /Users/lekiaprosper/Documents/Dev/Connectize/Connectize-Frontend/ios/App/Pods
    builtin-copy -exclude .DS_Store -exclude CVS -exclude .svn -exclude .git -exclude .hg -resolve-src-symlinks /Users/lekiaprosper/Documents/Dev/Connectize/Connectize-Frontend/node_modules/@capacitor/ios/Capacitor/Capacitor/CAPPlugin.h /Users/lekiaprosper/Library/Developer/Xcode/DerivedData/App-bmeqrztakkzxpkcqfdhhsyyyzbjg/Build/Intermediates.noindex/ArchiveIntermediates/App/IntermediateBuildFilesPath/UninstalledProducts/iphoneos/Capacitor.framework/Headers

CpHeader /Users/lekiaprosper/Library/Developer/Xcode/DerivedData/App-bmeqrztakkzxpkcqfdhhsyyyzbjg/Build/Intermediates.noindex/ArchiveIntermediates/App/IntermediateBuildFilesPath/UninstalledProducts/iphoneos/Capacitor.framework/Headers/CAPInstanceDescriptor.h /Users/lekiaprosper/Documents/Dev/Connectize/Connectize-Frontend/node_modules/@capacitor/ios/Capacitor/Capacitor/CAPInstanceDescriptor.h (in target 'Capacitor' from project 'Pods')
    cd /Users/lekiaprosper/Documents/Dev/Connectize/Connectize-Frontend/ios/App/Pods
    builtin-copy -exclude .DS_Store -exclude CVS -exclude .svn -exclude .git -exclude .hg -resolve-src-symlinks /Users/lekiaprosper/Documents/Dev/Connectize/Connectize-Frontend/node_modules/@capacitor/ios/Capacitor/Capacitor/CAPInstanceDescriptor.h /Users/lekiaprosper/Library/Developer/Xcode/DerivedData/App-bmeqrztakkzxpkcqfdhhsyyyzbjg/Build/Intermediates.noindex/ArchiveIntermediates/App/IntermediateBuildFilesPath/UninstalledProducts/iphoneos/Capacitor.framework/Headers

CpHeader /Users/lekiaprosper/Library/Developer/Xcode/DerivedData/App-bmeqrztakkzxpkcqfdhhsyyyzbjg/Build/Intermediates.noindex/ArchiveIntermediates/App/IntermediateBuildFilesPath/UninstalledProducts/iphoneos/Capacitor.framework/Headers/CAPInstanceConfiguration.h /Users/lekiaprosper/Documents/Dev/Connectize/Connectize-Frontend/node_modules/@capacitor/ios/Capacitor/Capacitor/CAPInstanceConfiguration.h (in target 'Capacitor' from project 'Pods')
    cd /Users/lekiaprosper/Documents/Dev/Connectize/Connectize-Frontend/ios/App/Pods
    builtin-copy -exclude .DS_Store -exclude CVS -exclude .svn -exclude .git -exclude .hg -resolve-src-symlinks /Users/lekiaprosper/Documents/Dev/Connectize/Connectize-Frontend/node_modules/@capacitor/ios/Capacitor/Capacitor/CAPInstanceConfiguration.h /Users/lekiaprosper/Library/Developer/Xcode/DerivedData/App-bmeqrztakkzxpkcqfdhhsyyyzbjg/Build/Intermediates.noindex/ArchiveIntermediates/App/IntermediateBuildFilesPath/UninstalledProducts/iphoneos/Capacitor.framework/Headers

CpHeader /Users/lekiaprosper/Library/Developer/Xcode/DerivedData/App-bmeqrztakkzxpkcqfdhhsyyyzbjg/Build/Intermediates.noindex/ArchiveIntermediates/App/IntermediateBuildFilesPath/UninstalledProducts/iphoneos/Capacitor.framework/Headers/CAPBridgedPlugin.h /Users/lekiaprosper/Documents/Dev/Connectize/Connectize-Frontend/node_modules/@capacitor/ios/Capacitor/Capacitor/CAPBridgedPlugin.h (in target 'Capacitor' from project 'Pods')
    cd /Users/lekiaprosper/Documents/Dev/Connectize/Connectize-Frontend/ios/App/Pods
    builtin-copy -exclude .DS_Store -exclude CVS -exclude .svn -exclude .git -exclude .hg -resolve-src-symlinks /Users/lekiaprosper/Documents/Dev/Connectize/Connectize-Frontend/node_modules/@capacitor/ios/Capacitor/Capacitor/CAPBridgedPlugin.h /Users/lekiaprosper/Library/Developer/Xcode/DerivedData/App-bmeqrztakkzxpkcqfdhhsyyyzbjg/Build/Intermediates.noindex/ArchiveIntermediates/App/IntermediateBuildFilesPath/UninstalledProducts/iphoneos/Capacitor.framework/Headers

CpHeader /Users/lekiaprosper/Library/Developer/Xcode/DerivedData/App-bmeqrztakkzxpkcqfdhhsyyyzbjg/Build/Intermediates.noindex/ArchiveIntermediates/App/IntermediateBuildFilesPath/UninstalledProducts/iphoneos/Capacitor.framework/Headers/CAPBridgedJSTypes.h /Users/lekiaprosper/Documents/Dev/Connectize/Connectize-Frontend/node_modules/@capacitor/ios/Capacitor/Capacitor/CAPBridgedJSTypes.h (in target 'Capacitor' from project 'Pods')
    cd /Users/lekiaprosper/Documents/Dev/Connectize/Connectize-Frontend/ios/App/Pods
    builtin-copy -exclude .DS_Store -exclude CVS -exclude .svn -exclude .git -exclude .hg -resolve-src-symlinks /Users/lekiaprosper/Documents/Dev/Connectize/Connectize-Frontend/node_modules/@capacitor/ios/Capacitor/Capacitor/CAPBridgedJSTypes.h /Users/lekiaprosper/Library/Developer/Xcode/DerivedData/App-bmeqrztakkzxpkcqfdhhsyyyzbjg/Build/Intermediates.noindex/ArchiveIntermediates/App/IntermediateBuildFilesPath/UninstalledProducts/iphoneos/Capacitor.framework/Headers

CpHeader /Users/lekiaprosper/Library/Developer/Xcode/DerivedData/App-bmeqrztakkzxpkcqfdhhsyyyzbjg/Build/Intermediates.noindex/ArchiveIntermediates/App/IntermediateBuildFilesPath/UninstalledProducts/iphoneos/Capacitor.framework/Headers/CAPBridgeViewController+CDVScreenOrientationDelegate.h /Users/lekiaprosper/Documents/Dev/Connectize/Connectize-Frontend/node_modules/@capacitor/ios/Capacitor/Capacitor/CAPBridgeViewController+CDVScreenOrientationDelegate.h (in target 'Capacitor' from project 'Pods')
    cd /Users/lekiaprosper/Documents/Dev/Connectize/Connectize-Frontend/ios/App/Pods
    builtin-copy -exclude .DS_Store -exclude CVS -exclude .svn -exclude .git -exclude .hg -resolve-src-symlinks /Users/lekiaprosper/Documents/Dev/Connectize/Connectize-Frontend/node_modules/@capacitor/ios/Capacitor/Capacitor/CAPBridgeViewController+CDVScreenOrientationDelegate.h /Users/lekiaprosper/Library/Developer/Xcode/DerivedData/App-bmeqrztakkzxpkcqfdhhsyyyzbjg/Build/Intermediates.noindex/ArchiveIntermediates/App/IntermediateBuildFilesPath/UninstalledProducts/iphoneos/Capacitor.framework/Headers

Concatenate /Users/lekiaprosper/Library/Developer/Xcode/DerivedData/App-bmeqrztakkzxpkcqfdhhsyyyzbjg/Build/Intermediates.noindex/ArchiveIntermediates/App/IntermediateBuildFilesPath/Pods.build/Release-iphoneos/Capacitor.build/unextended-module.modulemap /Users/lekiaprosper/Documents/Dev/Connectize/Connectize-Frontend/ios/App/Pods/Target\ Support\ Files/Capacitor/Capacitor.modulemap /Users/lekiaprosper/Library/Developer/Xcode/DerivedData/App-bmeqrztakkzxpkcqfdhhsyyyzbjg/Build/Intermediates.noindex/ArchiveIntermediates/App/IntermediateBuildFilesPath/Pods.build/Release-iphoneos/Capacitor.build/unextended-module-swiftunextension.modulemap (in target 'Capacitor' from project 'Pods')
    cd /Users/lekiaprosper/Documents/Dev/Connectize/Connectize-Frontend/ios/App/Pods
    builtin-concatenate /Users/lekiaprosper/Library/Developer/Xcode/DerivedData/App-bmeqrztakkzxpkcqfdhhsyyyzbjg/Build/Intermediates.noindex/ArchiveIntermediates/App/IntermediateBuildFilesPath/Pods.build/Release-iphoneos/Capacitor.build/unextended-module.modulemap /Users/lekiaprosper/Documents/Dev/Connectize/Connectize-Frontend/ios/App/Pods/Target\ Support\ Files/Capacitor/Capacitor.modulemap /Users/lekiaprosper/Library/Developer/Xcode/DerivedData/App-bmeqrztakkzxpkcqfdhhsyyyzbjg/Build/Intermediates.noindex/ArchiveIntermediates/App/IntermediateBuildFilesPath/Pods.build/Release-iphoneos/Capacitor.build/unextended-module-swiftunextension.modulemap

Concatenate /Users/lekiaprosper/Library/Developer/Xcode/DerivedData/App-bmeqrztakkzxpkcqfdhhsyyyzbjg/Build/Intermediates.noindex/ArchiveIntermediates/App/IntermediateBuildFilesPath/Pods.build/Release-iphoneos/Capacitor.build/module.modulemap /Users/lekiaprosper/Documents/Dev/Connectize/Connectize-Frontend/ios/App/Pods/Target\ Support\ Files/Capacitor/Capacitor.modulemap /Users/lekiaprosper/Library/Developer/Xcode/DerivedData/App-bmeqrztakkzxpkcqfdhhsyyyzbjg/Build/Intermediates.noindex/ArchiveIntermediates/App/IntermediateBuildFilesPath/Pods.build/Release-iphoneos/Capacitor.build/module-swiftextension.modulemap (in target 'Capacitor' from project 'Pods')
    cd /Users/lekiaprosper/Documents/Dev/Connectize/Connectize-Frontend/ios/App/Pods
    builtin-concatenate /Users/lekiaprosper/Library/Developer/Xcode/DerivedData/App-bmeqrztakkzxpkcqfdhhsyyyzbjg/Build/Intermediates.noindex/ArchiveIntermediates/App/IntermediateBuildFilesPath/Pods.build/Release-iphoneos/Capacitor.build/module.modulemap /Users/lekiaprosper/Documents/Dev/Connectize/Connectize-Frontend/ios/App/Pods/Target\ Support\ Files/Capacitor/Capacitor.modulemap /Users/lekiaprosper/Library/Developer/Xcode/DerivedData/App-bmeqrztakkzxpkcqfdhhsyyyzbjg/Build/Intermediates.noindex/ArchiveIntermediates/App/IntermediateBuildFilesPath/Pods.build/Release-iphoneos/Capacitor.build/module-swiftextension.modulemap

SymLink /Users/lekiaprosper/Library/Developer/Xcode/DerivedData/App-bmeqrztakkzxpkcqfdhhsyyyzbjg/Build/Intermediates.noindex/ArchiveIntermediates/App/BuildProductsPath/Release-iphoneos/CapacitorStatusBar/CapacitorStatusBar.framework ../../../IntermediateBuildFilesPath/UninstalledProducts/iphoneos/CapacitorStatusBar.framework (in target 'CapacitorStatusBar' from project 'Pods')
    cd /Users/lekiaprosper/Documents/Dev/Connectize/Connectize-Frontend/ios/App/Pods
    /bin/ln -sfh ../../../IntermediateBuildFilesPath/UninstalledProducts/iphoneos/CapacitorStatusBar.framework /Users/lekiaprosper/Library/Developer/Xcode/DerivedData/App-bmeqrztakkzxpkcqfdhhsyyyzbjg/Build/Intermediates.noindex/ArchiveIntermediates/App/BuildProductsPath/Release-iphoneos/CapacitorStatusBar/CapacitorStatusBar.framework

MkDir /Users/lekiaprosper/Library/Developer/Xcode/DerivedData/App-bmeqrztakkzxpkcqfdhhsyyyzbjg/Build/Intermediates.noindex/ArchiveIntermediates/App/IntermediateBuildFilesPath/UninstalledProducts/iphoneos/CapacitorStatusBar.framework/Headers (in target 'CapacitorStatusBar' from project 'Pods')
    cd /Users/lekiaprosper/Documents/Dev/Connectize/Connectize-Frontend/ios/App/Pods
    /bin/mkdir -p /Users/lekiaprosper/Library/Developer/Xcode/DerivedData/App-bmeqrztakkzxpkcqfdhhsyyyzbjg/Build/Intermediates.noindex/ArchiveIntermediates/App/IntermediateBuildFilesPath/UninstalledProducts/iphoneos/CapacitorStatusBar.framework/Headers

MkDir /Users/lekiaprosper/Library/Developer/Xcode/DerivedData/App-bmeqrztakkzxpkcqfdhhsyyyzbjg/Build/Intermediates.noindex/ArchiveIntermediates/App/IntermediateBuildFilesPath/UninstalledProducts/iphoneos/CapacitorStatusBar.framework (in target 'CapacitorStatusBar' from project 'Pods')
    cd /Users/lekiaprosper/Documents/Dev/Connectize/Connectize-Frontend/ios/App/Pods
    /bin/mkdir -p /Users/lekiaprosper/Library/Developer/Xcode/DerivedData/App-bmeqrztakkzxpkcqfdhhsyyyzbjg/Build/Intermediates.noindex/ArchiveIntermediates/App/IntermediateBuildFilesPath/UninstalledProducts/iphoneos/CapacitorStatusBar.framework

SymLink /Users/lekiaprosper/Library/Developer/Xcode/DerivedData/App-bmeqrztakkzxpkcqfdhhsyyyzbjg/Build/Intermediates.noindex/ArchiveIntermediates/App/BuildProductsPath/Release-iphoneos/CapacitorSplashScreen/CapacitorSplashScreen.framework ../../../IntermediateBuildFilesPath/UninstalledProducts/iphoneos/CapacitorSplashScreen.framework (in target 'CapacitorSplashScreen' from project 'Pods')
    cd /Users/lekiaprosper/Documents/Dev/Connectize/Connectize-Frontend/ios/App/Pods
    /bin/ln -sfh ../../../IntermediateBuildFilesPath/UninstalledProducts/iphoneos/CapacitorSplashScreen.framework /Users/lekiaprosper/Library/Developer/Xcode/DerivedData/App-bmeqrztakkzxpkcqfdhhsyyyzbjg/Build/Intermediates.noindex/ArchiveIntermediates/App/BuildProductsPath/Release-iphoneos/CapacitorSplashScreen/CapacitorSplashScreen.framework

MkDir /Users/lekiaprosper/Library/Developer/Xcode/DerivedData/App-bmeqrztakkzxpkcqfdhhsyyyzbjg/Build/Intermediates.noindex/ArchiveIntermediates/App/IntermediateBuildFilesPath/UninstalledProducts/iphoneos/CapacitorSplashScreen.framework/Headers (in target 'CapacitorSplashScreen' from project 'Pods')
    cd /Users/lekiaprosper/Documents/Dev/Connectize/Connectize-Frontend/ios/App/Pods
    /bin/mkdir -p /Users/lekiaprosper/Library/Developer/Xcode/DerivedData/App-bmeqrztakkzxpkcqfdhhsyyyzbjg/Build/Intermediates.noindex/ArchiveIntermediates/App/IntermediateBuildFilesPath/UninstalledProducts/iphoneos/CapacitorSplashScreen.framework/Headers

MkDir /Users/lekiaprosper/Library/Developer/Xcode/DerivedData/App-bmeqrztakkzxpkcqfdhhsyyyzbjg/Build/Intermediates.noindex/ArchiveIntermediates/App/IntermediateBuildFilesPath/UninstalledProducts/iphoneos/CapacitorSplashScreen.framework (in target 'CapacitorSplashScreen' from project 'Pods')
    cd /Users/lekiaprosper/Documents/Dev/Connectize/Connectize-Frontend/ios/App/Pods
    /bin/mkdir -p /Users/lekiaprosper/Library/Developer/Xcode/DerivedData/App-bmeqrztakkzxpkcqfdhhsyyyzbjg/Build/Intermediates.noindex/ArchiveIntermediates/App/IntermediateBuildFilesPath/UninstalledProducts/iphoneos/CapacitorSplashScreen.framework

VerifyModule /Users/lekiaprosper/Library/Developer/Xcode/DerivedData/App-bmeqrztakkzxpkcqfdhhsyyyzbjg/Build/Intermediates.noindex/ArchiveIntermediates/App/BuildProductsPath/Release-iphoneos/CapacitorCordova/Cordova.framework (in target 'CapacitorCordova' from project 'Pods')
    cd /Users/lekiaprosper/Documents/Dev/Connectize/Connectize-Frontend/ios/App/Pods
    /Applications/Xcode.app/Contents/Developer/Toolchains/XcodeDefault.xctoolchain/usr/bin/modules-verifier /Users/lekiaprosper/Library/Developer/Xcode/DerivedData/App-bmeqrztakkzxpkcqfdhhsyyyzbjg/Build/Intermediates.noindex/ArchiveIntermediates/App/BuildProductsPath/Release-iphoneos/CapacitorCordova/Cordova.framework --clang /Applications/Xcode.app/Contents/Developer/Toolchains/XcodeDefault.xctoolchain/usr/bin/clang --diagnostic-filename-map /Users/lekiaprosper/Library/Developer/Xcode/DerivedData/App-bmeqrztakkzxpkcqfdhhsyyyzbjg/Build/Intermediates.noindex/ArchiveIntermediates/App/IntermediateBuildFilesPath/Pods.build/Release-iphoneos/CapacitorCordova.build/Cordova-diagnostic-filename-map.json --sdk /Applications/Xcode.app/Contents/Developer/Platforms/iPhoneOS.platform/Developer/SDKs/iPhoneOS26.0.sdk --intermediates-directory /Users/lekiaprosper/Library/Developer/Xcode/DerivedData/App-bmeqrztakkzxpkcqfdhhsyyyzbjg/Build/Intermediates.noindex/ArchiveIntermediates/App/IntermediateBuildFilesPath/Pods.build/Release-iphoneos/CapacitorCordova.build/VerifyModule --target arm64-apple-ios14.0 --language objective-c --standard gnu11 --standard gnu++14
/Users/lekiaprosper/Documents/Dev/Connectize/Connectize-Frontend/node_modules/@capacitor/ios/CapacitorCordova/CapacitorCordova/Classes/Public/AppDelegate.h:1:9: error: double-quoted include "Foundation/Foundation.h" in framework header, expected angle-bracketed instead
/Users/lekiaprosper/Documents/Dev/Connectize/Connectize-Frontend/node_modules/@capacitor/ios/CapacitorCordova/CapacitorCordova/Classes/Public/AppDelegate.h:2:9: error: double-quoted include "CDVViewController.h" in framework header, expected angle-bracketed instead
/Users/lekiaprosper/Documents/Dev/Connectize/Connectize-Frontend/node_modules/@capacitor/ios/CapacitorCordova/CapacitorCordova/Classes/Public/CDV.h:20:9: error: double-quoted include "CDVAvailability.h" in framework header, expected angle-bracketed instead
/Users/lekiaprosper/Documents/Dev/Connectize/Connectize-Frontend/node_modules/@capacitor/ios/CapacitorCordova/CapacitorCordova/Classes/Public/CDV.h:21:9: error: double-quoted include "CDVPlugin.h" in framework header, expected angle-bracketed instead
/Users/lekiaprosper/Documents/Dev/Connectize/Connectize-Frontend/node_modules/@capacitor/ios/CapacitorCordova/CapacitorCordova/Classes/Public/CDV.h:22:9: error: double-quoted include "CDVPluginResult.h" in framework header, expected angle-bracketed instead
/Users/lekiaprosper/Documents/Dev/Connectize/Connectize-Frontend/node_modules/@capacitor/ios/CapacitorCordova/CapacitorCordova/Classes/Public/CDV.h:23:9: error: double-quoted include "CDVCommandDelegate.h" in framework header, expected angle-bracketed instead
/Users/lekiaprosper/Documents/Dev/Connectize/Connectize-Frontend/node_modules/@capacitor/ios/CapacitorCordova/CapacitorCordova/Classes/Public/CDV.h:24:9: error: double-quoted include "CDVInvokedUrlCommand.h" in framework header, expected angle-bracketed instead
/Users/lekiaprosper/Documents/Dev/Connectize/Connectize-Frontend/node_modules/@capacitor/ios/CapacitorCordova/CapacitorCordova/Classes/Public/CDV.h:25:9: error: double-quoted include "CDVViewController.h" in framework header, expected angle-bracketed instead
/Users/lekiaprosper/Documents/Dev/Connectize/Connectize-Frontend/node_modules/@capacitor/ios/CapacitorCordova/CapacitorCordova/Classes/Public/CDV.h:26:9: error: double-quoted include "CDVURLProtocol.h" in framework header, expected angle-bracketed instead
/Users/lekiaprosper/Documents/Dev/Connectize/Connectize-Frontend/node_modules/@capacitor/ios/CapacitorCordova/CapacitorCordova/Classes/Public/CDV.h:27:9: error: double-quoted include "CDVScreenOrientationDelegate.h" in framework header, expected angle-bracketed instead
/Users/lekiaprosper/Documents/Dev/Connectize/Connectize-Frontend/node_modules/@capacitor/ios/CapacitorCordova/CapacitorCordova/Classes/Public/CDV.h:28:9: error: double-quoted include "CDVWebViewProcessPoolFactory.h" in framework header, expected angle-bracketed instead
/Users/lekiaprosper/Documents/Dev/Connectize/Connectize-Frontend/node_modules/@capacitor/ios/CapacitorCordova/CapacitorCordova/Classes/Public/CDVCommandDelegate.h:20:9: error: double-quoted include "CDVInvokedUrlCommand.h" in framework header, expected angle-bracketed instead
/Users/lekiaprosper/Documents/Dev/Connectize/Connectize-Frontend/node_modules/@capacitor/ios/CapacitorCordova/CapacitorCordova/Classes/Public/CDVCommandDelegateImpl.h:20:9: error: double-quoted include "UIKit/UIKit.h" in framework header, expected angle-bracketed instead
/Users/lekiaprosper/Documents/Dev/Connectize/Connectize-Frontend/node_modules/@capacitor/ios/CapacitorCordova/CapacitorCordova/Classes/Public/CDVCommandDelegateImpl.h:21:9: error: double-quoted include "CDVCommandDelegate.h" in framework header, expected angle-bracketed instead
/Users/lekiaprosper/Documents/Dev/Connectize/Connectize-Frontend/node_modules/@capacitor/ios/CapacitorCordova/CapacitorCordova/Classes/Public/CDVCommandDelegateImpl.h:22:9: error: double-quoted include "WebKit/WebKit.h" in framework header, expected angle-bracketed instead
/Users/lekiaprosper/Documents/Dev/Connectize/Connectize-Frontend/node_modules/@capacitor/ios/CapacitorCordova/CapacitorCordova/Classes/Public/CDVCommandDelegateImpl.h:23:9: error: double-quoted include "CDVPluginManager.h" in framework header, expected angle-bracketed instead
/Users/lekiaprosper/Documents/Dev/Connectize/Connectize-Frontend/node_modules/@capacitor/ios/CapacitorCordova/CapacitorCordova/Classes/Public/CDVConfigParser.h:19:9: error: double-quoted include "Foundation/Foundation.h" in framework header, expected angle-bracketed instead
/Users/lekiaprosper/Documents/Dev/Connectize/Connectize-Frontend/node_modules/@capacitor/ios/CapacitorCordova/CapacitorCordova/Classes/Public/CDVInvokedUrlCommand.h:20:9: error: double-quoted include "Foundation/Foundation.h" in framework header, expected angle-bracketed instead
/Users/lekiaprosper/Documents/Dev/Connectize/Connectize-Frontend/node_modules/@capacitor/ios/CapacitorCordova/CapacitorCordova/Classes/Public/CDVPlugin+Resources.h:20:9: error: double-quoted include "UIKit/UIKit.h" in framework header, expected angle-bracketed instead
/Users/lekiaprosper/Documents/Dev/Connectize/Connectize-Frontend/node_modules/@capacitor/ios/CapacitorCordova/CapacitorCordova/Classes/Public/CDVPlugin+Resources.h:21:9: error: double-quoted include "CDVPlugin.h" in framework header, expected angle-bracketed instead
/Users/lekiaprosper/Documents/Dev/Connectize/Connectize-Frontend/node_modules/@capacitor/ios/CapacitorCordova/CapacitorCordova/Classes/Public/CDVPlugin.h:20:9: error: double-quoted include "Foundation/Foundation.h" in framework header, expected angle-bracketed instead
/Users/lekiaprosper/Documents/Dev/Connectize/Connectize-Frontend/node_modules/@capacitor/ios/CapacitorCordova/CapacitorCordova/Classes/Public/CDVPlugin.h:21:9: error: double-quoted include "UIKit/UIKit.h" in framework header, expected angle-bracketed instead
/Users/lekiaprosper/Documents/Dev/Connectize/Connectize-Frontend/node_modules/@capacitor/ios/CapacitorCordova/CapacitorCordova/Classes/Public/CDVPlugin.h:22:9: error: double-quoted include "CDVPluginResult.h" in framework header, expected angle-bracketed instead
/Users/lekiaprosper/Documents/Dev/Connectize/Connectize-Frontend/node_modules/@capacitor/ios/CapacitorCordova/CapacitorCordova/Classes/Public/CDVPlugin.h:23:9: error: double-quoted include "CDVCommandDelegate.h" in framework header, expected angle-bracketed instead
/Users/lekiaprosper/Documents/Dev/Connectize/Connectize-Frontend/node_modules/@capacitor/ios/CapacitorCordova/CapacitorCordova/Classes/Public/CDVPlugin.h:24:9: error: double-quoted include "CDVAvailability.h" in framework header, expected angle-bracketed instead
/Users/lekiaprosper/Documents/Dev/Connectize/Connectize-Frontend/node_modules/@capacitor/ios/CapacitorCordova/CapacitorCordova/Classes/Public/CDVPlugin.h:25:9: error: double-quoted include "WebKit/WebKit.h" in framework header, expected angle-bracketed instead
/Users/lekiaprosper/Documents/Dev/Connectize/Connectize-Frontend/node_modules/@capacitor/ios/CapacitorCordova/CapacitorCordova/Classes/Public/CDVPluginManager.h:10:9: error: double-quoted include "CDVConfigParser.h" in framework header, expected angle-bracketed instead
/Users/lekiaprosper/Documents/Dev/Connectize/Connectize-Frontend/node_modules/@capacitor/ios/CapacitorCordova/CapacitorCordova/Classes/Public/CDVPluginManager.h:11:9: error: double-quoted include "CDVCommandDelegate.h" in framework header, expected angle-bracketed instead
/Users/lekiaprosper/Documents/Dev/Connectize/Connectize-Frontend/node_modules/@capacitor/ios/CapacitorCordova/CapacitorCordova/Classes/Public/CDVPluginManager.h:8:9: error: double-quoted include "Foundation/Foundation.h" in framework header, expected angle-bracketed instead
/Users/lekiaprosper/Documents/Dev/Connectize/Connectize-Frontend/node_modules/@capacitor/ios/CapacitorCordova/CapacitorCordova/Classes/Public/CDVPluginManager.h:9:9: error: double-quoted include "CDVPlugin.h" in framework header, expected angle-bracketed instead
/Users/lekiaprosper/Documents/Dev/Connectize/Connectize-Frontend/node_modules/@capacitor/ios/CapacitorCordova/CapacitorCordova/Classes/Public/CDVPluginResult.h:20:9: error: double-quoted include "Foundation/Foundation.h" in framework header, expected angle-bracketed instead
/Users/lekiaprosper/Documents/Dev/Connectize/Connectize-Frontend/node_modules/@capacitor/ios/CapacitorCordova/CapacitorCordova/Classes/Public/CDVScreenOrientationDelegate.h:20:9: error: double-quoted include "Foundation/Foundation.h" in framework header, expected angle-bracketed instead
/Users/lekiaprosper/Documents/Dev/Connectize/Connectize-Frontend/node_modules/@capacitor/ios/CapacitorCordova/CapacitorCordova/Classes/Public/CDVURLProtocol.h:20:9: error: double-quoted include "Foundation/Foundation.h" in framework header, expected angle-bracketed instead
/Users/lekiaprosper/Documents/Dev/Connectize/Connectize-Frontend/node_modules/@capacitor/ios/CapacitorCordova/CapacitorCordova/Classes/Public/CDVURLProtocol.h:21:9: error: double-quoted include "CDVAvailability.h" in framework header, expected angle-bracketed instead
/Users/lekiaprosper/Documents/Dev/Connectize/Connectize-Frontend/node_modules/@capacitor/ios/CapacitorCordova/CapacitorCordova/Classes/Public/CDVViewController.h:20:9: error: double-quoted include "UIKit/UIKit.h" in framework header, expected angle-bracketed instead
/Users/lekiaprosper/Documents/Dev/Connectize/Connectize-Frontend/node_modules/@capacitor/ios/CapacitorCordova/CapacitorCordova/Classes/Public/CDVWebViewProcessPoolFactory.h:20:9: error: double-quoted include "WebKit/WebKit.h" in framework header, expected angle-bracketed instead
/Users/lekiaprosper/Documents/Dev/Connectize/Connectize-Frontend/node_modules/@capacitor/ios/CapacitorCordova/CapacitorCordova/Classes/Public/NSDictionary+CordovaPreferences.h:20:9: error: double-quoted include "Foundation/Foundation.h" in framework header, expected angle-bracketed instead
/Users/lekiaprosper/Documents/Dev/Connectize/Connectize-Frontend/node_modules/@capacitor/ios/CapacitorCordova/CapacitorCordova/Classes/Public/NSDictionary+CordovaPreferences.h:21:9: error: double-quoted include "UIKit/UIKit.h" in framework header, expected angle-bracketed instead

SymLink /Users/lekiaprosper/Library/Developer/Xcode/DerivedData/App-bmeqrztakkzxpkcqfdhhsyyyzbjg/Build/Intermediates.noindex/ArchiveIntermediates/App/BuildProductsPath/Release-iphoneos/CapacitorCordova/Cordova.framework ../../../IntermediateBuildFilesPath/UninstalledProducts/iphoneos/Cordova.framework (in target 'CapacitorCordova' from project 'Pods')
    cd /Users/lekiaprosper/Documents/Dev/Connectize/Connectize-Frontend/ios/App/Pods
    /bin/ln -sfh ../../../IntermediateBuildFilesPath/UninstalledProducts/iphoneos/Cordova.framework /Users/lekiaprosper/Library/Developer/Xcode/DerivedData/App-bmeqrztakkzxpkcqfdhhsyyyzbjg/Build/Intermediates.noindex/ArchiveIntermediates/App/BuildProductsPath/Release-iphoneos/CapacitorCordova/Cordova.framework

MkDir /Users/lekiaprosper/Library/Developer/Xcode/DerivedData/App-bmeqrztakkzxpkcqfdhhsyyyzbjg/Build/Intermediates.noindex/ArchiveIntermediates/App/IntermediateBuildFilesPath/UninstalledProducts/iphoneos/Cordova.framework/Headers (in target 'CapacitorCordova' from project 'Pods')
    cd /Users/lekiaprosper/Documents/Dev/Connectize/Connectize-Frontend/ios/App/Pods
    /bin/mkdir -p /Users/lekiaprosper/Library/Developer/Xcode/DerivedData/App-bmeqrztakkzxpkcqfdhhsyyyzbjg/Build/Intermediates.noindex/ArchiveIntermediates/App/IntermediateBuildFilesPath/UninstalledProducts/iphoneos/Cordova.framework/Headers

MkDir /Users/lekiaprosper/Library/Developer/Xcode/DerivedData/App-bmeqrztakkzxpkcqfdhhsyyyzbjg/Build/Intermediates.noindex/ArchiveIntermediates/App/IntermediateBuildFilesPath/UninstalledProducts/iphoneos/Cordova.framework (in target 'CapacitorCordova' from project 'Pods')
    cd /Users/lekiaprosper/Documents/Dev/Connectize/Connectize-Frontend/ios/App/Pods
    /bin/mkdir -p /Users/lekiaprosper/Library/Developer/Xcode/DerivedData/App-bmeqrztakkzxpkcqfdhhsyyyzbjg/Build/Intermediates.noindex/ArchiveIntermediates/App/IntermediateBuildFilesPath/UninstalledProducts/iphoneos/Cordova.framework

SymLink /Users/lekiaprosper/Library/Developer/Xcode/DerivedData/App-bmeqrztakkzxpkcqfdhhsyyyzbjg/Build/Intermediates.noindex/ArchiveIntermediates/App/BuildProductsPath/Release-iphoneos/Capacitor/Capacitor.framework ../../../IntermediateBuildFilesPath/UninstalledProducts/iphoneos/Capacitor.framework (in target 'Capacitor' from project 'Pods')
    cd /Users/lekiaprosper/Documents/Dev/Connectize/Connectize-Frontend/ios/App/Pods
    /bin/ln -sfh ../../../IntermediateBuildFilesPath/UninstalledProducts/iphoneos/Capacitor.framework /Users/lekiaprosper/Library/Developer/Xcode/DerivedData/App-bmeqrztakkzxpkcqfdhhsyyyzbjg/Build/Intermediates.noindex/ArchiveIntermediates/App/BuildProductsPath/Release-iphoneos/Capacitor/Capacitor.framework

MkDir /Users/lekiaprosper/Library/Developer/Xcode/DerivedData/App-bmeqrztakkzxpkcqfdhhsyyyzbjg/Build/Intermediates.noindex/ArchiveIntermediates/App/IntermediateBuildFilesPath/UninstalledProducts/iphoneos/Capacitor.framework/Headers (in target 'Capacitor' from project 'Pods')
    cd /Users/lekiaprosper/Documents/Dev/Connectize/Connectize-Frontend/ios/App/Pods
    /bin/mkdir -p /Users/lekiaprosper/Library/Developer/Xcode/DerivedData/App-bmeqrztakkzxpkcqfdhhsyyyzbjg/Build/Intermediates.noindex/ArchiveIntermediates/App/IntermediateBuildFilesPath/UninstalledProducts/iphoneos/Capacitor.framework/Headers

Copy /Users/lekiaprosper/Library/Developer/Xcode/DerivedData/App-bmeqrztakkzxpkcqfdhhsyyyzbjg/Build/Intermediates.noindex/ArchiveIntermediates/App/IntermediateBuildFilesPath/UninstalledProducts/iphoneos/Capacitor.framework/Modules/module.modulemap /Users/lekiaprosper/Library/Developer/Xcode/DerivedData/App-bmeqrztakkzxpkcqfdhhsyyyzbjg/Build/Intermediates.noindex/ArchiveIntermediates/App/IntermediateBuildFilesPath/Pods.build/Release-iphoneos/Capacitor.build/module.modulemap (in target 'Capacitor' from project 'Pods')
    cd /Users/lekiaprosper/Documents/Dev/Connectize/Connectize-Frontend/ios/App/Pods
    builtin-copy -exclude .DS_Store -exclude CVS -exclude .svn -exclude .git -exclude .hg -resolve-src-symlinks /Users/lekiaprosper/Library/Developer/Xcode/DerivedData/App-bmeqrztakkzxpkcqfdhhsyyyzbjg/Build/Intermediates.noindex/ArchiveIntermediates/App/IntermediateBuildFilesPath/Pods.build/Release-iphoneos/Capacitor.build/module.modulemap /Users/lekiaprosper/Library/Developer/Xcode/DerivedData/App-bmeqrztakkzxpkcqfdhhsyyyzbjg/Build/Intermediates.noindex/ArchiveIntermediates/App/IntermediateBuildFilesPath/UninstalledProducts/iphoneos/Capacitor.framework/Modules

MkDir /Users/lekiaprosper/Library/Developer/Xcode/DerivedData/App-bmeqrztakkzxpkcqfdhhsyyyzbjg/Build/Intermediates.noindex/ArchiveIntermediates/App/IntermediateBuildFilesPath/UninstalledProducts/iphoneos/Capacitor.framework (in target 'Capacitor' from project 'Pods')
    cd /Users/lekiaprosper/Documents/Dev/Connectize/Connectize-Frontend/ios/App/Pods
    /bin/mkdir -p /Users/lekiaprosper/Library/Developer/Xcode/DerivedData/App-bmeqrztakkzxpkcqfdhhsyyyzbjg/Build/Intermediates.noindex/ArchiveIntermediates/App/IntermediateBuildFilesPath/UninstalledProducts/iphoneos/Capacitor.framework

MkDir /Users/lekiaprosper/Library/Developer/Xcode/DerivedData/App-bmeqrztakkzxpkcqfdhhsyyyzbjg/Build/Intermediates.noindex/ArchiveIntermediates/App/InstallationBuildProductsLocation/Applications/App.app (in target 'App' from project 'App')
    cd /Users/lekiaprosper/Documents/Dev/Connectize/Connectize-Frontend/ios/App
    /bin/mkdir -p /Users/lekiaprosper/Library/Developer/Xcode/DerivedData/App-bmeqrztakkzxpkcqfdhhsyyyzbjg/Build/Intermediates.noindex/ArchiveIntermediates/App/InstallationBuildProductsLocation/Applications/App.app

ProcessInfoPlistFile /Users/lekiaprosper/Library/Developer/Xcode/DerivedData/App-bmeqrztakkzxpkcqfdhhsyyyzbjg/Build/Intermediates.noindex/ArchiveIntermediates/App/IntermediateBuildFilesPath/UninstalledProducts/iphoneos/Cordova.framework/Info.plist /Users/lekiaprosper/Documents/Dev/Connectize/Connectize-Frontend/ios/App/Pods/Target\ Support\ Files/CapacitorCordova/CapacitorCordova-Info.plist (in target 'CapacitorCordova' from project 'Pods')
    cd /Users/lekiaprosper/Documents/Dev/Connectize/Connectize-Frontend/ios/App/Pods
    builtin-infoPlistUtility /Users/lekiaprosper/Documents/Dev/Connectize/Connectize-Frontend/ios/App/Pods/Target\ Support\ Files/CapacitorCordova/CapacitorCordova-Info.plist -producttype com.apple.product-type.framework -expandbuildsettings -format binary -platform iphoneos -requiredArchitecture arm64 -o /Users/lekiaprosper/Library/Developer/Xcode/DerivedData/App-bmeqrztakkzxpkcqfdhhsyyyzbjg/Build/Intermediates.noindex/ArchiveIntermediates/App/IntermediateBuildFilesPath/UninstalledProducts/iphoneos/Cordova.framework/Info.plist

ScanDependencies /Users/lekiaprosper/Library/Developer/Xcode/DerivedData/App-bmeqrztakkzxpkcqfdhhsyyyzbjg/Build/Intermediates.noindex/ArchiveIntermediates/App/IntermediateBuildFilesPath/Pods.build/Release-iphoneos/CapacitorCordova.build/Objects-normal/arm64/NSDictionary+CordovaPreferences.o /Users/lekiaprosper/Documents/Dev/Connectize/Connectize-Frontend/node_modules/@capacitor/ios/CapacitorCordova/CapacitorCordova/Classes/Public/NSDictionary+CordovaPreferences.m normal arm64 objective-c com.apple.compilers.llvm.clang.1_0.compiler (in target 'CapacitorCordova' from project 'Pods')
    cd /Users/lekiaprosper/Documents/Dev/Connectize/Connectize-Frontend/ios/App/Pods
    
    Using response file: /Users/lekiaprosper/Library/Developer/Xcode/DerivedData/App-bmeqrztakkzxpkcqfdhhsyyyzbjg/Build/Intermediates.noindex/ArchiveIntermediates/App/IntermediateBuildFilesPath/Pods.build/Release-iphoneos/CapacitorCordova.build/Objects-normal/arm64/e6072d4f65d7061329687fe24e3d63a7-common-args.resp
    
    builtin-ScanDependencies -o /Users/lekiaprosper/Library/Developer/Xcode/DerivedData/App-bmeqrztakkzxpkcqfdhhsyyyzbjg/Build/Intermediates.noindex/ArchiveIntermediates/App/IntermediateBuildFilesPath/Pods.build/Release-iphoneos/CapacitorCordova.build/Objects-normal/arm64/NSDictionary+CordovaPreferences.o.scan -- /Applications/Xcode.app/Contents/Developer/Toolchains/XcodeDefault.xctoolchain/usr/bin/clang -x objective-c -ivfsstatcache /Users/lekiaprosper/Library/Developer/Xcode/DerivedData/SDKStatCaches.noindex/iphoneos26.0-23A339-81ce72e5b06c9602b9d30b56f2eed08a.sdkstatcache -fmessage-length\=0 -fdiagnostics-show-note-include-stack -fmacro-backtrace-limit\=0 -fno-color-diagnostics -fmodules-prune-interval\=86400 -fmodules-prune-after\=345600 -fbuild-session-file\=/Users/lekiaprosper/Library/Developer/Xcode/DerivedData/ModuleCache.noindex/Session.modulevalidation -fmodules-validate-once-per-build-session -Wnon-modular-include-in-framework-module -Werror\=non-modular-include-in-framework-module -Wno-trigraphs -Wno-missing-field-initializers -Wno-missing-prototypes -Werror\=return-type -Wdocumentation -Wunreachable-code -Wno-implicit-atomic-properties -Werror\=deprecated-objc-isa-usage -Wno-objc-interface-ivars -Werror\=objc-root-class -Wno-arc-repeated-use-of-weak -Wimplicit-retain-self -Wduplicate-method-match -Wno-missing-braces -Wparentheses -Wswitch -Wunused-function -Wno-unused-label -Wno-unused-parameter -Wunused-variable -Wunused-value -Wempty-body -Wuninitialized -Wconditional-uninitialized -Wno-unknown-pragmas -Wno-shadow -Wno-four-char-constants -Wno-conversion -Wconstant-conversion -Wint-conversion -Wbool-conversion -Wenum-conversion -Wno-float-conversion -Wnon-literal-null-conversion -Wobjc-literal-conversion -Wshorten-64-to-32 -Wpointer-sign -Wno-newline-eof -Wno-selector -Wno-strict-selector-match -Wundeclared-selector -Wdeprecated-implementations -Wno-implicit-fallthrough -fstrict-aliasing -Wprotocol -Wdeprecated-declarations -Wno-sign-conversion -Winfinite-recursion -Wcomma -Wblock-capture-autoreleasing -Wstrict-prototypes -Wno-semicolon-before-method-body -Wunguarded-availability @/Users/lekiaprosper/Library/Developer/Xcode/DerivedData/App-bmeqrztakkzxpkcqfdhhsyyyzbjg/Build/Intermediates.noindex/ArchiveIntermediates/App/IntermediateBuildFilesPath/Pods.build/Release-iphoneos/CapacitorCordova.build/Objects-normal/arm64/e6072d4f65d7061329687fe24e3d63a7-common-args.resp -include /Users/lekiaprosper/Documents/Dev/Connectize/Connectize-Frontend/ios/App/Pods/Target\ Support\ Files/CapacitorCordova/CapacitorCordova-prefix.pch -MMD -MT dependencies -MF /Users/lekiaprosper/Library/Developer/Xcode/DerivedData/App-bmeqrztakkzxpkcqfdhhsyyyzbjg/Build/Intermediates.noindex/ArchiveIntermediates/App/IntermediateBuildFilesPath/Pods.build/Release-iphoneos/CapacitorCordova.build/Objects-normal/arm64/NSDictionary+CordovaPreferences.d --serialize-diagnostics /Users/lekiaprosper/Library/Developer/Xcode/DerivedData/App-bmeqrztakkzxpkcqfdhhsyyyzbjg/Build/Intermediates.noindex/ArchiveIntermediates/App/IntermediateBuildFilesPath/Pods.build/Release-iphoneos/CapacitorCordova.build/Objects-normal/arm64/NSDictionary+CordovaPreferences.dia -c /Users/lekiaprosper/Documents/Dev/Connectize/Connectize-Frontend/node_modules/@capacitor/ios/CapacitorCordova/CapacitorCordova/Classes/Public/NSDictionary+CordovaPreferences.m -o /Users/lekiaprosper/Library/Developer/Xcode/DerivedData/App-bmeqrztakkzxpkcqfdhhsyyyzbjg/Build/Intermediates.noindex/ArchiveIntermediates/App/IntermediateBuildFilesPath/Pods.build/Release-iphoneos/CapacitorCordova.build/Objects-normal/arm64/NSDictionary+CordovaPreferences.o

ScanDependencies /Users/lekiaprosper/Library/Developer/Xcode/DerivedData/App-bmeqrztakkzxpkcqfdhhsyyyzbjg/Build/Intermediates.noindex/ArchiveIntermediates/App/IntermediateBuildFilesPath/Pods.build/Release-iphoneos/CapacitorCordova.build/Objects-normal/arm64/CDVURLProtocol.o /Users/lekiaprosper/Documents/Dev/Connectize/Connectize-Frontend/node_modules/@capacitor/ios/CapacitorCordova/CapacitorCordova/Classes/Public/CDVURLProtocol.m normal arm64 objective-c com.apple.compilers.llvm.clang.1_0.compiler (in target 'CapacitorCordova' from project 'Pods')
    cd /Users/lekiaprosper/Documents/Dev/Connectize/Connectize-Frontend/ios/App/Pods
    
    Using response file: /Users/lekiaprosper/Library/Developer/Xcode/DerivedData/App-bmeqrztakkzxpkcqfdhhsyyyzbjg/Build/Intermediates.noindex/ArchiveIntermediates/App/IntermediateBuildFilesPath/Pods.build/Release-iphoneos/CapacitorCordova.build/Objects-normal/arm64/e6072d4f65d7061329687fe24e3d63a7-common-args.resp
    
    builtin-ScanDependencies -o /Users/lekiaprosper/Library/Developer/Xcode/DerivedData/App-bmeqrztakkzxpkcqfdhhsyyyzbjg/Build/Intermediates.noindex/ArchiveIntermediates/App/IntermediateBuildFilesPath/Pods.build/Release-iphoneos/CapacitorCordova.build/Objects-normal/arm64/CDVURLProtocol.o.scan -- /Applications/Xcode.app/Contents/Developer/Toolchains/XcodeDefault.xctoolchain/usr/bin/clang -x objective-c -ivfsstatcache /Users/lekiaprosper/Library/Developer/Xcode/DerivedData/SDKStatCaches.noindex/iphoneos26.0-23A339-81ce72e5b06c9602b9d30b56f2eed08a.sdkstatcache -fmessage-length\=0 -fdiagnostics-show-note-include-stack -fmacro-backtrace-limit\=0 -fno-color-diagnostics -fmodules-prune-interval\=86400 -fmodules-prune-after\=345600 -fbuild-session-file\=/Users/lekiaprosper/Library/Developer/Xcode/DerivedData/ModuleCache.noindex/Session.modulevalidation -fmodules-validate-once-per-build-session -Wnon-modular-include-in-framework-module -Werror\=non-modular-include-in-framework-module -Wno-trigraphs -Wno-missing-field-initializers -Wno-missing-prototypes -Werror\=return-type -Wdocumentation -Wunreachable-code -Wno-implicit-atomic-properties -Werror\=deprecated-objc-isa-usage -Wno-objc-interface-ivars -Werror\=objc-root-class -Wno-arc-repeated-use-of-weak -Wimplicit-retain-self -Wduplicate-method-match -Wno-missing-braces -Wparentheses -Wswitch -Wunused-function -Wno-unused-label -Wno-unused-parameter -Wunused-variable -Wunused-value -Wempty-body -Wuninitialized -Wconditional-uninitialized -Wno-unknown-pragmas -Wno-shadow -Wno-four-char-constants -Wno-conversion -Wconstant-conversion -Wint-conversion -Wbool-conversion -Wenum-conversion -Wno-float-conversion -Wnon-literal-null-conversion -Wobjc-literal-conversion -Wshorten-64-to-32 -Wpointer-sign -Wno-newline-eof -Wno-selector -Wno-strict-selector-match -Wundeclared-selector -Wdeprecated-implementations -Wno-implicit-fallthrough -fstrict-aliasing -Wprotocol -Wdeprecated-declarations -Wno-sign-conversion -Winfinite-recursion -Wcomma -Wblock-capture-autoreleasing -Wstrict-prototypes -Wno-semicolon-before-method-body -Wunguarded-availability @/Users/lekiaprosper/Library/Developer/Xcode/DerivedData/App-bmeqrztakkzxpkcqfdhhsyyyzbjg/Build/Intermediates.noindex/ArchiveIntermediates/App/IntermediateBuildFilesPath/Pods.build/Release-iphoneos/CapacitorCordova.build/Objects-normal/arm64/e6072d4f65d7061329687fe24e3d63a7-common-args.resp -include /Users/lekiaprosper/Documents/Dev/Connectize/Connectize-Frontend/ios/App/Pods/Target\ Support\ Files/CapacitorCordova/CapacitorCordova-prefix.pch -MMD -MT dependencies -MF /Users/lekiaprosper/Library/Developer/Xcode/DerivedData/App-bmeqrztakkzxpkcqfdhhsyyyzbjg/Build/Intermediates.noindex/ArchiveIntermediates/App/IntermediateBuildFilesPath/Pods.build/Release-iphoneos/CapacitorCordova.build/Objects-normal/arm64/CDVURLProtocol.d --serialize-diagnostics /Users/lekiaprosper/Library/Developer/Xcode/DerivedData/App-bmeqrztakkzxpkcqfdhhsyyyzbjg/Build/Intermediates.noindex/ArchiveIntermediates/App/IntermediateBuildFilesPath/Pods.build/Release-iphoneos/CapacitorCordova.build/Objects-normal/arm64/CDVURLProtocol.dia -c /Users/lekiaprosper/Documents/Dev/Connectize/Connectize-Frontend/node_modules/@capacitor/ios/CapacitorCordova/CapacitorCordova/Classes/Public/CDVURLProtocol.m -o /Users/lekiaprosper/Library/Developer/Xcode/DerivedData/App-bmeqrztakkzxpkcqfdhhsyyyzbjg/Build/Intermediates.noindex/ArchiveIntermediates/App/IntermediateBuildFilesPath/Pods.build/Release-iphoneos/CapacitorCordova.build/Objects-normal/arm64/CDVURLProtocol.o

ScanDependencies /Users/lekiaprosper/Library/Developer/Xcode/DerivedData/App-bmeqrztakkzxpkcqfdhhsyyyzbjg/Build/Intermediates.noindex/ArchiveIntermediates/App/IntermediateBuildFilesPath/Pods.build/Release-iphoneos/CapacitorCordova.build/Objects-normal/arm64/CDVWebViewProcessPoolFactory.o /Users/lekiaprosper/Documents/Dev/Connectize/Connectize-Frontend/node_modules/@capacitor/ios/CapacitorCordova/CapacitorCordova/Classes/Public/CDVWebViewProcessPoolFactory.m normal arm64 objective-c com.apple.compilers.llvm.clang.1_0.compiler (in target 'CapacitorCordova' from project 'Pods')
    cd /Users/lekiaprosper/Documents/Dev/Connectize/Connectize-Frontend/ios/App/Pods
    
    Using response file: /Users/lekiaprosper/Library/Developer/Xcode/DerivedData/App-bmeqrztakkzxpkcqfdhhsyyyzbjg/Build/Intermediates.noindex/ArchiveIntermediates/App/IntermediateBuildFilesPath/Pods.build/Release-iphoneos/CapacitorCordova.build/Objects-normal/arm64/e6072d4f65d7061329687fe24e3d63a7-common-args.resp
    
    builtin-ScanDependencies -o /Users/lekiaprosper/Library/Developer/Xcode/DerivedData/App-bmeqrztakkzxpkcqfdhhsyyyzbjg/Build/Intermediates.noindex/ArchiveIntermediates/App/IntermediateBuildFilesPath/Pods.build/Release-iphoneos/CapacitorCordova.build/Objects-normal/arm64/CDVWebViewProcessPoolFactory.o.scan -- /Applications/Xcode.app/Contents/Developer/Toolchains/XcodeDefault.xctoolchain/usr/bin/clang -x objective-c -ivfsstatcache /Users/lekiaprosper/Library/Developer/Xcode/DerivedData/SDKStatCaches.noindex/iphoneos26.0-23A339-81ce72e5b06c9602b9d30b56f2eed08a.sdkstatcache -fmessage-length\=0 -fdiagnostics-show-note-include-stack -fmacro-backtrace-limit\=0 -fno-color-diagnostics -fmodules-prune-interval\=86400 -fmodules-prune-after\=345600 -fbuild-session-file\=/Users/lekiaprosper/Library/Developer/Xcode/DerivedData/ModuleCache.noindex/Session.modulevalidation -fmodules-validate-once-per-build-session -Wnon-modular-include-in-framework-module -Werror\=non-modular-include-in-framework-module -Wno-trigraphs -Wno-missing-field-initializers -Wno-missing-prototypes -Werror\=return-type -Wdocumentation -Wunreachable-code -Wno-implicit-atomic-properties -Werror\=deprecated-objc-isa-usage -Wno-objc-interface-ivars -Werror\=objc-root-class -Wno-arc-repeated-use-of-weak -Wimplicit-retain-self -Wduplicate-method-match -Wno-missing-braces -Wparentheses -Wswitch -Wunused-function -Wno-unused-label -Wno-unused-parameter -Wunused-variable -Wunused-value -Wempty-body -Wuninitialized -Wconditional-uninitialized -Wno-unknown-pragmas -Wno-shadow -Wno-four-char-constants -Wno-conversion -Wconstant-conversion -Wint-conversion -Wbool-conversion -Wenum-conversion -Wno-float-conversion -Wnon-literal-null-conversion -Wobjc-literal-conversion -Wshorten-64-to-32 -Wpointer-sign -Wno-newline-eof -Wno-selector -Wno-strict-selector-match -Wundeclared-selector -Wdeprecated-implementations -Wno-implicit-fallthrough -fstrict-aliasing -Wprotocol -Wdeprecated-declarations -Wno-sign-conversion -Winfinite-recursion -Wcomma -Wblock-capture-autoreleasing -Wstrict-prototypes -Wno-semicolon-before-method-body -Wunguarded-availability @/Users/lekiaprosper/Library/Developer/Xcode/DerivedData/App-bmeqrztakkzxpkcqfdhhsyyyzbjg/Build/Intermediates.noindex/ArchiveIntermediates/App/IntermediateBuildFilesPath/Pods.build/Release-iphoneos/CapacitorCordova.build/Objects-normal/arm64/e6072d4f65d7061329687fe24e3d63a7-common-args.resp -include /Users/lekiaprosper/Documents/Dev/Connectize/Connectize-Frontend/ios/App/Pods/Target\ Support\ Files/CapacitorCordova/CapacitorCordova-prefix.pch -MMD -MT dependencies -MF /Users/lekiaprosper/Library/Developer/Xcode/DerivedData/App-bmeqrztakkzxpkcqfdhhsyyyzbjg/Build/Intermediates.noindex/ArchiveIntermediates/App/IntermediateBuildFilesPath/Pods.build/Release-iphoneos/CapacitorCordova.build/Objects-normal/arm64/CDVWebViewProcessPoolFactory.d --serialize-diagnostics /Users/lekiaprosper/Library/Developer/Xcode/DerivedData/App-bmeqrztakkzxpkcqfdhhsyyyzbjg/Build/Intermediates.noindex/ArchiveIntermediates/App/IntermediateBuildFilesPath/Pods.build/Release-iphoneos/CapacitorCordova.build/Objects-normal/arm64/CDVWebViewProcessPoolFactory.dia -c /Users/lekiaprosper/Documents/Dev/Connectize/Connectize-Frontend/node_modules/@capacitor/ios/CapacitorCordova/CapacitorCordova/Classes/Public/CDVWebViewProcessPoolFactory.m -o /Users/lekiaprosper/Library/Developer/Xcode/DerivedData/App-bmeqrztakkzxpkcqfdhhsyyyzbjg/Build/Intermediates.noindex/ArchiveIntermediates/App/IntermediateBuildFilesPath/Pods.build/Release-iphoneos/CapacitorCordova.build/Objects-normal/arm64/CDVWebViewProcessPoolFactory.o

ScanDependencies /Users/lekiaprosper/Library/Developer/Xcode/DerivedData/App-bmeqrztakkzxpkcqfdhhsyyyzbjg/Build/Intermediates.noindex/ArchiveIntermediates/App/IntermediateBuildFilesPath/Pods.build/Release-iphoneos/CapacitorCordova.build/Objects-normal/arm64/CDVViewController.o /Users/lekiaprosper/Documents/Dev/Connectize/Connectize-Frontend/node_modules/@capacitor/ios/CapacitorCordova/CapacitorCordova/Classes/Public/CDVViewController.m normal arm64 objective-c com.apple.compilers.llvm.clang.1_0.compiler (in target 'CapacitorCordova' from project 'Pods')
    cd /Users/lekiaprosper/Documents/Dev/Connectize/Connectize-Frontend/ios/App/Pods
    
    Using response file: /Users/lekiaprosper/Library/Developer/Xcode/DerivedData/App-bmeqrztakkzxpkcqfdhhsyyyzbjg/Build/Intermediates.noindex/ArchiveIntermediates/App/IntermediateBuildFilesPath/Pods.build/Release-iphoneos/CapacitorCordova.build/Objects-normal/arm64/e6072d4f65d7061329687fe24e3d63a7-common-args.resp
    
    builtin-ScanDependencies -o /Users/lekiaprosper/Library/Developer/Xcode/DerivedData/App-bmeqrztakkzxpkcqfdhhsyyyzbjg/Build/Intermediates.noindex/ArchiveIntermediates/App/IntermediateBuildFilesPath/Pods.build/Release-iphoneos/CapacitorCordova.build/Objects-normal/arm64/CDVViewController.o.scan -- /Applications/Xcode.app/Contents/Developer/Toolchains/XcodeDefault.xctoolchain/usr/bin/clang -x objective-c -ivfsstatcache /Users/lekiaprosper/Library/Developer/Xcode/DerivedData/SDKStatCaches.noindex/iphoneos26.0-23A339-81ce72e5b06c9602b9d30b56f2eed08a.sdkstatcache -fmessage-length\=0 -fdiagnostics-show-note-include-stack -fmacro-backtrace-limit\=0 -fno-color-diagnostics -fmodules-prune-interval\=86400 -fmodules-prune-after\=345600 -fbuild-session-file\=/Users/lekiaprosper/Library/Developer/Xcode/DerivedData/ModuleCache.noindex/Session.modulevalidation -fmodules-validate-once-per-build-session -Wnon-modular-include-in-framework-module -Werror\=non-modular-include-in-framework-module -Wno-trigraphs -Wno-missing-field-initializers -Wno-missing-prototypes -Werror\=return-type -Wdocumentation -Wunreachable-code -Wno-implicit-atomic-properties -Werror\=deprecated-objc-isa-usage -Wno-objc-interface-ivars -Werror\=objc-root-class -Wno-arc-repeated-use-of-weak -Wimplicit-retain-self -Wduplicate-method-match -Wno-missing-braces -Wparentheses -Wswitch -Wunused-function -Wno-unused-label -Wno-unused-parameter -Wunused-variable -Wunused-value -Wempty-body -Wuninitialized -Wconditional-uninitialized -Wno-unknown-pragmas -Wno-shadow -Wno-four-char-constants -Wno-conversion -Wconstant-conversion -Wint-conversion -Wbool-conversion -Wenum-conversion -Wno-float-conversion -Wnon-literal-null-conversion -Wobjc-literal-conversion -Wshorten-64-to-32 -Wpointer-sign -Wno-newline-eof -Wno-selector -Wno-strict-selector-match -Wundeclared-selector -Wdeprecated-implementations -Wno-implicit-fallthrough -fstrict-aliasing -Wprotocol -Wdeprecated-declarations -Wno-sign-conversion -Winfinite-recursion -Wcomma -Wblock-capture-autoreleasing -Wstrict-prototypes -Wno-semicolon-before-method-body -Wunguarded-availability @/Users/lekiaprosper/Library/Developer/Xcode/DerivedData/App-bmeqrztakkzxpkcqfdhhsyyyzbjg/Build/Intermediates.noindex/ArchiveIntermediates/App/IntermediateBuildFilesPath/Pods.build/Release-iphoneos/CapacitorCordova.build/Objects-normal/arm64/e6072d4f65d7061329687fe24e3d63a7-common-args.resp -include /Users/lekiaprosper/Documents/Dev/Connectize/Connectize-Frontend/ios/App/Pods/Target\ Support\ Files/CapacitorCordova/CapacitorCordova-prefix.pch -MMD -MT dependencies -MF /Users/lekiaprosper/Library/Developer/Xcode/DerivedData/App-bmeqrztakkzxpkcqfdhhsyyyzbjg/Build/Intermediates.noindex/ArchiveIntermediates/App/IntermediateBuildFilesPath/Pods.build/Release-iphoneos/CapacitorCordova.build/Objects-normal/arm64/CDVViewController.d --serialize-diagnostics /Users/lekiaprosper/Library/Developer/Xcode/DerivedData/App-bmeqrztakkzxpkcqfdhhsyyyzbjg/Build/Intermediates.noindex/ArchiveIntermediates/App/IntermediateBuildFilesPath/Pods.build/Release-iphoneos/CapacitorCordova.build/Objects-normal/arm64/CDVViewController.dia -c /Users/lekiaprosper/Documents/Dev/Connectize/Connectize-Frontend/node_modules/@capacitor/ios/CapacitorCordova/CapacitorCordova/Classes/Public/CDVViewController.m -o /Users/lekiaprosper/Library/Developer/Xcode/DerivedData/App-bmeqrztakkzxpkcqfdhhsyyyzbjg/Build/Intermediates.noindex/ArchiveIntermediates/App/IntermediateBuildFilesPath/Pods.build/Release-iphoneos/CapacitorCordova.build/Objects-normal/arm64/CDVViewController.o

ScanDependencies /Users/lekiaprosper/Library/Developer/Xcode/DerivedData/App-bmeqrztakkzxpkcqfdhhsyyyzbjg/Build/Intermediates.noindex/ArchiveIntermediates/App/IntermediateBuildFilesPath/Pods.build/Release-iphoneos/CapacitorCordova.build/Objects-normal/arm64/CDVPluginResult.o /Users/lekiaprosper/Documents/Dev/Connectize/Connectize-Frontend/node_modules/@capacitor/ios/CapacitorCordova/CapacitorCordova/Classes/Public/CDVPluginResult.m normal arm64 objective-c com.apple.compilers.llvm.clang.1_0.compiler (in target 'CapacitorCordova' from project 'Pods')
    cd /Users/lekiaprosper/Documents/Dev/Connectize/Connectize-Frontend/ios/App/Pods
    
    Using response file: /Users/lekiaprosper/Library/Developer/Xcode/DerivedData/App-bmeqrztakkzxpkcqfdhhsyyyzbjg/Build/Intermediates.noindex/ArchiveIntermediates/App/IntermediateBuildFilesPath/Pods.build/Release-iphoneos/CapacitorCordova.build/Objects-normal/arm64/e6072d4f65d7061329687fe24e3d63a7-common-args.resp
    
    builtin-ScanDependencies -o /Users/lekiaprosper/Library/Developer/Xcode/DerivedData/App-bmeqrztakkzxpkcqfdhhsyyyzbjg/Build/Intermediates.noindex/ArchiveIntermediates/App/IntermediateBuildFilesPath/Pods.build/Release-iphoneos/CapacitorCordova.build/Objects-normal/arm64/CDVPluginResult.o.scan -- /Applications/Xcode.app/Contents/Developer/Toolchains/XcodeDefault.xctoolchain/usr/bin/clang -x objective-c -ivfsstatcache /Users/lekiaprosper/Library/Developer/Xcode/DerivedData/SDKStatCaches.noindex/iphoneos26.0-23A339-81ce72e5b06c9602b9d30b56f2eed08a.sdkstatcache -fmessage-length\=0 -fdiagnostics-show-note-include-stack -fmacro-backtrace-limit\=0 -fno-color-diagnostics -fmodules-prune-interval\=86400 -fmodules-prune-after\=345600 -fbuild-session-file\=/Users/lekiaprosper/Library/Developer/Xcode/DerivedData/ModuleCache.noindex/Session.modulevalidation -fmodules-validate-once-per-build-session -Wnon-modular-include-in-framework-module -Werror\=non-modular-include-in-framework-module -Wno-trigraphs -Wno-missing-field-initializers -Wno-missing-prototypes -Werror\=return-type -Wdocumentation -Wunreachable-code -Wno-implicit-atomic-properties -Werror\=deprecated-objc-isa-usage -Wno-objc-interface-ivars -Werror\=objc-root-class -Wno-arc-repeated-use-of-weak -Wimplicit-retain-self -Wduplicate-method-match -Wno-missing-braces -Wparentheses -Wswitch -Wunused-function -Wno-unused-label -Wno-unused-parameter -Wunused-variable -Wunused-value -Wempty-body -Wuninitialized -Wconditional-uninitialized -Wno-unknown-pragmas -Wno-shadow -Wno-four-char-constants -Wno-conversion -Wconstant-conversion -Wint-conversion -Wbool-conversion -Wenum-conversion -Wno-float-conversion -Wnon-literal-null-conversion -Wobjc-literal-conversion -Wshorten-64-to-32 -Wpointer-sign -Wno-newline-eof -Wno-selector -Wno-strict-selector-match -Wundeclared-selector -Wdeprecated-implementations -Wno-implicit-fallthrough -fstrict-aliasing -Wprotocol -Wdeprecated-declarations -Wno-sign-conversion -Winfinite-recursion -Wcomma -Wblock-capture-autoreleasing -Wstrict-prototypes -Wno-semicolon-before-method-body -Wunguarded-availability @/Users/lekiaprosper/Library/Developer/Xcode/DerivedData/App-bmeqrztakkzxpkcqfdhhsyyyzbjg/Build/Intermediates.noindex/ArchiveIntermediates/App/IntermediateBuildFilesPath/Pods.build/Release-iphoneos/CapacitorCordova.build/Objects-normal/arm64/e6072d4f65d7061329687fe24e3d63a7-common-args.resp -include /Users/lekiaprosper/Documents/Dev/Connectize/Connectize-Frontend/ios/App/Pods/Target\ Support\ Files/CapacitorCordova/CapacitorCordova-prefix.pch -MMD -MT dependencies -MF /Users/lekiaprosper/Library/Developer/Xcode/DerivedData/App-bmeqrztakkzxpkcqfdhhsyyyzbjg/Build/Intermediates.noindex/ArchiveIntermediates/App/IntermediateBuildFilesPath/Pods.build/Release-iphoneos/CapacitorCordova.build/Objects-normal/arm64/CDVPluginResult.d --serialize-diagnostics /Users/lekiaprosper/Library/Developer/Xcode/DerivedData/App-bmeqrztakkzxpkcqfdhhsyyyzbjg/Build/Intermediates.noindex/ArchiveIntermediates/App/IntermediateBuildFilesPath/Pods.build/Release-iphoneos/CapacitorCordova.build/Objects-normal/arm64/CDVPluginResult.dia -c /Users/lekiaprosper/Documents/Dev/Connectize/Connectize-Frontend/node_modules/@capacitor/ios/CapacitorCordova/CapacitorCordova/Classes/Public/CDVPluginResult.m -o /Users/lekiaprosper/Library/Developer/Xcode/DerivedData/App-bmeqrztakkzxpkcqfdhhsyyyzbjg/Build/Intermediates.noindex/ArchiveIntermediates/App/IntermediateBuildFilesPath/Pods.build/Release-iphoneos/CapacitorCordova.build/Objects-normal/arm64/CDVPluginResult.o

ScanDependencies /Users/lekiaprosper/Library/Developer/Xcode/DerivedData/App-bmeqrztakkzxpkcqfdhhsyyyzbjg/Build/Intermediates.noindex/ArchiveIntermediates/App/IntermediateBuildFilesPath/Pods.build/Release-iphoneos/CapacitorCordova.build/Objects-normal/arm64/CDVPluginManager.o /Users/lekiaprosper/Documents/Dev/Connectize/Connectize-Frontend/node_modules/@capacitor/ios/CapacitorCordova/CapacitorCordova/Classes/Public/CDVPluginManager.m normal arm64 objective-c com.apple.compilers.llvm.clang.1_0.compiler (in target 'CapacitorCordova' from project 'Pods')
    cd /Users/lekiaprosper/Documents/Dev/Connectize/Connectize-Frontend/ios/App/Pods
    
    Using response file: /Users/lekiaprosper/Library/Developer/Xcode/DerivedData/App-bmeqrztakkzxpkcqfdhhsyyyzbjg/Build/Intermediates.noindex/ArchiveIntermediates/App/IntermediateBuildFilesPath/Pods.build/Release-iphoneos/CapacitorCordova.build/Objects-normal/arm64/e6072d4f65d7061329687fe24e3d63a7-common-args.resp
    
    builtin-ScanDependencies -o /Users/lekiaprosper/Library/Developer/Xcode/DerivedData/App-bmeqrztakkzxpkcqfdhhsyyyzbjg/Build/Intermediates.noindex/ArchiveIntermediates/App/IntermediateBuildFilesPath/Pods.build/Release-iphoneos/CapacitorCordova.build/Objects-normal/arm64/CDVPluginManager.o.scan -- /Applications/Xcode.app/Contents/Developer/Toolchains/XcodeDefault.xctoolchain/usr/bin/clang -x objective-c -ivfsstatcache /Users/lekiaprosper/Library/Developer/Xcode/DerivedData/SDKStatCaches.noindex/iphoneos26.0-23A339-81ce72e5b06c9602b9d30b56f2eed08a.sdkstatcache -fmessage-length\=0 -fdiagnostics-show-note-include-stack -fmacro-backtrace-limit\=0 -fno-color-diagnostics -fmodules-prune-interval\=86400 -fmodules-prune-after\=345600 -fbuild-session-file\=/Users/lekiaprosper/Library/Developer/Xcode/DerivedData/ModuleCache.noindex/Session.modulevalidation -fmodules-validate-once-per-build-session -Wnon-modular-include-in-framework-module -Werror\=non-modular-include-in-framework-module -Wno-trigraphs -Wno-missing-field-initializers -Wno-missing-prototypes -Werror\=return-type -Wdocumentation -Wunreachable-code -Wno-implicit-atomic-properties -Werror\=deprecated-objc-isa-usage -Wno-objc-interface-ivars -Werror\=objc-root-class -Wno-arc-repeated-use-of-weak -Wimplicit-retain-self -Wduplicate-method-match -Wno-missing-braces -Wparentheses -Wswitch -Wunused-function -Wno-unused-label -Wno-unused-parameter -Wunused-variable -Wunused-value -Wempty-body -Wuninitialized -Wconditional-uninitialized -Wno-unknown-pragmas -Wno-shadow -Wno-four-char-constants -Wno-conversion -Wconstant-conversion -Wint-conversion -Wbool-conversion -Wenum-conversion -Wno-float-conversion -Wnon-literal-null-conversion -Wobjc-literal-conversion -Wshorten-64-to-32 -Wpointer-sign -Wno-newline-eof -Wno-selector -Wno-strict-selector-match -Wundeclared-selector -Wdeprecated-implementations -Wno-implicit-fallthrough -fstrict-aliasing -Wprotocol -Wdeprecated-declarations -Wno-sign-conversion -Winfinite-recursion -Wcomma -Wblock-capture-autoreleasing -Wstrict-prototypes -Wno-semicolon-before-method-body -Wunguarded-availability @/Users/lekiaprosper/Library/Developer/Xcode/DerivedData/App-bmeqrztakkzxpkcqfdhhsyyyzbjg/Build/Intermediates.noindex/ArchiveIntermediates/App/IntermediateBuildFilesPath/Pods.build/Release-iphoneos/CapacitorCordova.build/Objects-normal/arm64/e6072d4f65d7061329687fe24e3d63a7-common-args.resp -include /Users/lekiaprosper/Documents/Dev/Connectize/Connectize-Frontend/ios/App/Pods/Target\ Support\ Files/CapacitorCordova/CapacitorCordova-prefix.pch -MMD -MT dependencies -MF /Users/lekiaprosper/Library/Developer/Xcode/DerivedData/App-bmeqrztakkzxpkcqfdhhsyyyzbjg/Build/Intermediates.noindex/ArchiveIntermediates/App/IntermediateBuildFilesPath/Pods.build/Release-iphoneos/CapacitorCordova.build/Objects-normal/arm64/CDVPluginManager.d --serialize-diagnostics /Users/lekiaprosper/Library/Developer/Xcode/DerivedData/App-bmeqrztakkzxpkcqfdhhsyyyzbjg/Build/Intermediates.noindex/ArchiveIntermediates/App/IntermediateBuildFilesPath/Pods.build/Release-iphoneos/CapacitorCordova.build/Objects-normal/arm64/CDVPluginManager.dia -c /Users/lekiaprosper/Documents/Dev/Connectize/Connectize-Frontend/node_modules/@capacitor/ios/CapacitorCordova/CapacitorCordova/Classes/Public/CDVPluginManager.m -o /Users/lekiaprosper/Library/Developer/Xcode/DerivedData/App-bmeqrztakkzxpkcqfdhhsyyyzbjg/Build/Intermediates.noindex/ArchiveIntermediates/App/IntermediateBuildFilesPath/Pods.build/Release-iphoneos/CapacitorCordova.build/Objects-normal/arm64/CDVPluginManager.o

ScanDependencies /Users/lekiaprosper/Library/Developer/Xcode/DerivedData/App-bmeqrztakkzxpkcqfdhhsyyyzbjg/Build/Intermediates.noindex/ArchiveIntermediates/App/IntermediateBuildFilesPath/Pods.build/Release-iphoneos/CapacitorCordova.build/Objects-normal/arm64/Cordova_vers.o /Users/lekiaprosper/Library/Developer/Xcode/DerivedData/App-bmeqrztakkzxpkcqfdhhsyyyzbjg/Build/Intermediates.noindex/ArchiveIntermediates/App/IntermediateBuildFilesPath/Pods.build/Release-iphoneos/CapacitorCordova.build/DerivedSources/Cordova_vers.c normal arm64 c com.apple.compilers.llvm.clang.1_0.compiler (in target 'CapacitorCordova' from project 'Pods')
    cd /Users/lekiaprosper/Documents/Dev/Connectize/Connectize-Frontend/ios/App/Pods
    
    Using response file: /Users/lekiaprosper/Library/Developer/Xcode/DerivedData/App-bmeqrztakkzxpkcqfdhhsyyyzbjg/Build/Intermediates.noindex/ArchiveIntermediates/App/IntermediateBuildFilesPath/Pods.build/Release-iphoneos/CapacitorCordova.build/Objects-normal/arm64/7187679823f38a2a940e0043cdf9d637-common-args.resp
    
    builtin-ScanDependencies -o /Users/lekiaprosper/Library/Developer/Xcode/DerivedData/App-bmeqrztakkzxpkcqfdhhsyyyzbjg/Build/Intermediates.noindex/ArchiveIntermediates/App/IntermediateBuildFilesPath/Pods.build/Release-iphoneos/CapacitorCordova.build/Objects-normal/arm64/Cordova_vers.o.scan -- /Applications/Xcode.app/Contents/Developer/Toolchains/XcodeDefault.xctoolchain/usr/bin/clang -x c -ivfsstatcache /Users/lekiaprosper/Library/Developer/Xcode/DerivedData/SDKStatCaches.noindex/iphoneos26.0-23A339-81ce72e5b06c9602b9d30b56f2eed08a.sdkstatcache -fmessage-length\=0 -fdiagnostics-show-note-include-stack -fmacro-backtrace-limit\=0 -fno-color-diagnostics -fmodules-prune-interval\=86400 -fmodules-prune-after\=345600 -fbuild-session-file\=/Users/lekiaprosper/Library/Developer/Xcode/DerivedData/ModuleCache.noindex/Session.modulevalidation -fmodules-validate-once-per-build-session -Wnon-modular-include-in-framework-module -Werror\=non-modular-include-in-framework-module -Wno-trigraphs -Wno-missing-field-initializers -Wno-missing-prototypes -Werror\=return-type -Wdocumentation -Wunreachable-code -Werror\=deprecated-objc-isa-usage -Werror\=objc-root-class -Wno-missing-braces -Wparentheses -Wswitch -Wunused-function -Wno-unused-label -Wno-unused-parameter -Wunused-variable -Wunused-value -Wempty-body -Wuninitialized -Wconditional-uninitialized -Wno-unknown-pragmas -Wno-shadow -Wno-four-char-constants -Wno-conversion -Wconstant-conversion -Wint-conversion -Wbool-conversion -Wenum-conversion -Wno-float-conversion -Wnon-literal-null-conversion -Wobjc-literal-conversion -Wshorten-64-to-32 -Wpointer-sign -Wno-newline-eof -Wno-implicit-fallthrough -fstrict-aliasing -Wdeprecated-declarations -Wno-sign-conversion -Winfinite-recursion -Wcomma -Wblock-capture-autoreleasing -Wstrict-prototypes -Wno-semicolon-before-method-body -Wunguarded-availability @/Users/lekiaprosper/Library/Developer/Xcode/DerivedData/App-bmeqrztakkzxpkcqfdhhsyyyzbjg/Build/Intermediates.noindex/ArchiveIntermediates/App/IntermediateBuildFilesPath/Pods.build/Release-iphoneos/CapacitorCordova.build/Objects-normal/arm64/7187679823f38a2a940e0043cdf9d637-common-args.resp -MMD -MT dependencies -MF /Users/lekiaprosper/Library/Developer/Xcode/DerivedData/App-bmeqrztakkzxpkcqfdhhsyyyzbjg/Build/Intermediates.noindex/ArchiveIntermediates/App/IntermediateBuildFilesPath/Pods.build/Release-iphoneos/CapacitorCordova.build/Objects-normal/arm64/Cordova_vers.d --serialize-diagnostics /Users/lekiaprosper/Library/Developer/Xcode/DerivedData/App-bmeqrztakkzxpkcqfdhhsyyyzbjg/Build/Intermediates.noindex/ArchiveIntermediates/App/IntermediateBuildFilesPath/Pods.build/Release-iphoneos/CapacitorCordova.build/Objects-normal/arm64/Cordova_vers.dia -c /Users/lekiaprosper/Library/Developer/Xcode/DerivedData/App-bmeqrztakkzxpkcqfdhhsyyyzbjg/Build/Intermediates.noindex/ArchiveIntermediates/App/IntermediateBuildFilesPath/Pods.build/Release-iphoneos/CapacitorCordova.build/DerivedSources/Cordova_vers.c -o /Users/lekiaprosper/Library/Developer/Xcode/DerivedData/App-bmeqrztakkzxpkcqfdhhsyyyzbjg/Build/Intermediates.noindex/ArchiveIntermediates/App/IntermediateBuildFilesPath/Pods.build/Release-iphoneos/CapacitorCordova.build/Objects-normal/arm64/Cordova_vers.o

ScanDependencies /Users/lekiaprosper/Library/Developer/Xcode/DerivedData/App-bmeqrztakkzxpkcqfdhhsyyyzbjg/Build/Intermediates.noindex/ArchiveIntermediates/App/IntermediateBuildFilesPath/Pods.build/Release-iphoneos/CapacitorCordova.build/Objects-normal/arm64/CapacitorCordova-dummy.o /Users/lekiaprosper/Documents/Dev/Connectize/Connectize-Frontend/ios/App/Pods/Target\ Support\ Files/CapacitorCordova/CapacitorCordova-dummy.m normal arm64 objective-c com.apple.compilers.llvm.clang.1_0.compiler (in target 'CapacitorCordova' from project 'Pods')
    cd /Users/lekiaprosper/Documents/Dev/Connectize/Connectize-Frontend/ios/App/Pods
    
    Using response file: /Users/lekiaprosper/Library/Developer/Xcode/DerivedData/App-bmeqrztakkzxpkcqfdhhsyyyzbjg/Build/Intermediates.noindex/ArchiveIntermediates/App/IntermediateBuildFilesPath/Pods.build/Release-iphoneos/CapacitorCordova.build/Objects-normal/arm64/e6072d4f65d7061329687fe24e3d63a7-common-args.resp
    
    builtin-ScanDependencies -o /Users/lekiaprosper/Library/Developer/Xcode/DerivedData/App-bmeqrztakkzxpkcqfdhhsyyyzbjg/Build/Intermediates.noindex/ArchiveIntermediates/App/IntermediateBuildFilesPath/Pods.build/Release-iphoneos/CapacitorCordova.build/Objects-normal/arm64/CapacitorCordova-dummy.o.scan -- /Applications/Xcode.app/Contents/Developer/Toolchains/XcodeDefault.xctoolchain/usr/bin/clang -x objective-c -ivfsstatcache /Users/lekiaprosper/Library/Developer/Xcode/DerivedData/SDKStatCaches.noindex/iphoneos26.0-23A339-81ce72e5b06c9602b9d30b56f2eed08a.sdkstatcache -fmessage-length\=0 -fdiagnostics-show-note-include-stack -fmacro-backtrace-limit\=0 -fno-color-diagnostics -fmodules-prune-interval\=86400 -fmodules-prune-after\=345600 -fbuild-session-file\=/Users/lekiaprosper/Library/Developer/Xcode/DerivedData/ModuleCache.noindex/Session.modulevalidation -fmodules-validate-once-per-build-session -Wnon-modular-include-in-framework-module -Werror\=non-modular-include-in-framework-module -Wno-trigraphs -Wno-missing-field-initializers -Wno-missing-prototypes -Werror\=return-type -Wdocumentation -Wunreachable-code -Wno-implicit-atomic-properties -Werror\=deprecated-objc-isa-usage -Wno-objc-interface-ivars -Werror\=objc-root-class -Wno-arc-repeated-use-of-weak -Wimplicit-retain-self -Wduplicate-method-match -Wno-missing-braces -Wparentheses -Wswitch -Wunused-function -Wno-unused-label -Wno-unused-parameter -Wunused-variable -Wunused-value -Wempty-body -Wuninitialized -Wconditional-uninitialized -Wno-unknown-pragmas -Wno-shadow -Wno-four-char-constants -Wno-conversion -Wconstant-conversion -Wint-conversion -Wbool-conversion -Wenum-conversion -Wno-float-conversion -Wnon-literal-null-conversion -Wobjc-literal-conversion -Wshorten-64-to-32 -Wpointer-sign -Wno-newline-eof -Wno-selector -Wno-strict-selector-match -Wundeclared-selector -Wdeprecated-implementations -Wno-implicit-fallthrough -fstrict-aliasing -Wprotocol -Wdeprecated-declarations -Wno-sign-conversion -Winfinite-recursion -Wcomma -Wblock-capture-autoreleasing -Wstrict-prototypes -Wno-semicolon-before-method-body -Wunguarded-availability @/Users/lekiaprosper/Library/Developer/Xcode/DerivedData/App-bmeqrztakkzxpkcqfdhhsyyyzbjg/Build/Intermediates.noindex/ArchiveIntermediates/App/IntermediateBuildFilesPath/Pods.build/Release-iphoneos/CapacitorCordova.build/Objects-normal/arm64/e6072d4f65d7061329687fe24e3d63a7-common-args.resp -include /Users/lekiaprosper/Documents/Dev/Connectize/Connectize-Frontend/ios/App/Pods/Target\ Support\ Files/CapacitorCordova/CapacitorCordova-prefix.pch -MMD -MT dependencies -MF /Users/lekiaprosper/Library/Developer/Xcode/DerivedData/App-bmeqrztakkzxpkcqfdhhsyyyzbjg/Build/Intermediates.noindex/ArchiveIntermediates/App/IntermediateBuildFilesPath/Pods.build/Release-iphoneos/CapacitorCordova.build/Objects-normal/arm64/CapacitorCordova-dummy.d --serialize-diagnostics /Users/lekiaprosper/Library/Developer/Xcode/DerivedData/App-bmeqrztakkzxpkcqfdhhsyyyzbjg/Build/Intermediates.noindex/ArchiveIntermediates/App/IntermediateBuildFilesPath/Pods.build/Release-iphoneos/CapacitorCordova.build/Objects-normal/arm64/CapacitorCordova-dummy.dia -c /Users/lekiaprosper/Documents/Dev/Connectize/Connectize-Frontend/ios/App/Pods/Target\ Support\ Files/CapacitorCordova/CapacitorCordova-dummy.m -o /Users/lekiaprosper/Library/Developer/Xcode/DerivedData/App-bmeqrztakkzxpkcqfdhhsyyyzbjg/Build/Intermediates.noindex/ArchiveIntermediates/App/IntermediateBuildFilesPath/Pods.build/Release-iphoneos/CapacitorCordova.build/Objects-normal/arm64/CapacitorCordova-dummy.o

SwiftDriver Capacitor normal arm64 com.apple.xcode.tools.swift.compiler (in target 'Capacitor' from project 'Pods')
    cd /Users/lekiaprosper/Documents/Dev/Connectize/Connectize-Frontend/ios/App/Pods
    builtin-SwiftDriver -- /Applications/Xcode.app/Contents/Developer/Toolchains/XcodeDefault.xctoolchain/usr/bin/swiftc -disable-bridging-pch -module-name Capacitor -Onone -whole-module-optimization -enforce-exclusivity\=checked @/Users/lekiaprosper/Library/Developer/Xcode/DerivedData/App-bmeqrztakkzxpkcqfdhhsyyyzbjg/Build/Intermediates.noindex/ArchiveIntermediates/App/IntermediateBuildFilesPath/Pods.build/Release-iphoneos/Capacitor.build/Objects-normal/arm64/Capacitor.SwiftFileList -D COCOAPODS -enable-bare-slash-regex -enable-experimental-feature DebugDescriptionMacro -sdk /Applications/Xcode.app/Contents/Developer/Platforms/iPhoneOS.platform/Developer/SDKs/iPhoneOS26.0.sdk -target arm64-apple-ios14.0 -g -module-cache-path /Users/lekiaprosper/Library/Developer/Xcode/DerivedData/ModuleCache.noindex -Xfrontend -serialize-debugging-options -suppress-warnings -swift-version 5 -I /Users/lekiaprosper/Library/Developer/Xcode/DerivedData/App-bmeqrztakkzxpkcqfdhhsyyyzbjg/Build/Intermediates.noindex/ArchiveIntermediates/App/BuildProductsPath/Release-iphoneos/Capacitor -F /Users/lekiaprosper/Library/Developer/Xcode/DerivedData/App-bmeqrztakkzxpkcqfdhhsyyyzbjg/Build/Intermediates.noindex/ArchiveIntermediates/App/BuildProductsPath/Release-iphoneos/Capacitor -F /Users/lekiaprosper/Library/Developer/Xcode/DerivedData/App-bmeqrztakkzxpkcqfdhhsyyyzbjg/Build/Intermediates.noindex/ArchiveIntermediates/App/BuildProductsPath/Release-iphoneos/CapacitorCordova -c -num-threads 10 -Xcc -ivfsstatcache -Xcc /Users/lekiaprosper/Library/Developer/Xcode/DerivedData/SDKStatCaches.noindex/iphoneos26.0-23A339-81ce72e5b06c9602b9d30b56f2eed08a.sdkstatcache -output-file-map /Users/lekiaprosper/Library/Developer/Xcode/DerivedData/App-bmeqrztakkzxpkcqfdhhsyyyzbjg/Build/Intermediates.noindex/ArchiveIntermediates/App/IntermediateBuildFilesPath/Pods.build/Release-iphoneos/Capacitor.build/Objects-normal/arm64/Capacitor-OutputFileMap.json -use-frontend-parseable-output -save-temps -no-color-diagnostics -explicit-module-build -module-cache-path /Users/lekiaprosper/Library/Developer/Xcode/DerivedData/App-bmeqrztakkzxpkcqfdhhsyyyzbjg/Build/Intermediates.noindex/ArchiveIntermediates/App/IntermediateBuildFilesPath/SwiftExplicitPrecompiledModules -clang-scanner-module-cache-path /Users/lekiaprosper/Library/Developer/Xcode/DerivedData/ModuleCache.noindex -sdk-module-cache-path /Users/lekiaprosper/Library/Developer/Xcode/DerivedData/ModuleCache.noindex -serialize-diagnostics -emit-dependencies -emit-module -emit-module-path /Users/lekiaprosper/Library/Developer/Xcode/DerivedData/App-bmeqrztakkzxpkcqfdhhsyyyzbjg/Build/Intermediates.noindex/ArchiveIntermediates/App/IntermediateBuildFilesPath/Pods.build/Release-iphoneos/Capacitor.build/Objects-normal/arm64/Capacitor.swiftmodule -validate-clang-modules-once -clang-build-session-file /Users/lekiaprosper/Library/Developer/Xcode/DerivedData/ModuleCache.noindex/Session.modulevalidation -Xcc -I/Users/lekiaprosper/Library/Developer/Xcode/DerivedData/App-bmeqrztakkzxpkcqfdhhsyyyzbjg/Build/Intermediates.noindex/ArchiveIntermediates/App/IntermediateBuildFilesPath/Pods.build/Release-iphoneos/Capacitor.build/swift-overrides.hmap -emit-const-values -Xfrontend -const-gather-protocols-file -Xfrontend /Users/lekiaprosper/Library/Developer/Xcode/DerivedData/App-bmeqrztakkzxpkcqfdhhsyyyzbjg/Build/Intermediates.noindex/ArchiveIntermediates/App/IntermediateBuildFilesPath/Pods.build/Release-iphoneos/Capacitor.build/Objects-normal/arm64/Capacitor_const_extract_protocols.json -Xcc -iquote -Xcc /Users/lekiaprosper/Library/Developer/Xcode/DerivedData/App-bmeqrztakkzxpkcqfdhhsyyyzbjg/Build/Intermediates.noindex/ArchiveIntermediates/App/IntermediateBuildFilesPath/Pods.build/Release-iphoneos/Capacitor.build/Capacitor-generated-files.hmap -Xcc -I/Users/lekiaprosper/Library/Developer/Xcode/DerivedData/App-bmeqrztakkzxpkcqfdhhsyyyzbjg/Build/Intermediates.noindex/ArchiveIntermediates/App/IntermediateBuildFilesPath/Pods.build/Release-iphoneos/Capacitor.build/Capacitor-own-target-headers.hmap -Xcc -I/Users/lekiaprosper/Library/Developer/Xcode/DerivedData/App-bmeqrztakkzxpkcqfdhhsyyyzbjg/Build/Intermediates.noindex/ArchiveIntermediates/App/IntermediateBuildFilesPath/Pods.build/Release-iphoneos/Capacitor.build/Capacitor-all-non-framework-target-headers.hmap -Xcc -ivfsoverlay -Xcc /Users/lekiaprosper/Library/Developer/Xcode/DerivedData/App-bmeqrztakkzxpkcqfdhhsyyyzbjg/Build/Intermediates.noindex/ArchiveIntermediates/App/IntermediateBuildFilesPath/Pods.build/Release-iphoneos/Pods-8699adb1dd336b26511df848a716bd42-VFS-iphoneos/all-product-headers.yaml -Xcc -iquote -Xcc /Users/lekiaprosper/Library/Developer/Xcode/DerivedData/App-bmeqrztakkzxpkcqfdhhsyyyzbjg/Build/Intermediates.noindex/ArchiveIntermediates/App/IntermediateBuildFilesPath/Pods.build/Release-iphoneos/Capacitor.build/Capacitor-project-headers.hmap -Xcc -I/Users/lekiaprosper/Library/Developer/Xcode/DerivedData/App-bmeqrztakkzxpkcqfdhhsyyyzbjg/Build/Intermediates.noindex/ArchiveIntermediates/App/BuildProductsPath/Release-iphoneos/Capacitor/include -Xcc -I/Users/lekiaprosper/Library/Developer/Xcode/DerivedData/App-bmeqrztakkzxpkcqfdhhsyyyzbjg/Build/Intermediates.noindex/ArchiveIntermediates/App/IntermediateBuildFilesPath/Pods.build/Release-iphoneos/Capacitor.build/DerivedSources-normal/arm64 -Xcc -I/Users/lekiaprosper/Library/Developer/Xcode/DerivedData/App-bmeqrztakkzxpkcqfdhhsyyyzbjg/Build/Intermediates.noindex/ArchiveIntermediates/App/IntermediateBuildFilesPath/Pods.build/Release-iphoneos/Capacitor.build/DerivedSources/arm64 -Xcc -I/Users/lekiaprosper/Library/Developer/Xcode/DerivedData/App-bmeqrztakkzxpkcqfdhhsyyyzbjg/Build/Intermediates.noindex/ArchiveIntermediates/App/IntermediateBuildFilesPath/Pods.build/Release-iphoneos/Capacitor.build/DerivedSources -Xcc -DPOD_CONFIGURATION_RELEASE\=1 -Xcc -DCOCOAPODS\=1 -emit-objc-header -emit-objc-header-path /Users/lekiaprosper/Library/Developer/Xcode/DerivedData/App-bmeqrztakkzxpkcqfdhhsyyyzbjg/Build/Intermediates.noindex/ArchiveIntermediates/App/IntermediateBuildFilesPath/Pods.build/Release-iphoneos/Capacitor.build/Objects-normal/arm64/Capacitor-Swift.h -import-underlying-module -Xcc -ivfsoverlay -Xcc /Users/lekiaprosper/Library/Developer/Xcode/DerivedData/App-bmeqrztakkzxpkcqfdhhsyyyzbjg/Build/Intermediates.noindex/ArchiveIntermediates/App/IntermediateBuildFilesPath/Pods.build/Release-iphoneos/Capacitor.build/unextended-module-overlay.yaml -working-directory /Users/lekiaprosper/Documents/Dev/Connectize/Connectize-Frontend/ios/App/Pods -no-emit-module-separately-wmo

ScanDependencies /Users/lekiaprosper/Library/Developer/Xcode/DerivedData/App-bmeqrztakkzxpkcqfdhhsyyyzbjg/Build/Intermediates.noindex/ArchiveIntermediates/App/IntermediateBuildFilesPath/Pods.build/Release-iphoneos/CapacitorCordova.build/Objects-normal/arm64/CDVPlugin.o /Users/lekiaprosper/Documents/Dev/Connectize/Connectize-Frontend/node_modules/@capacitor/ios/CapacitorCordova/CapacitorCordova/Classes/Public/CDVPlugin.m normal arm64 objective-c com.apple.compilers.llvm.clang.1_0.compiler (in target 'CapacitorCordova' from project 'Pods')
    cd /Users/lekiaprosper/Documents/Dev/Connectize/Connectize-Frontend/ios/App/Pods
    
    Using response file: /Users/lekiaprosper/Library/Developer/Xcode/DerivedData/App-bmeqrztakkzxpkcqfdhhsyyyzbjg/Build/Intermediates.noindex/ArchiveIntermediates/App/IntermediateBuildFilesPath/Pods.build/Release-iphoneos/CapacitorCordova.build/Objects-normal/arm64/e6072d4f65d7061329687fe24e3d63a7-common-args.resp
    
    builtin-ScanDependencies -o /Users/lekiaprosper/Library/Developer/Xcode/DerivedData/App-bmeqrztakkzxpkcqfdhhsyyyzbjg/Build/Intermediates.noindex/ArchiveIntermediates/App/IntermediateBuildFilesPath/Pods.build/Release-iphoneos/CapacitorCordova.build/Objects-normal/arm64/CDVPlugin.o.scan -- /Applications/Xcode.app/Contents/Developer/Toolchains/XcodeDefault.xctoolchain/usr/bin/clang -x objective-c -ivfsstatcache /Users/lekiaprosper/Library/Developer/Xcode/DerivedData/SDKStatCaches.noindex/iphoneos26.0-23A339-81ce72e5b06c9602b9d30b56f2eed08a.sdkstatcache -fmessage-length\=0 -fdiagnostics-show-note-include-stack -fmacro-backtrace-limit\=0 -fno-color-diagnostics -fmodules-prune-interval\=86400 -fmodules-prune-after\=345600 -fbuild-session-file\=/Users/lekiaprosper/Library/Developer/Xcode/DerivedData/ModuleCache.noindex/Session.modulevalidation -fmodules-validate-once-per-build-session -Wnon-modular-include-in-framework-module -Werror\=non-modular-include-in-framework-module -Wno-trigraphs -Wno-missing-field-initializers -Wno-missing-prototypes -Werror\=return-type -Wdocumentation -Wunreachable-code -Wno-implicit-atomic-properties -Werror\=deprecated-objc-isa-usage -Wno-objc-interface-ivars -Werror\=objc-root-class -Wno-arc-repeated-use-of-weak -Wimplicit-retain-self -Wduplicate-method-match -Wno-missing-braces -Wparentheses -Wswitch -Wunused-function -Wno-unused-label -Wno-unused-parameter -Wunused-variable -Wunused-value -Wempty-body -Wuninitialized -Wconditional-uninitialized -Wno-unknown-pragmas -Wno-shadow -Wno-four-char-constants -Wno-conversion -Wconstant-conversion -Wint-conversion -Wbool-conversion -Wenum-conversion -Wno-float-conversion -Wnon-literal-null-conversion -Wobjc-literal-conversion -Wshorten-64-to-32 -Wpointer-sign -Wno-newline-eof -Wno-selector -Wno-strict-selector-match -Wundeclared-selector -Wdeprecated-implementations -Wno-implicit-fallthrough -fstrict-aliasing -Wprotocol -Wdeprecated-declarations -Wno-sign-conversion -Winfinite-recursion -Wcomma -Wblock-capture-autoreleasing -Wstrict-prototypes -Wno-semicolon-before-method-body -Wunguarded-availability @/Users/lekiaprosper/Library/Developer/Xcode/DerivedData/App-bmeqrztakkzxpkcqfdhhsyyyzbjg/Build/Intermediates.noindex/ArchiveIntermediates/App/IntermediateBuildFilesPath/Pods.build/Release-iphoneos/CapacitorCordova.build/Objects-normal/arm64/e6072d4f65d7061329687fe24e3d63a7-common-args.resp -include /Users/lekiaprosper/Documents/Dev/Connectize/Connectize-Frontend/ios/App/Pods/Target\ Support\ Files/CapacitorCordova/CapacitorCordova-prefix.pch -MMD -MT dependencies -MF /Users/lekiaprosper/Library/Developer/Xcode/DerivedData/App-bmeqrztakkzxpkcqfdhhsyyyzbjg/Build/Intermediates.noindex/ArchiveIntermediates/App/IntermediateBuildFilesPath/Pods.build/Release-iphoneos/CapacitorCordova.build/Objects-normal/arm64/CDVPlugin.d --serialize-diagnostics /Users/lekiaprosper/Library/Developer/Xcode/DerivedData/App-bmeqrztakkzxpkcqfdhhsyyyzbjg/Build/Intermediates.noindex/ArchiveIntermediates/App/IntermediateBuildFilesPath/Pods.build/Release-iphoneos/CapacitorCordova.build/Objects-normal/arm64/CDVPlugin.dia -c /Users/lekiaprosper/Documents/Dev/Connectize/Connectize-Frontend/node_modules/@capacitor/ios/CapacitorCordova/CapacitorCordova/Classes/Public/CDVPlugin.m -o /Users/lekiaprosper/Library/Developer/Xcode/DerivedData/App-bmeqrztakkzxpkcqfdhhsyyyzbjg/Build/Intermediates.noindex/ArchiveIntermediates/App/IntermediateBuildFilesPath/Pods.build/Release-iphoneos/CapacitorCordova.build/Objects-normal/arm64/CDVPlugin.o

CompileC /Users/lekiaprosper/Library/Developer/Xcode/DerivedData/App-bmeqrztakkzxpkcqfdhhsyyyzbjg/Build/Intermediates.noindex/ArchiveIntermediates/App/IntermediateBuildFilesPath/Pods.build/Release-iphoneos/CapacitorCordova.build/Objects-normal/arm64/Cordova_vers.o /Users/lekiaprosper/Library/Developer/Xcode/DerivedData/App-bmeqrztakkzxpkcqfdhhsyyyzbjg/Build/Intermediates.noindex/ArchiveIntermediates/App/IntermediateBuildFilesPath/Pods.build/Release-iphoneos/CapacitorCordova.build/DerivedSources/Cordova_vers.c normal arm64 c com.apple.compilers.llvm.clang.1_0.compiler (in target 'CapacitorCordova' from project 'Pods')
    cd /Users/lekiaprosper/Documents/Dev/Connectize/Connectize-Frontend/ios/App/Pods
    
    Using response file: /Users/lekiaprosper/Library/Developer/Xcode/DerivedData/App-bmeqrztakkzxpkcqfdhhsyyyzbjg/Build/Intermediates.noindex/ArchiveIntermediates/App/IntermediateBuildFilesPath/Pods.build/Release-iphoneos/CapacitorCordova.build/Objects-normal/arm64/7187679823f38a2a940e0043cdf9d637-common-args.resp
    
    /Applications/Xcode.app/Contents/Developer/Toolchains/XcodeDefault.xctoolchain/usr/bin/clang -x c -ivfsstatcache /Users/lekiaprosper/Library/Developer/Xcode/DerivedData/SDKStatCaches.noindex/iphoneos26.0-23A339-81ce72e5b06c9602b9d30b56f2eed08a.sdkstatcache -fmessage-length\=0 -fdiagnostics-show-note-include-stack -fmacro-backtrace-limit\=0 -fno-color-diagnostics -fmodules-prune-interval\=86400 -fmodules-prune-after\=345600 -fbuild-session-file\=/Users/lekiaprosper/Library/Developer/Xcode/DerivedData/ModuleCache.noindex/Session.modulevalidation -fmodules-validate-once-per-build-session -Wnon-modular-include-in-framework-module -Werror\=non-modular-include-in-framework-module -Wno-trigraphs -Wno-missing-field-initializers -Wno-missing-prototypes -Werror\=return-type -Wdocumentation -Wunreachable-code -Werror\=deprecated-objc-isa-usage -Werror\=objc-root-class -Wno-missing-braces -Wparentheses -Wswitch -Wunused-function -Wno-unused-label -Wno-unused-parameter -Wunused-variable -Wunused-value -Wempty-body -Wuninitialized -Wconditional-uninitialized -Wno-unknown-pragmas -Wno-shadow -Wno-four-char-constants -Wno-conversion -Wconstant-conversion -Wint-conversion -Wbool-conversion -Wenum-conversion -Wno-float-conversion -Wnon-literal-null-conversion -Wobjc-literal-conversion -Wshorten-64-to-32 -Wpointer-sign -Wno-newline-eof -Wno-implicit-fallthrough -fstrict-aliasing -Wdeprecated-declarations -Wno-sign-conversion -Winfinite-recursion -Wcomma -Wblock-capture-autoreleasing -Wstrict-prototypes -Wno-semicolon-before-method-body -Wunguarded-availability @/Users/lekiaprosper/Library/Developer/Xcode/DerivedData/App-bmeqrztakkzxpkcqfdhhsyyyzbjg/Build/Intermediates.noindex/ArchiveIntermediates/App/IntermediateBuildFilesPath/Pods.build/Release-iphoneos/CapacitorCordova.build/Objects-normal/arm64/7187679823f38a2a940e0043cdf9d637-common-args.resp -MMD -MT dependencies -MF /Users/lekiaprosper/Library/Developer/Xcode/DerivedData/App-bmeqrztakkzxpkcqfdhhsyyyzbjg/Build/Intermediates.noindex/ArchiveIntermediates/App/IntermediateBuildFilesPath/Pods.build/Release-iphoneos/CapacitorCordova.build/Objects-normal/arm64/Cordova_vers.d --serialize-diagnostics /Users/lekiaprosper/Library/Developer/Xcode/DerivedData/App-bmeqrztakkzxpkcqfdhhsyyyzbjg/Build/Intermediates.noindex/ArchiveIntermediates/App/IntermediateBuildFilesPath/Pods.build/Release-iphoneos/CapacitorCordova.build/Objects-normal/arm64/Cordova_vers.dia -c /Users/lekiaprosper/Library/Developer/Xcode/DerivedData/App-bmeqrztakkzxpkcqfdhhsyyyzbjg/Build/Intermediates.noindex/ArchiveIntermediates/App/IntermediateBuildFilesPath/Pods.build/Release-iphoneos/CapacitorCordova.build/DerivedSources/Cordova_vers.c -o /Users/lekiaprosper/Library/Developer/Xcode/DerivedData/App-bmeqrztakkzxpkcqfdhhsyyyzbjg/Build/Intermediates.noindex/ArchiveIntermediates/App/IntermediateBuildFilesPath/Pods.build/Release-iphoneos/CapacitorCordova.build/Objects-normal/arm64/Cordova_vers.o

ScanDependencies /Users/lekiaprosper/Library/Developer/Xcode/DerivedData/App-bmeqrztakkzxpkcqfdhhsyyyzbjg/Build/Intermediates.noindex/ArchiveIntermediates/App/IntermediateBuildFilesPath/Pods.build/Release-iphoneos/CapacitorCordova.build/Objects-normal/arm64/CDVPlugin+Resources.o /Users/lekiaprosper/Documents/Dev/Connectize/Connectize-Frontend/node_modules/@capacitor/ios/CapacitorCordova/CapacitorCordova/Classes/Public/CDVPlugin+Resources.m normal arm64 objective-c com.apple.compilers.llvm.clang.1_0.compiler (in target 'CapacitorCordova' from project 'Pods')
    cd /Users/lekiaprosper/Documents/Dev/Connectize/Connectize-Frontend/ios/App/Pods
    
    Using response file: /Users/lekiaprosper/Library/Developer/Xcode/DerivedData/App-bmeqrztakkzxpkcqfdhhsyyyzbjg/Build/Intermediates.noindex/ArchiveIntermediates/App/IntermediateBuildFilesPath/Pods.build/Release-iphoneos/CapacitorCordova.build/Objects-normal/arm64/e6072d4f65d7061329687fe24e3d63a7-common-args.resp
    
    builtin-ScanDependencies -o /Users/lekiaprosper/Library/Developer/Xcode/DerivedData/App-bmeqrztakkzxpkcqfdhhsyyyzbjg/Build/Intermediates.noindex/ArchiveIntermediates/App/IntermediateBuildFilesPath/Pods.build/Release-iphoneos/CapacitorCordova.build/Objects-normal/arm64/CDVPlugin+Resources.o.scan -- /Applications/Xcode.app/Contents/Developer/Toolchains/XcodeDefault.xctoolchain/usr/bin/clang -x objective-c -ivfsstatcache /Users/lekiaprosper/Library/Developer/Xcode/DerivedData/SDKStatCaches.noindex/iphoneos26.0-23A339-81ce72e5b06c9602b9d30b56f2eed08a.sdkstatcache -fmessage-length\=0 -fdiagnostics-show-note-include-stack -fmacro-backtrace-limit\=0 -fno-color-diagnostics -fmodules-prune-interval\=86400 -fmodules-prune-after\=345600 -fbuild-session-file\=/Users/lekiaprosper/Library/Developer/Xcode/DerivedData/ModuleCache.noindex/Session.modulevalidation -fmodules-validate-once-per-build-session -Wnon-modular-include-in-framework-module -Werror\=non-modular-include-in-framework-module -Wno-trigraphs -Wno-missing-field-initializers -Wno-missing-prototypes -Werror\=return-type -Wdocumentation -Wunreachable-code -Wno-implicit-atomic-properties -Werror\=deprecated-objc-isa-usage -Wno-objc-interface-ivars -Werror\=objc-root-class -Wno-arc-repeated-use-of-weak -Wimplicit-retain-self -Wduplicate-method-match -Wno-missing-braces -Wparentheses -Wswitch -Wunused-function -Wno-unused-label -Wno-unused-parameter -Wunused-variable -Wunused-value -Wempty-body -Wuninitialized -Wconditional-uninitialized -Wno-unknown-pragmas -Wno-shadow -Wno-four-char-constants -Wno-conversion -Wconstant-conversion -Wint-conversion -Wbool-conversion -Wenum-conversion -Wno-float-conversion -Wnon-literal-null-conversion -Wobjc-literal-conversion -Wshorten-64-to-32 -Wpointer-sign -Wno-newline-eof -Wno-selector -Wno-strict-selector-match -Wundeclared-selector -Wdeprecated-implementations -Wno-implicit-fallthrough -fstrict-aliasing -Wprotocol -Wdeprecated-declarations -Wno-sign-conversion -Winfinite-recursion -Wcomma -Wblock-capture-autoreleasing -Wstrict-prototypes -Wno-semicolon-before-method-body -Wunguarded-availability @/Users/lekiaprosper/Library/Developer/Xcode/DerivedData/App-bmeqrztakkzxpkcqfdhhsyyyzbjg/Build/Intermediates.noindex/ArchiveIntermediates/App/IntermediateBuildFilesPath/Pods.build/Release-iphoneos/CapacitorCordova.build/Objects-normal/arm64/e6072d4f65d7061329687fe24e3d63a7-common-args.resp -include /Users/lekiaprosper/Documents/Dev/Connectize/Connectize-Frontend/ios/App/Pods/Target\ Support\ Files/CapacitorCordova/CapacitorCordova-prefix.pch -MMD -MT dependencies -MF /Users/lekiaprosper/Library/Developer/Xcode/DerivedData/App-bmeqrztakkzxpkcqfdhhsyyyzbjg/Build/Intermediates.noindex/ArchiveIntermediates/App/IntermediateBuildFilesPath/Pods.build/Release-iphoneos/CapacitorCordova.build/Objects-normal/arm64/CDVPlugin+Resources.d --serialize-diagnostics /Users/lekiaprosper/Library/Developer/Xcode/DerivedData/App-bmeqrztakkzxpkcqfdhhsyyyzbjg/Build/Intermediates.noindex/ArchiveIntermediates/App/IntermediateBuildFilesPath/Pods.build/Release-iphoneos/CapacitorCordova.build/Objects-normal/arm64/CDVPlugin+Resources.dia -c /Users/lekiaprosper/Documents/Dev/Connectize/Connectize-Frontend/node_modules/@capacitor/ios/CapacitorCordova/CapacitorCordova/Classes/Public/CDVPlugin+Resources.m -o /Users/lekiaprosper/Library/Developer/Xcode/DerivedData/App-bmeqrztakkzxpkcqfdhhsyyyzbjg/Build/Intermediates.noindex/ArchiveIntermediates/App/IntermediateBuildFilesPath/Pods.build/Release-iphoneos/CapacitorCordova.build/Objects-normal/arm64/CDVPlugin+Resources.o

ScanDependencies /Users/lekiaprosper/Library/Developer/Xcode/DerivedData/App-bmeqrztakkzxpkcqfdhhsyyyzbjg/Build/Intermediates.noindex/ArchiveIntermediates/App/IntermediateBuildFilesPath/Pods.build/Release-iphoneos/CapacitorCordova.build/Objects-normal/arm64/CDVInvokedUrlCommand.o /Users/lekiaprosper/Documents/Dev/Connectize/Connectize-Frontend/node_modules/@capacitor/ios/CapacitorCordova/CapacitorCordova/Classes/Public/CDVInvokedUrlCommand.m normal arm64 objective-c com.apple.compilers.llvm.clang.1_0.compiler (in target 'CapacitorCordova' from project 'Pods')
    cd /Users/lekiaprosper/Documents/Dev/Connectize/Connectize-Frontend/ios/App/Pods
    
    Using response file: /Users/lekiaprosper/Library/Developer/Xcode/DerivedData/App-bmeqrztakkzxpkcqfdhhsyyyzbjg/Build/Intermediates.noindex/ArchiveIntermediates/App/IntermediateBuildFilesPath/Pods.build/Release-iphoneos/CapacitorCordova.build/Objects-normal/arm64/e6072d4f65d7061329687fe24e3d63a7-common-args.resp
    
    builtin-ScanDependencies -o /Users/lekiaprosper/Library/Developer/Xcode/DerivedData/App-bmeqrztakkzxpkcqfdhhsyyyzbjg/Build/Intermediates.noindex/ArchiveIntermediates/App/IntermediateBuildFilesPath/Pods.build/Release-iphoneos/CapacitorCordova.build/Objects-normal/arm64/CDVInvokedUrlCommand.o.scan -- /Applications/Xcode.app/Contents/Developer/Toolchains/XcodeDefault.xctoolchain/usr/bin/clang -x objective-c -ivfsstatcache /Users/lekiaprosper/Library/Developer/Xcode/DerivedData/SDKStatCaches.noindex/iphoneos26.0-23A339-81ce72e5b06c9602b9d30b56f2eed08a.sdkstatcache -fmessage-length\=0 -fdiagnostics-show-note-include-stack -fmacro-backtrace-limit\=0 -fno-color-diagnostics -fmodules-prune-interval\=86400 -fmodules-prune-after\=345600 -fbuild-session-file\=/Users/lekiaprosper/Library/Developer/Xcode/DerivedData/ModuleCache.noindex/Session.modulevalidation -fmodules-validate-once-per-build-session -Wnon-modular-include-in-framework-module -Werror\=non-modular-include-in-framework-module -Wno-trigraphs -Wno-missing-field-initializers -Wno-missing-prototypes -Werror\=return-type -Wdocumentation -Wunreachable-code -Wno-implicit-atomic-properties -Werror\=deprecated-objc-isa-usage -Wno-objc-interface-ivars -Werror\=objc-root-class -Wno-arc-repeated-use-of-weak -Wimplicit-retain-self -Wduplicate-method-match -Wno-missing-braces -Wparentheses -Wswitch -Wunused-function -Wno-unused-label -Wno-unused-parameter -Wunused-variable -Wunused-value -Wempty-body -Wuninitialized -Wconditional-uninitialized -Wno-unknown-pragmas -Wno-shadow -Wno-four-char-constants -Wno-conversion -Wconstant-conversion -Wint-conversion -Wbool-conversion -Wenum-conversion -Wno-float-conversion -Wnon-literal-null-conversion -Wobjc-literal-conversion -Wshorten-64-to-32 -Wpointer-sign -Wno-newline-eof -Wno-selector -Wno-strict-selector-match -Wundeclared-selector -Wdeprecated-implementations -Wno-implicit-fallthrough -fstrict-aliasing -Wprotocol -Wdeprecated-declarations -Wno-sign-conversion -Winfinite-recursion -Wcomma -Wblock-capture-autoreleasing -Wstrict-prototypes -Wno-semicolon-before-method-body -Wunguarded-availability @/Users/lekiaprosper/Library/Developer/Xcode/DerivedData/App-bmeqrztakkzxpkcqfdhhsyyyzbjg/Build/Intermediates.noindex/ArchiveIntermediates/App/IntermediateBuildFilesPath/Pods.build/Release-iphoneos/CapacitorCordova.build/Objects-normal/arm64/e6072d4f65d7061329687fe24e3d63a7-common-args.resp -include /Users/lekiaprosper/Documents/Dev/Connectize/Connectize-Frontend/ios/App/Pods/Target\ Support\ Files/CapacitorCordova/CapacitorCordova-prefix.pch -MMD -MT dependencies -MF /Users/lekiaprosper/Library/Developer/Xcode/DerivedData/App-bmeqrztakkzxpkcqfdhhsyyyzbjg/Build/Intermediates.noindex/ArchiveIntermediates/App/IntermediateBuildFilesPath/Pods.build/Release-iphoneos/CapacitorCordova.build/Objects-normal/arm64/CDVInvokedUrlCommand.d --serialize-diagnostics /Users/lekiaprosper/Library/Developer/Xcode/DerivedData/App-bmeqrztakkzxpkcqfdhhsyyyzbjg/Build/Intermediates.noindex/ArchiveIntermediates/App/IntermediateBuildFilesPath/Pods.build/Release-iphoneos/CapacitorCordova.build/Objects-normal/arm64/CDVInvokedUrlCommand.dia -c /Users/lekiaprosper/Documents/Dev/Connectize/Connectize-Frontend/node_modules/@capacitor/ios/CapacitorCordova/CapacitorCordova/Classes/Public/CDVInvokedUrlCommand.m -o /Users/lekiaprosper/Library/Developer/Xcode/DerivedData/App-bmeqrztakkzxpkcqfdhhsyyyzbjg/Build/Intermediates.noindex/ArchiveIntermediates/App/IntermediateBuildFilesPath/Pods.build/Release-iphoneos/CapacitorCordova.build/Objects-normal/arm64/CDVInvokedUrlCommand.o

ScanDependencies /Users/lekiaprosper/Library/Developer/Xcode/DerivedData/App-bmeqrztakkzxpkcqfdhhsyyyzbjg/Build/Intermediates.noindex/ArchiveIntermediates/App/IntermediateBuildFilesPath/Pods.build/Release-iphoneos/CapacitorCordova.build/Objects-normal/arm64/CDVConfigParser.o /Users/lekiaprosper/Documents/Dev/Connectize/Connectize-Frontend/node_modules/@capacitor/ios/CapacitorCordova/CapacitorCordova/Classes/Public/CDVConfigParser.m normal arm64 objective-c com.apple.compilers.llvm.clang.1_0.compiler (in target 'CapacitorCordova' from project 'Pods')
    cd /Users/lekiaprosper/Documents/Dev/Connectize/Connectize-Frontend/ios/App/Pods
    
    Using response file: /Users/lekiaprosper/Library/Developer/Xcode/DerivedData/App-bmeqrztakkzxpkcqfdhhsyyyzbjg/Build/Intermediates.noindex/ArchiveIntermediates/App/IntermediateBuildFilesPath/Pods.build/Release-iphoneos/CapacitorCordova.build/Objects-normal/arm64/e6072d4f65d7061329687fe24e3d63a7-common-args.resp
    
    builtin-ScanDependencies -o /Users/lekiaprosper/Library/Developer/Xcode/DerivedData/App-bmeqrztakkzxpkcqfdhhsyyyzbjg/Build/Intermediates.noindex/ArchiveIntermediates/App/IntermediateBuildFilesPath/Pods.build/Release-iphoneos/CapacitorCordova.build/Objects-normal/arm64/CDVConfigParser.o.scan -- /Applications/Xcode.app/Contents/Developer/Toolchains/XcodeDefault.xctoolchain/usr/bin/clang -x objective-c -ivfsstatcache /Users/lekiaprosper/Library/Developer/Xcode/DerivedData/SDKStatCaches.noindex/iphoneos26.0-23A339-81ce72e5b06c9602b9d30b56f2eed08a.sdkstatcache -fmessage-length\=0 -fdiagnostics-show-note-include-stack -fmacro-backtrace-limit\=0 -fno-color-diagnostics -fmodules-prune-interval\=86400 -fmodules-prune-after\=345600 -fbuild-session-file\=/Users/lekiaprosper/Library/Developer/Xcode/DerivedData/ModuleCache.noindex/Session.modulevalidation -fmodules-validate-once-per-build-session -Wnon-modular-include-in-framework-module -Werror\=non-modular-include-in-framework-module -Wno-trigraphs -Wno-missing-field-initializers -Wno-missing-prototypes -Werror\=return-type -Wdocumentation -Wunreachable-code -Wno-implicit-atomic-properties -Werror\=deprecated-objc-isa-usage -Wno-objc-interface-ivars -Werror\=objc-root-class -Wno-arc-repeated-use-of-weak -Wimplicit-retain-self -Wduplicate-method-match -Wno-missing-braces -Wparentheses -Wswitch -Wunused-function -Wno-unused-label -Wno-unused-parameter -Wunused-variable -Wunused-value -Wempty-body -Wuninitialized -Wconditional-uninitialized -Wno-unknown-pragmas -Wno-shadow -Wno-four-char-constants -Wno-conversion -Wconstant-conversion -Wint-conversion -Wbool-conversion -Wenum-conversion -Wno-float-conversion -Wnon-literal-null-conversion -Wobjc-literal-conversion -Wshorten-64-to-32 -Wpointer-sign -Wno-newline-eof -Wno-selector -Wno-strict-selector-match -Wundeclared-selector -Wdeprecated-implementations -Wno-implicit-fallthrough -fstrict-aliasing -Wprotocol -Wdeprecated-declarations -Wno-sign-conversion -Winfinite-recursion -Wcomma -Wblock-capture-autoreleasing -Wstrict-prototypes -Wno-semicolon-before-method-body -Wunguarded-availability @/Users/lekiaprosper/Library/Developer/Xcode/DerivedData/App-bmeqrztakkzxpkcqfdhhsyyyzbjg/Build/Intermediates.noindex/ArchiveIntermediates/App/IntermediateBuildFilesPath/Pods.build/Release-iphoneos/CapacitorCordova.build/Objects-normal/arm64/e6072d4f65d7061329687fe24e3d63a7-common-args.resp -include /Users/lekiaprosper/Documents/Dev/Connectize/Connectize-Frontend/ios/App/Pods/Target\ Support\ Files/CapacitorCordova/CapacitorCordova-prefix.pch -MMD -MT dependencies -MF /Users/lekiaprosper/Library/Developer/Xcode/DerivedData/App-bmeqrztakkzxpkcqfdhhsyyyzbjg/Build/Intermediates.noindex/ArchiveIntermediates/App/IntermediateBuildFilesPath/Pods.build/Release-iphoneos/CapacitorCordova.build/Objects-normal/arm64/CDVConfigParser.d --serialize-diagnostics /Users/lekiaprosper/Library/Developer/Xcode/DerivedData/App-bmeqrztakkzxpkcqfdhhsyyyzbjg/Build/Intermediates.noindex/ArchiveIntermediates/App/IntermediateBuildFilesPath/Pods.build/Release-iphoneos/CapacitorCordova.build/Objects-normal/arm64/CDVConfigParser.dia -c /Users/lekiaprosper/Documents/Dev/Connectize/Connectize-Frontend/node_modules/@capacitor/ios/CapacitorCordova/CapacitorCordova/Classes/Public/CDVConfigParser.m -o /Users/lekiaprosper/Library/Developer/Xcode/DerivedData/App-bmeqrztakkzxpkcqfdhhsyyyzbjg/Build/Intermediates.noindex/ArchiveIntermediates/App/IntermediateBuildFilesPath/Pods.build/Release-iphoneos/CapacitorCordova.build/Objects-normal/arm64/CDVConfigParser.o

ScanDependencies /Users/lekiaprosper/Library/Developer/Xcode/DerivedData/App-bmeqrztakkzxpkcqfdhhsyyyzbjg/Build/Intermediates.noindex/ArchiveIntermediates/App/IntermediateBuildFilesPath/Pods.build/Release-iphoneos/CapacitorCordova.build/Objects-normal/arm64/CDVCommandDelegateImpl.o /Users/lekiaprosper/Documents/Dev/Connectize/Connectize-Frontend/node_modules/@capacitor/ios/CapacitorCordova/CapacitorCordova/Classes/Public/CDVCommandDelegateImpl.m normal arm64 objective-c com.apple.compilers.llvm.clang.1_0.compiler (in target 'CapacitorCordova' from project 'Pods')
    cd /Users/lekiaprosper/Documents/Dev/Connectize/Connectize-Frontend/ios/App/Pods
    
    Using response file: /Users/lekiaprosper/Library/Developer/Xcode/DerivedData/App-bmeqrztakkzxpkcqfdhhsyyyzbjg/Build/Intermediates.noindex/ArchiveIntermediates/App/IntermediateBuildFilesPath/Pods.build/Release-iphoneos/CapacitorCordova.build/Objects-normal/arm64/e6072d4f65d7061329687fe24e3d63a7-common-args.resp
    
    builtin-ScanDependencies -o /Users/lekiaprosper/Library/Developer/Xcode/DerivedData/App-bmeqrztakkzxpkcqfdhhsyyyzbjg/Build/Intermediates.noindex/ArchiveIntermediates/App/IntermediateBuildFilesPath/Pods.build/Release-iphoneos/CapacitorCordova.build/Objects-normal/arm64/CDVCommandDelegateImpl.o.scan -- /Applications/Xcode.app/Contents/Developer/Toolchains/XcodeDefault.xctoolchain/usr/bin/clang -x objective-c -ivfsstatcache /Users/lekiaprosper/Library/Developer/Xcode/DerivedData/SDKStatCaches.noindex/iphoneos26.0-23A339-81ce72e5b06c9602b9d30b56f2eed08a.sdkstatcache -fmessage-length\=0 -fdiagnostics-show-note-include-stack -fmacro-backtrace-limit\=0 -fno-color-diagnostics -fmodules-prune-interval\=86400 -fmodules-prune-after\=345600 -fbuild-session-file\=/Users/lekiaprosper/Library/Developer/Xcode/DerivedData/ModuleCache.noindex/Session.modulevalidation -fmodules-validate-once-per-build-session -Wnon-modular-include-in-framework-module -Werror\=non-modular-include-in-framework-module -Wno-trigraphs -Wno-missing-field-initializers -Wno-missing-prototypes -Werror\=return-type -Wdocumentation -Wunreachable-code -Wno-implicit-atomic-properties -Werror\=deprecated-objc-isa-usage -Wno-objc-interface-ivars -Werror\=objc-root-class -Wno-arc-repeated-use-of-weak -Wimplicit-retain-self -Wduplicate-method-match -Wno-missing-braces -Wparentheses -Wswitch -Wunused-function -Wno-unused-label -Wno-unused-parameter -Wunused-variable -Wunused-value -Wempty-body -Wuninitialized -Wconditional-uninitialized -Wno-unknown-pragmas -Wno-shadow -Wno-four-char-constants -Wno-conversion -Wconstant-conversion -Wint-conversion -Wbool-conversion -Wenum-conversion -Wno-float-conversion -Wnon-literal-null-conversion -Wobjc-literal-conversion -Wshorten-64-to-32 -Wpointer-sign -Wno-newline-eof -Wno-selector -Wno-strict-selector-match -Wundeclared-selector -Wdeprecated-implementations -Wno-implicit-fallthrough -fstrict-aliasing -Wprotocol -Wdeprecated-declarations -Wno-sign-conversion -Winfinite-recursion -Wcomma -Wblock-capture-autoreleasing -Wstrict-prototypes -Wno-semicolon-before-method-body -Wunguarded-availability @/Users/lekiaprosper/Library/Developer/Xcode/DerivedData/App-bmeqrztakkzxpkcqfdhhsyyyzbjg/Build/Intermediates.noindex/ArchiveIntermediates/App/IntermediateBuildFilesPath/Pods.build/Release-iphoneos/CapacitorCordova.build/Objects-normal/arm64/e6072d4f65d7061329687fe24e3d63a7-common-args.resp -include /Users/lekiaprosper/Documents/Dev/Connectize/Connectize-Frontend/ios/App/Pods/Target\ Support\ Files/CapacitorCordova/CapacitorCordova-prefix.pch -MMD -MT dependencies -MF /Users/lekiaprosper/Library/Developer/Xcode/DerivedData/App-bmeqrztakkzxpkcqfdhhsyyyzbjg/Build/Intermediates.noindex/ArchiveIntermediates/App/IntermediateBuildFilesPath/Pods.build/Release-iphoneos/CapacitorCordova.build/Objects-normal/arm64/CDVCommandDelegateImpl.d --serialize-diagnostics /Users/lekiaprosper/Library/Developer/Xcode/DerivedData/App-bmeqrztakkzxpkcqfdhhsyyyzbjg/Build/Intermediates.noindex/ArchiveIntermediates/App/IntermediateBuildFilesPath/Pods.build/Release-iphoneos/CapacitorCordova.build/Objects-normal/arm64/CDVCommandDelegateImpl.dia -c /Users/lekiaprosper/Documents/Dev/Connectize/Connectize-Frontend/node_modules/@capacitor/ios/CapacitorCordova/CapacitorCordova/Classes/Public/CDVCommandDelegateImpl.m -o /Users/lekiaprosper/Library/Developer/Xcode/DerivedData/App-bmeqrztakkzxpkcqfdhhsyyyzbjg/Build/Intermediates.noindex/ArchiveIntermediates/App/IntermediateBuildFilesPath/Pods.build/Release-iphoneos/CapacitorCordova.build/Objects-normal/arm64/CDVCommandDelegateImpl.o

PrecompileModule /Users/lekiaprosper/Library/Developer/Xcode/DerivedData/App-bmeqrztakkzxpkcqfdhhsyyyzbjg/Build/Intermediates.noindex/ArchiveIntermediates/App/IntermediateBuildFilesPath/ExplicitPrecompiledModules/_Builtin_stdarg-DUNDPNBC5GNRGEMGDUWVOGQPG.scan
    cd /
    builtin-precompileModule /Users/lekiaprosper/Library/Developer/Xcode/DerivedData/App-bmeqrztakkzxpkcqfdhhsyyyzbjg/Build/Intermediates.noindex/ArchiveIntermediates/App/IntermediateBuildFilesPath/ExplicitPrecompiledModules/_Builtin_stdarg-DUNDPNBC5GNRGEMGDUWVOGQPG.scan

PrecompileModule /Users/lekiaprosper/Library/Developer/Xcode/DerivedData/App-bmeqrztakkzxpkcqfdhhsyyyzbjg/Build/Intermediates.noindex/ArchiveIntermediates/App/IntermediateBuildFilesPath/ExplicitPrecompiledModules/_AvailabilityInternal-CAJLELCAKSRV9GR0W85YUZ0VG.scan
    cd /
    builtin-precompileModule /Users/lekiaprosper/Library/Developer/Xcode/DerivedData/App-bmeqrztakkzxpkcqfdhhsyyyzbjg/Build/Intermediates.noindex/ArchiveIntermediates/App/IntermediateBuildFilesPath/ExplicitPrecompiledModules/_AvailabilityInternal-CAJLELCAKSRV9GR0W85YUZ0VG.scan

PrecompileModule /Users/lekiaprosper/Library/Developer/Xcode/DerivedData/App-bmeqrztakkzxpkcqfdhhsyyyzbjg/Build/Intermediates.noindex/ArchiveIntermediates/App/IntermediateBuildFilesPath/ExplicitPrecompiledModules/_Builtin_stddef-A55VRD4TKP5QZP4YUKOALIERT.scan
    cd /
    builtin-precompileModule /Users/lekiaprosper/Library/Developer/Xcode/DerivedData/App-bmeqrztakkzxpkcqfdhhsyyyzbjg/Build/Intermediates.noindex/ArchiveIntermediates/App/IntermediateBuildFilesPath/ExplicitPrecompiledModules/_Builtin_stddef-A55VRD4TKP5QZP4YUKOALIERT.scan

PrecompileModule /Users/lekiaprosper/Library/Developer/Xcode/DerivedData/App-bmeqrztakkzxpkcqfdhhsyyyzbjg/Build/Intermediates.noindex/ArchiveIntermediates/App/IntermediateBuildFilesPath/ExplicitPrecompiledModules/_Builtin_stdbool-E2VSKWLLE7UF40H6RRV3FTDM6.scan
    cd /
    builtin-precompileModule /Users/lekiaprosper/Library/Developer/Xcode/DerivedData/App-bmeqrztakkzxpkcqfdhhsyyyzbjg/Build/Intermediates.noindex/ArchiveIntermediates/App/IntermediateBuildFilesPath/ExplicitPrecompiledModules/_Builtin_stdbool-E2VSKWLLE7UF40H6RRV3FTDM6.scan

PrecompileModule /Users/lekiaprosper/Library/Developer/Xcode/DerivedData/App-bmeqrztakkzxpkcqfdhhsyyyzbjg/Build/Intermediates.noindex/ArchiveIntermediates/App/IntermediateBuildFilesPath/ExplicitPrecompiledModules/_Builtin_float-1B5WYVANOLX0GNABQ6MVE44TG.scan
    cd /
    builtin-precompileModule /Users/lekiaprosper/Library/Developer/Xcode/DerivedData/App-bmeqrztakkzxpkcqfdhhsyyyzbjg/Build/Intermediates.noindex/ArchiveIntermediates/App/IntermediateBuildFilesPath/ExplicitPrecompiledModules/_Builtin_float-1B5WYVANOLX0GNABQ6MVE44TG.scan

PrecompileModule /Users/lekiaprosper/Library/Developer/Xcode/DerivedData/App-bmeqrztakkzxpkcqfdhhsyyyzbjg/Build/Intermediates.noindex/ArchiveIntermediates/App/IntermediateBuildFilesPath/ExplicitPrecompiledModules/ptrcheck-85WW96FNYLC2L4F9L4XKUFUWZ.scan
    cd /
    builtin-precompileModule /Users/lekiaprosper/Library/Developer/Xcode/DerivedData/App-bmeqrztakkzxpkcqfdhhsyyyzbjg/Build/Intermediates.noindex/ArchiveIntermediates/App/IntermediateBuildFilesPath/ExplicitPrecompiledModules/ptrcheck-85WW96FNYLC2L4F9L4XKUFUWZ.scan

PrecompileModule /Users/lekiaprosper/Library/Developer/Xcode/DerivedData/App-bmeqrztakkzxpkcqfdhhsyyyzbjg/Build/Intermediates.noindex/ArchiveIntermediates/App/IntermediateBuildFilesPath/ExplicitPrecompiledModules/ptrauth-AFXGH7OV30AKEIU3Q2L60JF01.scan
    cd /
    builtin-precompileModule /Users/lekiaprosper/Library/Developer/Xcode/DerivedData/App-bmeqrztakkzxpkcqfdhhsyyyzbjg/Build/Intermediates.noindex/ArchiveIntermediates/App/IntermediateBuildFilesPath/ExplicitPrecompiledModules/ptrauth-AFXGH7OV30AKEIU3Q2L60JF01.scan

ScanDependencies /Users/lekiaprosper/Library/Developer/Xcode/DerivedData/App-bmeqrztakkzxpkcqfdhhsyyyzbjg/Build/Intermediates.noindex/ArchiveIntermediates/App/IntermediateBuildFilesPath/Pods.build/Release-iphoneos/CapacitorCordova.build/Objects-normal/arm64/AppDelegate.o /Users/lekiaprosper/Documents/Dev/Connectize/Connectize-Frontend/node_modules/@capacitor/ios/CapacitorCordova/CapacitorCordova/Classes/Public/AppDelegate.m normal arm64 objective-c com.apple.compilers.llvm.clang.1_0.compiler (in target 'CapacitorCordova' from project 'Pods')
    cd /Users/lekiaprosper/Documents/Dev/Connectize/Connectize-Frontend/ios/App/Pods
    
    Using response file: /Users/lekiaprosper/Library/Developer/Xcode/DerivedData/App-bmeqrztakkzxpkcqfdhhsyyyzbjg/Build/Intermediates.noindex/ArchiveIntermediates/App/IntermediateBuildFilesPath/Pods.build/Release-iphoneos/CapacitorCordova.build/Objects-normal/arm64/e6072d4f65d7061329687fe24e3d63a7-common-args.resp
    
    builtin-ScanDependencies -o /Users/lekiaprosper/Library/Developer/Xcode/DerivedData/App-bmeqrztakkzxpkcqfdhhsyyyzbjg/Build/Intermediates.noindex/ArchiveIntermediates/App/IntermediateBuildFilesPath/Pods.build/Release-iphoneos/CapacitorCordova.build/Objects-normal/arm64/AppDelegate.o.scan -- /Applications/Xcode.app/Contents/Developer/Toolchains/XcodeDefault.xctoolchain/usr/bin/clang -x objective-c -ivfsstatcache /Users/lekiaprosper/Library/Developer/Xcode/DerivedData/SDKStatCaches.noindex/iphoneos26.0-23A339-81ce72e5b06c9602b9d30b56f2eed08a.sdkstatcache -fmessage-length\=0 -fdiagnostics-show-note-include-stack -fmacro-backtrace-limit\=0 -fno-color-diagnostics -fmodules-prune-interval\=86400 -fmodules-prune-after\=345600 -fbuild-session-file\=/Users/lekiaprosper/Library/Developer/Xcode/DerivedData/ModuleCache.noindex/Session.modulevalidation -fmodules-validate-once-per-build-session -Wnon-modular-include-in-framework-module -Werror\=non-modular-include-in-framework-module -Wno-trigraphs -Wno-missing-field-initializers -Wno-missing-prototypes -Werror\=return-type -Wdocumentation -Wunreachable-code -Wno-implicit-atomic-properties -Werror\=deprecated-objc-isa-usage -Wno-objc-interface-ivars -Werror\=objc-root-class -Wno-arc-repeated-use-of-weak -Wimplicit-retain-self -Wduplicate-method-match -Wno-missing-braces -Wparentheses -Wswitch -Wunused-function -Wno-unused-label -Wno-unused-parameter -Wunused-variable -Wunused-value -Wempty-body -Wuninitialized -Wconditional-uninitialized -Wno-unknown-pragmas -Wno-shadow -Wno-four-char-constants -Wno-conversion -Wconstant-conversion -Wint-conversion -Wbool-conversion -Wenum-conversion -Wno-float-conversion -Wnon-literal-null-conversion -Wobjc-literal-conversion -Wshorten-64-to-32 -Wpointer-sign -Wno-newline-eof -Wno-selector -Wno-strict-selector-match -Wundeclared-selector -Wdeprecated-implementations -Wno-implicit-fallthrough -fstrict-aliasing -Wprotocol -Wdeprecated-declarations -Wno-sign-conversion -Winfinite-recursion -Wcomma -Wblock-capture-autoreleasing -Wstrict-prototypes -Wno-semicolon-before-method-body -Wunguarded-availability @/Users/lekiaprosper/Library/Developer/Xcode/DerivedData/App-bmeqrztakkzxpkcqfdhhsyyyzbjg/Build/Intermediates.noindex/ArchiveIntermediates/App/IntermediateBuildFilesPath/Pods.build/Release-iphoneos/CapacitorCordova.build/Objects-normal/arm64/e6072d4f65d7061329687fe24e3d63a7-common-args.resp -include /Users/lekiaprosper/Documents/Dev/Connectize/Connectize-Frontend/ios/App/Pods/Target\ Support\ Files/CapacitorCordova/CapacitorCordova-prefix.pch -MMD -MT dependencies -MF /Users/lekiaprosper/Library/Developer/Xcode/DerivedData/App-bmeqrztakkzxpkcqfdhhsyyyzbjg/Build/Intermediates.noindex/ArchiveIntermediates/App/IntermediateBuildFilesPath/Pods.build/Release-iphoneos/CapacitorCordova.build/Objects-normal/arm64/AppDelegate.d --serialize-diagnostics /Users/lekiaprosper/Library/Developer/Xcode/DerivedData/App-bmeqrztakkzxpkcqfdhhsyyyzbjg/Build/Intermediates.noindex/ArchiveIntermediates/App/IntermediateBuildFilesPath/Pods.build/Release-iphoneos/CapacitorCordova.build/Objects-normal/arm64/AppDelegate.dia -c /Users/lekiaprosper/Documents/Dev/Connectize/Connectize-Frontend/node_modules/@capacitor/ios/CapacitorCordova/CapacitorCordova/Classes/Public/AppDelegate.m -o /Users/lekiaprosper/Library/Developer/Xcode/DerivedData/App-bmeqrztakkzxpkcqfdhhsyyyzbjg/Build/Intermediates.noindex/ArchiveIntermediates/App/IntermediateBuildFilesPath/Pods.build/Release-iphoneos/CapacitorCordova.build/Objects-normal/arm64/AppDelegate.o

PrecompileModule /Users/lekiaprosper/Library/Developer/Xcode/DerivedData/App-bmeqrztakkzxpkcqfdhhsyyyzbjg/Build/Intermediates.noindex/ArchiveIntermediates/App/IntermediateBuildFilesPath/ExplicitPrecompiledModules/_DarwinFoundation1-4KUEHMLYX3RZIRTNDITRCOCMB.scan
    cd /
    builtin-precompileModule /Users/lekiaprosper/Library/Developer/Xcode/DerivedData/App-bmeqrztakkzxpkcqfdhhsyyyzbjg/Build/Intermediates.noindex/ArchiveIntermediates/App/IntermediateBuildFilesPath/ExplicitPrecompiledModules/_DarwinFoundation1-4KUEHMLYX3RZIRTNDITRCOCMB.scan

PrecompileModule /Users/lekiaprosper/Library/Developer/Xcode/DerivedData/App-bmeqrztakkzxpkcqfdhhsyyyzbjg/Build/Intermediates.noindex/ArchiveIntermediates/App/IntermediateBuildFilesPath/ExplicitPrecompiledModules/_Builtin_limits-AKB6AGOBSAAIZDA6A9FDCTXD6.scan
    cd /
    builtin-precompileModule /Users/lekiaprosper/Library/Developer/Xcode/DerivedData/App-bmeqrztakkzxpkcqfdhhsyyyzbjg/Build/Intermediates.noindex/ArchiveIntermediates/App/IntermediateBuildFilesPath/ExplicitPrecompiledModules/_Builtin_limits-AKB6AGOBSAAIZDA6A9FDCTXD6.scan

PrecompileModule /Users/lekiaprosper/Library/Developer/Xcode/DerivedData/App-bmeqrztakkzxpkcqfdhhsyyyzbjg/Build/Intermediates.noindex/ArchiveIntermediates/App/IntermediateBuildFilesPath/ExplicitPrecompiledModules/_DarwinFoundation2-EUUYQKNACR09N4ATRM3XUN4W7.scan
    cd /
    builtin-precompileModule /Users/lekiaprosper/Library/Developer/Xcode/DerivedData/App-bmeqrztakkzxpkcqfdhhsyyyzbjg/Build/Intermediates.noindex/ArchiveIntermediates/App/IntermediateBuildFilesPath/ExplicitPrecompiledModules/_DarwinFoundation2-EUUYQKNACR09N4ATRM3XUN4W7.scan

PrecompileModule /Users/lekiaprosper/Library/Developer/Xcode/DerivedData/App-bmeqrztakkzxpkcqfdhhsyyyzbjg/Build/Intermediates.noindex/ArchiveIntermediates/App/IntermediateBuildFilesPath/ExplicitPrecompiledModules/_Builtin_stdint-2MFJO5ABSHSCLODEQTEVR78EY.scan
    cd /
    builtin-precompileModule /Users/lekiaprosper/Library/Developer/Xcode/DerivedData/App-bmeqrztakkzxpkcqfdhhsyyyzbjg/Build/Intermediates.noindex/ArchiveIntermediates/App/IntermediateBuildFilesPath/ExplicitPrecompiledModules/_Builtin_stdint-2MFJO5ABSHSCLODEQTEVR78EY.scan

SwiftDriver\ Compilation Capacitor normal arm64 com.apple.xcode.tools.swift.compiler (in target 'Capacitor' from project 'Pods')
    cd /Users/lekiaprosper/Documents/Dev/Connectize/Connectize-Frontend/ios/App/Pods
    builtin-Swift-Compilation -- /Applications/Xcode.app/Contents/Developer/Toolchains/XcodeDefault.xctoolchain/usr/bin/swiftc -disable-bridging-pch -module-name Capacitor -Onone -whole-module-optimization -enforce-exclusivity\=checked @/Users/lekiaprosper/Library/Developer/Xcode/DerivedData/App-bmeqrztakkzxpkcqfdhhsyyyzbjg/Build/Intermediates.noindex/ArchiveIntermediates/App/IntermediateBuildFilesPath/Pods.build/Release-iphoneos/Capacitor.build/Objects-normal/arm64/Capacitor.SwiftFileList -D COCOAPODS -enable-bare-slash-regex -enable-experimental-feature DebugDescriptionMacro -sdk /Applications/Xcode.app/Contents/Developer/Platforms/iPhoneOS.platform/Developer/SDKs/iPhoneOS26.0.sdk -target arm64-apple-ios14.0 -g -module-cache-path /Users/lekiaprosper/Library/Developer/Xcode/DerivedData/ModuleCache.noindex -Xfrontend -serialize-debugging-options -suppress-warnings -swift-version 5 -I /Users/lekiaprosper/Library/Developer/Xcode/DerivedData/App-bmeqrztakkzxpkcqfdhhsyyyzbjg/Build/Intermediates.noindex/ArchiveIntermediates/App/BuildProductsPath/Release-iphoneos/Capacitor -F /Users/lekiaprosper/Library/Developer/Xcode/DerivedData/App-bmeqrztakkzxpkcqfdhhsyyyzbjg/Build/Intermediates.noindex/ArchiveIntermediates/App/BuildProductsPath/Release-iphoneos/Capacitor -F /Users/lekiaprosper/Library/Developer/Xcode/DerivedData/App-bmeqrztakkzxpkcqfdhhsyyyzbjg/Build/Intermediates.noindex/ArchiveIntermediates/App/BuildProductsPath/Release-iphoneos/CapacitorCordova -c -num-threads 10 -Xcc -ivfsstatcache -Xcc /Users/lekiaprosper/Library/Developer/Xcode/DerivedData/SDKStatCaches.noindex/iphoneos26.0-23A339-81ce72e5b06c9602b9d30b56f2eed08a.sdkstatcache -output-file-map /Users/lekiaprosper/Library/Developer/Xcode/DerivedData/App-bmeqrztakkzxpkcqfdhhsyyyzbjg/Build/Intermediates.noindex/ArchiveIntermediates/App/IntermediateBuildFilesPath/Pods.build/Release-iphoneos/Capacitor.build/Objects-normal/arm64/Capacitor-OutputFileMap.json -use-frontend-parseable-output -save-temps -no-color-diagnostics -explicit-module-build -module-cache-path /Users/lekiaprosper/Library/Developer/Xcode/DerivedData/App-bmeqrztakkzxpkcqfdhhsyyyzbjg/Build/Intermediates.noindex/ArchiveIntermediates/App/IntermediateBuildFilesPath/SwiftExplicitPrecompiledModules -clang-scanner-module-cache-path /Users/lekiaprosper/Library/Developer/Xcode/DerivedData/ModuleCache.noindex -sdk-module-cache-path /Users/lekiaprosper/Library/Developer/Xcode/DerivedData/ModuleCache.noindex -serialize-diagnostics -emit-dependencies -emit-module -emit-module-path /Users/lekiaprosper/Library/Developer/Xcode/DerivedData/App-bmeqrztakkzxpkcqfdhhsyyyzbjg/Build/Intermediates.noindex/ArchiveIntermediates/App/IntermediateBuildFilesPath/Pods.build/Release-iphoneos/Capacitor.build/Objects-normal/arm64/Capacitor.swiftmodule -validate-clang-modules-once -clang-build-session-file /Users/lekiaprosper/Library/Developer/Xcode/DerivedData/ModuleCache.noindex/Session.modulevalidation -Xcc -I/Users/lekiaprosper/Library/Developer/Xcode/DerivedData/App-bmeqrztakkzxpkcqfdhhsyyyzbjg/Build/Intermediates.noindex/ArchiveIntermediates/App/IntermediateBuildFilesPath/Pods.build/Release-iphoneos/Capacitor.build/swift-overrides.hmap -emit-const-values -Xfrontend -const-gather-protocols-file -Xfrontend /Users/lekiaprosper/Library/Developer/Xcode/DerivedData/App-bmeqrztakkzxpkcqfdhhsyyyzbjg/Build/Intermediates.noindex/ArchiveIntermediates/App/IntermediateBuildFilesPath/Pods.build/Release-iphoneos/Capacitor.build/Objects-normal/arm64/Capacitor_const_extract_protocols.json -Xcc -iquote -Xcc /Users/lekiaprosper/Library/Developer/Xcode/DerivedData/App-bmeqrztakkzxpkcqfdhhsyyyzbjg/Build/Intermediates.noindex/ArchiveIntermediates/App/IntermediateBuildFilesPath/Pods.build/Release-iphoneos/Capacitor.build/Capacitor-generated-files.hmap -Xcc -I/Users/lekiaprosper/Library/Developer/Xcode/DerivedData/App-bmeqrztakkzxpkcqfdhhsyyyzbjg/Build/Intermediates.noindex/ArchiveIntermediates/App/IntermediateBuildFilesPath/Pods.build/Release-iphoneos/Capacitor.build/Capacitor-own-target-headers.hmap -Xcc -I/Users/lekiaprosper/Library/Developer/Xcode/DerivedData/App-bmeqrztakkzxpkcqfdhhsyyyzbjg/Build/Intermediates.noindex/ArchiveIntermediates/App/IntermediateBuildFilesPath/Pods.build/Release-iphoneos/Capacitor.build/Capacitor-all-non-framework-target-headers.hmap -Xcc -ivfsoverlay -Xcc /Users/lekiaprosper/Library/Developer/Xcode/DerivedData/App-bmeqrztakkzxpkcqfdhhsyyyzbjg/Build/Intermediates.noindex/ArchiveIntermediates/App/IntermediateBuildFilesPath/Pods.build/Release-iphoneos/Pods-8699adb1dd336b26511df848a716bd42-VFS-iphoneos/all-product-headers.yaml -Xcc -iquote -Xcc /Users/lekiaprosper/Library/Developer/Xcode/DerivedData/App-bmeqrztakkzxpkcqfdhhsyyyzbjg/Build/Intermediates.noindex/ArchiveIntermediates/App/IntermediateBuildFilesPath/Pods.build/Release-iphoneos/Capacitor.build/Capacitor-project-headers.hmap -Xcc -I/Users/lekiaprosper/Library/Developer/Xcode/DerivedData/App-bmeqrztakkzxpkcqfdhhsyyyzbjg/Build/Intermediates.noindex/ArchiveIntermediates/App/BuildProductsPath/Release-iphoneos/Capacitor/include -Xcc -I/Users/lekiaprosper/Library/Developer/Xcode/DerivedData/App-bmeqrztakkzxpkcqfdhhsyyyzbjg/Build/Intermediates.noindex/ArchiveIntermediates/App/IntermediateBuildFilesPath/Pods.build/Release-iphoneos/Capacitor.build/DerivedSources-normal/arm64 -Xcc -I/Users/lekiaprosper/Library/Developer/Xcode/DerivedData/App-bmeqrztakkzxpkcqfdhhsyyyzbjg/Build/Intermediates.noindex/ArchiveIntermediates/App/IntermediateBuildFilesPath/Pods.build/Release-iphoneos/Capacitor.build/DerivedSources/arm64 -Xcc -I/Users/lekiaprosper/Library/Developer/Xcode/DerivedData/App-bmeqrztakkzxpkcqfdhhsyyyzbjg/Build/Intermediates.noindex/ArchiveIntermediates/App/IntermediateBuildFilesPath/Pods.build/Release-iphoneos/Capacitor.build/DerivedSources -Xcc -DPOD_CONFIGURATION_RELEASE\=1 -Xcc -DCOCOAPODS\=1 -emit-objc-header -emit-objc-header-path /Users/lekiaprosper/Library/Developer/Xcode/DerivedData/App-bmeqrztakkzxpkcqfdhhsyyyzbjg/Build/Intermediates.noindex/ArchiveIntermediates/App/IntermediateBuildFilesPath/Pods.build/Release-iphoneos/Capacitor.build/Objects-normal/arm64/Capacitor-Swift.h -import-underlying-module -Xcc -ivfsoverlay -Xcc /Users/lekiaprosper/Library/Developer/Xcode/DerivedData/App-bmeqrztakkzxpkcqfdhhsyyyzbjg/Build/Intermediates.noindex/ArchiveIntermediates/App/IntermediateBuildFilesPath/Pods.build/Release-iphoneos/Capacitor.build/unextended-module-overlay.yaml -working-directory /Users/lekiaprosper/Documents/Dev/Connectize/Connectize-Frontend/ios/App/Pods -no-emit-module-separately-wmo

SwiftExplicitDependencyGeneratePcm arm64 /Users/lekiaprosper/Library/Developer/Xcode/DerivedData/App-bmeqrztakkzxpkcqfdhhsyyyzbjg/Build/Intermediates.noindex/ArchiveIntermediates/App/IntermediateBuildFilesPath/SwiftExplicitPrecompiledModules/Cordova-547I3L5LSEC73LF58X8C9JHZF.pcm
<module-includes>:1:9: note: in file included from <module-includes>:1:
1 | #import "Headers/CapacitorCordova.h"
  |         `- note: in file included from <module-includes>:1:
2 | 

/Users/lekiaprosper/Documents/Dev/Connectize/Connectize-Frontend/node_modules/@capacitor/ios/CapacitorCordova/CapacitorCordova/CapacitorCordova.h:10:9: note: in file included from /Users/lekiaprosper/Documents/Dev/Connectize/Connectize-Frontend/node_modules/@capacitor/ios/CapacitorCordova/CapacitorCordova/CapacitorCordova.h:10:
 8 | 
 9 | #import <Cordova/AppDelegate.h>
10 | #import <Cordova/CDV.h>
   |         `- note: in file included from /Users/lekiaprosper/Documents/Dev/Connectize/Connectize-Frontend/node_modules/@capacitor/ios/CapacitorCordova/CapacitorCordova/CapacitorCordova.h:10:
11 | #import <Cordova/CDVAvailability.h>
12 | #import <Cordova/CDVCommandDelegate.h>

/Users/lekiaprosper/Documents/Dev/Connectize/Connectize-Frontend/node_modules/@capacitor/ios/CapacitorCordova/CapacitorCordova/Classes/Public/CDV.h:28:9: note: in file included from /Users/lekiaprosper/Documents/Dev/Connectize/Connectize-Frontend/node_modules/@capacitor/ios/CapacitorCordova/CapacitorCordova/Classes/Public/CDV.h:28:
26 | #import "CDVURLProtocol.h"
27 | #import "CDVScreenOrientationDelegate.h"
28 | #import "CDVWebViewProcessPoolFactory.h"
   |         `- note: in file included from /Users/lekiaprosper/Documents/Dev/Connectize/Connectize-Frontend/node_modules/@capacitor/ios/CapacitorCordova/CapacitorCordova/Classes/Public/CDV.h:28:
29 | 

/Users/lekiaprosper/Documents/Dev/Connectize/Connectize-Frontend/node_modules/@capacitor/ios/CapacitorCordova/CapacitorCordova/Classes/Public/CDVWebViewProcessPoolFactory.h:23:31: warning: 'WKProcessPool' is deprecated: first deprecated in iOS 15.0 - Creating and using multiple instances of WKProcessPool no longer has any effect.
21 | 
22 | @interface CDVWebViewProcessPoolFactory : NSObject
23 | @property (nonatomic, retain) WKProcessPool* sharedPool;
   |                               `- warning: 'WKProcessPool' is deprecated: first deprecated in iOS 15.0 - Creating and using multiple instances of WKProcessPool no longer has any effect.
24 | 
25 | +(instancetype) sharedFactory;

/Applications/Xcode.app/Contents/Developer/Platforms/iPhoneOS.platform/Developer/SDKs/iPhoneOS26.0.sdk/System/Library/Frameworks/WebKit.framework/Headers/WKProcessPool.h:38:12: note: 'WKProcessPool' has been explicitly marked deprecated here
36 | WK_SWIFT_UI_ACTOR
37 | WK_EXTERN API_DEPRECATED("Creating and using multiple instances of WKProcessPool no longer has any effect.", macos(10.10, 12.0), ios(8.0, 15.0), visionos(1.0, 1.0))
38 | @interface WKProcessPool : NSObject <NSSecureCoding>
   |            `- note: 'WKProcessPool' has been explicitly marked deprecated here
39 | @end
40 | 

<module-includes>:1:9: note: in file included from <module-includes>:1:
1 | #import "Headers/CapacitorCordova.h"
  |         `- note: in file included from <module-includes>:1:
2 | 

/Users/lekiaprosper/Documents/Dev/Connectize/Connectize-Frontend/node_modules/@capacitor/ios/CapacitorCordova/CapacitorCordova/CapacitorCordova.h:10:9: note: in file included from /Users/lekiaprosper/Documents/Dev/Connectize/Connectize-Frontend/node_modules/@capacitor/ios/CapacitorCordova/CapacitorCordova/CapacitorCordova.h:10:
 8 | 
 9 | #import <Cordova/AppDelegate.h>
10 | #import <Cordova/CDV.h>
   |         `- note: in file included from /Users/lekiaprosper/Documents/Dev/Connectize/Connectize-Frontend/node_modules/@capacitor/ios/CapacitorCordova/CapacitorCordova/CapacitorCordova.h:10:
11 | #import <Cordova/CDVAvailability.h>
12 | #import <Cordova/CDVCommandDelegate.h>

/Users/lekiaprosper/Documents/Dev/Connectize/Connectize-Frontend/node_modules/@capacitor/ios/CapacitorCordova/CapacitorCordova/Classes/Public/CDV.h:28:9: note: in file included from /Users/lekiaprosper/Documents/Dev/Connectize/Connectize-Frontend/node_modules/@capacitor/ios/CapacitorCordova/CapacitorCordova/Classes/Public/CDV.h:28:
26 | #import "CDVURLProtocol.h"
27 | #import "CDVScreenOrientationDelegate.h"
28 | #import "CDVWebViewProcessPoolFactory.h"
   |         `- note: in file included from /Users/lekiaprosper/Documents/Dev/Connectize/Connectize-Frontend/node_modules/@capacitor/ios/CapacitorCordova/CapacitorCordova/Classes/Public/CDV.h:28:
29 | 

2 warnings generated.
/Users/lekiaprosper/Documents/Dev/Connectize/Connectize-Frontend/node_modules/@capacitor/ios/CapacitorCordova/CapacitorCordova/Classes/Public/CDVWebViewProcessPoolFactory.h:26:3: warning: 'WKProcessPool' is deprecated: first deprecated in iOS 15.0 - Creating and using multiple instances of WKProcessPool no longer has any effect.
24 | 
25 | +(instancetype) sharedFactory;
26 | -(WKProcessPool*) sharedProcessPool;
   |   `- warning: 'WKProcessPool' is deprecated: first deprecated in iOS 15.0 - Creating and using multiple instances of WKProcessPool no longer has any effect.
27 | @end
28 | 

/Applications/Xcode.app/Contents/Developer/Platforms/iPhoneOS.platform/Developer/SDKs/iPhoneOS26.0.sdk/System/Library/Frameworks/WebKit.framework/Headers/WKProcessPool.h:38:12: note: 'WKProcessPool' has been explicitly marked deprecated here
36 | WK_SWIFT_UI_ACTOR
37 | WK_EXTERN API_DEPRECATED("Creating and using multiple instances of WKProcessPool no longer has any effect.", macos(10.10, 12.0), ios(8.0, 15.0), visionos(1.0, 1.0))
38 | @interface WKProcessPool : NSObject <NSSecureCoding>
   |            `- note: 'WKProcessPool' has been explicitly marked deprecated here
39 | @end
40 | 

PrecompileModule /Users/lekiaprosper/Library/Developer/Xcode/DerivedData/App-bmeqrztakkzxpkcqfdhhsyyyzbjg/Build/Intermediates.noindex/ArchiveIntermediates/App/IntermediateBuildFilesPath/ExplicitPrecompiledModules/_DarwinFoundation3-4YRPUXP87RA0TA9N3WDH6D7F6.scan
    cd /
    builtin-precompileModule /Users/lekiaprosper/Library/Developer/Xcode/DerivedData/App-bmeqrztakkzxpkcqfdhhsyyyzbjg/Build/Intermediates.noindex/ArchiveIntermediates/App/IntermediateBuildFilesPath/ExplicitPrecompiledModules/_DarwinFoundation3-4YRPUXP87RA0TA9N3WDH6D7F6.scan

PrecompileModule /Users/lekiaprosper/Library/Developer/Xcode/DerivedData/App-bmeqrztakkzxpkcqfdhhsyyyzbjg/Build/Intermediates.noindex/ArchiveIntermediates/App/IntermediateBuildFilesPath/ExplicitPrecompiledModules/_Builtin_inttypes-79DZUFHYP3V8HOHNDO5OBEV3R.scan
    cd /
    builtin-precompileModule /Users/lekiaprosper/Library/Developer/Xcode/DerivedData/App-bmeqrztakkzxpkcqfdhhsyyyzbjg/Build/Intermediates.noindex/ArchiveIntermediates/App/IntermediateBuildFilesPath/ExplicitPrecompiledModules/_Builtin_inttypes-79DZUFHYP3V8HOHNDO5OBEV3R.scan

PrecompileModule /Users/lekiaprosper/Library/Developer/Xcode/DerivedData/App-bmeqrztakkzxpkcqfdhhsyyyzbjg/Build/Intermediates.noindex/ArchiveIntermediates/App/IntermediateBuildFilesPath/ExplicitPrecompiledModules/Darwin-3LZG8ELOV82OB5OPCCIHJXNNK.scan
    cd /
    builtin-precompileModule /Users/lekiaprosper/Library/Developer/Xcode/DerivedData/App-bmeqrztakkzxpkcqfdhhsyyyzbjg/Build/Intermediates.noindex/ArchiveIntermediates/App/IntermediateBuildFilesPath/ExplicitPrecompiledModules/Darwin-3LZG8ELOV82OB5OPCCIHJXNNK.scan

PrecompileModule /Users/lekiaprosper/Library/Developer/Xcode/DerivedData/App-bmeqrztakkzxpkcqfdhhsyyyzbjg/Build/Intermediates.noindex/ArchiveIntermediates/App/IntermediateBuildFilesPath/ExplicitPrecompiledModules/ObjectiveC-28IDFZJ3XTEON31OCNHOR7C2B.scan
    cd /
    builtin-precompileModule /Users/lekiaprosper/Library/Developer/Xcode/DerivedData/App-bmeqrztakkzxpkcqfdhhsyyyzbjg/Build/Intermediates.noindex/ArchiveIntermediates/App/IntermediateBuildFilesPath/ExplicitPrecompiledModules/ObjectiveC-28IDFZJ3XTEON31OCNHOR7C2B.scan

PrecompileModule /Users/lekiaprosper/Library/Developer/Xcode/DerivedData/App-bmeqrztakkzxpkcqfdhhsyyyzbjg/Build/Intermediates.noindex/ArchiveIntermediates/App/IntermediateBuildFilesPath/ExplicitPrecompiledModules/os_object-7W2FFFD48DJBYMAPXV4BR4UEX.scan
    cd /
    builtin-precompileModule /Users/lekiaprosper/Library/Developer/Xcode/DerivedData/App-bmeqrztakkzxpkcqfdhhsyyyzbjg/Build/Intermediates.noindex/ArchiveIntermediates/App/IntermediateBuildFilesPath/ExplicitPrecompiledModules/os_object-7W2FFFD48DJBYMAPXV4BR4UEX.scan

PrecompileModule /Users/lekiaprosper/Library/Developer/Xcode/DerivedData/App-bmeqrztakkzxpkcqfdhhsyyyzbjg/Build/Intermediates.noindex/ArchiveIntermediates/App/IntermediateBuildFilesPath/ExplicitPrecompiledModules/os_workgroup-9LQVQWT7L1HSHVND2TA5PG6AN.scan
    cd /
    builtin-precompileModule /Users/lekiaprosper/Library/Developer/Xcode/DerivedData/App-bmeqrztakkzxpkcqfdhhsyyyzbjg/Build/Intermediates.noindex/ArchiveIntermediates/App/IntermediateBuildFilesPath/ExplicitPrecompiledModules/os_workgroup-9LQVQWT7L1HSHVND2TA5PG6AN.scan

PrecompileModule /Users/lekiaprosper/Library/Developer/Xcode/DerivedData/App-bmeqrztakkzxpkcqfdhhsyyyzbjg/Build/Intermediates.noindex/ArchiveIntermediates/App/IntermediateBuildFilesPath/ExplicitPrecompiledModules/Dispatch-9ELLWVBL6GMQLFO3YI3IY31V7.scan
    cd /
    builtin-precompileModule /Users/lekiaprosper/Library/Developer/Xcode/DerivedData/App-bmeqrztakkzxpkcqfdhhsyyyzbjg/Build/Intermediates.noindex/ArchiveIntermediates/App/IntermediateBuildFilesPath/ExplicitPrecompiledModules/Dispatch-9ELLWVBL6GMQLFO3YI3IY31V7.scan

PrecompileModule /Users/lekiaprosper/Library/Developer/Xcode/DerivedData/App-bmeqrztakkzxpkcqfdhhsyyyzbjg/Build/Intermediates.noindex/ArchiveIntermediates/App/IntermediateBuildFilesPath/ExplicitPrecompiledModules/CoreFoundation-7C6P1P4WXCH8WAXXEML6BNP31.scan
    cd /
    builtin-precompileModule /Users/lekiaprosper/Library/Developer/Xcode/DerivedData/App-bmeqrztakkzxpkcqfdhhsyyyzbjg/Build/Intermediates.noindex/ArchiveIntermediates/App/IntermediateBuildFilesPath/ExplicitPrecompiledModules/CoreFoundation-7C6P1P4WXCH8WAXXEML6BNP31.scan

PrecompileModule /Users/lekiaprosper/Library/Developer/Xcode/DerivedData/App-bmeqrztakkzxpkcqfdhhsyyyzbjg/Build/Intermediates.noindex/ArchiveIntermediates/App/IntermediateBuildFilesPath/ExplicitPrecompiledModules/XPC-AL4FD3P06YUAVKKE5W2Z1H4SR.scan
    cd /
    builtin-precompileModule /Users/lekiaprosper/Library/Developer/Xcode/DerivedData/App-bmeqrztakkzxpkcqfdhhsyyyzbjg/Build/Intermediates.noindex/ArchiveIntermediates/App/IntermediateBuildFilesPath/ExplicitPrecompiledModules/XPC-AL4FD3P06YUAVKKE5W2Z1H4SR.scan

PrecompileModule /Users/lekiaprosper/Library/Developer/Xcode/DerivedData/App-bmeqrztakkzxpkcqfdhhsyyyzbjg/Build/Intermediates.noindex/ArchiveIntermediates/App/IntermediateBuildFilesPath/ExplicitPrecompiledModules/dnssd-AOCQIEUU8YAXXS5G3NHOLFYTV.scan
    cd /
    builtin-precompileModule /Users/lekiaprosper/Library/Developer/Xcode/DerivedData/App-bmeqrztakkzxpkcqfdhhsyyyzbjg/Build/Intermediates.noindex/ArchiveIntermediates/App/IntermediateBuildFilesPath/ExplicitPrecompiledModules/dnssd-AOCQIEUU8YAXXS5G3NHOLFYTV.scan

PrecompileModule /Users/lekiaprosper/Library/Developer/Xcode/DerivedData/App-bmeqrztakkzxpkcqfdhhsyyyzbjg/Build/Intermediates.noindex/ArchiveIntermediates/App/IntermediateBuildFilesPath/ExplicitPrecompiledModules/CoreServices-1SJST9ZX3HIH410WPR9DOLBKF.scan
    cd /
    builtin-precompileModule /Users/lekiaprosper/Library/Developer/Xcode/DerivedData/App-bmeqrztakkzxpkcqfdhhsyyyzbjg/Build/Intermediates.noindex/ArchiveIntermediates/App/IntermediateBuildFilesPath/ExplicitPrecompiledModules/CoreServices-1SJST9ZX3HIH410WPR9DOLBKF.scan

PrecompileModule /Users/lekiaprosper/Library/Developer/Xcode/DerivedData/App-bmeqrztakkzxpkcqfdhhsyyyzbjg/Build/Intermediates.noindex/ArchiveIntermediates/App/IntermediateBuildFilesPath/ExplicitPrecompiledModules/CFNetwork-6OQSEQI5816759649HGSGJXH4.scan
    cd /
    builtin-precompileModule /Users/lekiaprosper/Library/Developer/Xcode/DerivedData/App-bmeqrztakkzxpkcqfdhhsyyyzbjg/Build/Intermediates.noindex/ArchiveIntermediates/App/IntermediateBuildFilesPath/ExplicitPrecompiledModules/CFNetwork-6OQSEQI5816759649HGSGJXH4.scan

PrecompileModule /Users/lekiaprosper/Library/Developer/Xcode/DerivedData/App-bmeqrztakkzxpkcqfdhhsyyyzbjg/Build/Intermediates.noindex/ArchiveIntermediates/App/IntermediateBuildFilesPath/ExplicitPrecompiledModules/Security-E8JON74TWS1ZIMKY4SBKE3B5Y.scan
    cd /
    builtin-precompileModule /Users/lekiaprosper/Library/Developer/Xcode/DerivedData/App-bmeqrztakkzxpkcqfdhhsyyyzbjg/Build/Intermediates.noindex/ArchiveIntermediates/App/IntermediateBuildFilesPath/ExplicitPrecompiledModules/Security-E8JON74TWS1ZIMKY4SBKE3B5Y.scan

PrecompileModule /Users/lekiaprosper/Library/Developer/Xcode/DerivedData/App-bmeqrztakkzxpkcqfdhhsyyyzbjg/Build/Intermediates.noindex/ArchiveIntermediates/App/IntermediateBuildFilesPath/ExplicitPrecompiledModules/CoreGraphics-16UR4YKPYF4NW39DQJJD9AMK7.scan
    cd /
    builtin-precompileModule /Users/lekiaprosper/Library/Developer/Xcode/DerivedData/App-bmeqrztakkzxpkcqfdhhsyyyzbjg/Build/Intermediates.noindex/ArchiveIntermediates/App/IntermediateBuildFilesPath/ExplicitPrecompiledModules/CoreGraphics-16UR4YKPYF4NW39DQJJD9AMK7.scan

SwiftExplicitDependencyGeneratePcm arm64 /Users/lekiaprosper/Library/Developer/Xcode/DerivedData/App-bmeqrztakkzxpkcqfdhhsyyyzbjg/Build/Intermediates.noindex/ArchiveIntermediates/App/IntermediateBuildFilesPath/SwiftExplicitPrecompiledModules/Capacitor-5OWCTQM1ELUZ0R8ZPNHLMNYF2.pcm

PrecompileModule /Users/lekiaprosper/Library/Developer/Xcode/DerivedData/App-bmeqrztakkzxpkcqfdhhsyyyzbjg/Build/Intermediates.noindex/ArchiveIntermediates/App/IntermediateBuildFilesPath/ExplicitPrecompiledModules/MobileCoreServices-CNHQ4W2T0LKHLS7P95ZTPY7JI.scan
    cd /
    builtin-precompileModule /Users/lekiaprosper/Library/Developer/Xcode/DerivedData/App-bmeqrztakkzxpkcqfdhhsyyyzbjg/Build/Intermediates.noindex/ArchiveIntermediates/App/IntermediateBuildFilesPath/ExplicitPrecompiledModules/MobileCoreServices-CNHQ4W2T0LKHLS7P95ZTPY7JI.scan

PrecompileModule /Users/lekiaprosper/Library/Developer/Xcode/DerivedData/App-bmeqrztakkzxpkcqfdhhsyyyzbjg/Build/Intermediates.noindex/ArchiveIntermediates/App/IntermediateBuildFilesPath/ExplicitPrecompiledModules/Foundation-SZ1HO58R47EF23YOO93ENNH.scan
    cd /
    builtin-precompileModule /Users/lekiaprosper/Library/Developer/Xcode/DerivedData/App-bmeqrztakkzxpkcqfdhhsyyyzbjg/Build/Intermediates.noindex/ArchiveIntermediates/App/IntermediateBuildFilesPath/ExplicitPrecompiledModules/Foundation-SZ1HO58R47EF23YOO93ENNH.scan

PrecompileModule /Users/lekiaprosper/Library/Developer/Xcode/DerivedData/App-bmeqrztakkzxpkcqfdhhsyyyzbjg/Build/Intermediates.noindex/ArchiveIntermediates/App/IntermediateBuildFilesPath/ExplicitPrecompiledModules/ImageIO-8Y7RNCQ1JQYYUBKNJXTJQZZ2Y.scan
    cd /
    builtin-precompileModule /Users/lekiaprosper/Library/Developer/Xcode/DerivedData/App-bmeqrztakkzxpkcqfdhhsyyyzbjg/Build/Intermediates.noindex/ArchiveIntermediates/App/IntermediateBuildFilesPath/ExplicitPrecompiledModules/ImageIO-8Y7RNCQ1JQYYUBKNJXTJQZZ2Y.scan

PrecompileModule /Users/lekiaprosper/Library/Developer/Xcode/DerivedData/App-bmeqrztakkzxpkcqfdhhsyyyzbjg/Build/Intermediates.noindex/ArchiveIntermediates/App/IntermediateBuildFilesPath/ExplicitPrecompiledModules/CoreText-1Z4NYV56CZ1OPGXO7MRNZ0VLR.scan
    cd /
    builtin-precompileModule /Users/lekiaprosper/Library/Developer/Xcode/DerivedData/App-bmeqrztakkzxpkcqfdhhsyyyzbjg/Build/Intermediates.noindex/ArchiveIntermediates/App/IntermediateBuildFilesPath/ExplicitPrecompiledModules/CoreText-1Z4NYV56CZ1OPGXO7MRNZ0VLR.scan

SwiftCompile normal arm64 Compiling\ AppUUID.swift,\ Array+Capacitor.swift,\ CapacitorBridge.swift,\ CapacitorCookieManager.swift,\ CapacitorCookies.swift,\ CapacitorExtension.swift,\ CapacitorHttp.swift,\ CapacitorUrlRequest.swift,\ CAPApplicationDelegateProxy.swift,\ CAPBridge.swift,\ CAPBridgeDelegate.swift,\ CAPBridgedPlugin+getMethod.swift,\ CAPBridgeProtocol.swift,\ CAPBridgeViewController.swift,\ CAPFile.swift,\ CAPInstanceConfiguration.swift,\ CAPInstanceDescriptor.swift,\ CAPInstancePlugin.swift,\ CAPLog.swift,\ CAPNotifications.swift,\ CAPPlugin+LoadInstance.swift,\ CAPPluginCall.swift,\ CAPPluginMethod.swift,\ Console.swift,\ Data+Capacitor.swift,\ DocLinks.swift,\ HttpRequestHandler.swift,\ JS.swift,\ JSExport.swift,\ JSTypes.swift,\ JSValueDecoder.swift,\ JSValueEncoder.swift,\ KeyPath.swift,\ KeyValueStore.swift,\ NotificationHandlerProtocol.swift,\ NotificationRouter.swift,\ PluginCallResult.swift,\ PluginConfig.swift,\ Router.swift,\ TmpViewController.swift,\ UIColor.swift,\ WebView.swift,\ WebViewAssetHandler.swift,\ WebViewDelegationHandler.swift,\ WKWebView+Capacitor.swift /Users/lekiaprosper/Documents/Dev/Connectize/Connectize-Frontend/node_modules/@capacitor/ios/Capacitor/Capacitor/AppUUID.swift /Users/lekiaprosper/Documents/Dev/Connectize/Connectize-Frontend/node_modules/@capacitor/ios/Capacitor/Capacitor/Array+Capacitor.swift /Users/lekiaprosper/Documents/Dev/Connectize/Connectize-Frontend/node_modules/@capacitor/ios/Capacitor/Capacitor/CapacitorBridge.swift /Users/lekiaprosper/Documents/Dev/Connectize/Connectize-Frontend/node_modules/@capacitor/ios/Capacitor/Capacitor/Plugins/CapacitorCookieManager.swift /Users/lekiaprosper/Documents/Dev/Connectize/Connectize-Frontend/node_modules/@capacitor/ios/Capacitor/Capacitor/Plugins/CapacitorCookies.swift /Users/lekiaprosper/Documents/Dev/Connectize/Connectize-Frontend/node_modules/@capacitor/ios/Capacitor/Capacitor/CapacitorExtension.swift /Users/lekiaprosper/Documents/Dev/Connectize/Connectize-Frontend/node_modules/@capacitor/ios/Capacitor/Capacitor/Plugins/CapacitorHttp.swift /Users/lekiaprosper/Documents/Dev/Connectize/Connectize-Frontend/node_modules/@capacitor/ios/Capacitor/Capacitor/Plugins/CapacitorUrlRequest.swift /Users/lekiaprosper/Documents/Dev/Connectize/Connectize-Frontend/node_modules/@capacitor/ios/Capacitor/Capacitor/CAPApplicationDelegateProxy.swift /Users/lekiaprosper/Documents/Dev/Connectize/Connectize-Frontend/node_modules/@capacitor/ios/Capacitor/Capacitor/CAPBridge.swift /Users/lekiaprosper/Documents/Dev/Connectize/Connectize-Frontend/node_modules/@capacitor/ios/Capacitor/Capacitor/CAPBridgeDelegate.swift /Users/lekiaprosper/Documents/Dev/Connectize/Connectize-Frontend/node_modules/@capacitor/ios/Capacitor/Capacitor/CAPBridgedPlugin+getMethod.swift /Users/lekiaprosper/Documents/Dev/Connectize/Connectize-Frontend/node_modules/@capacitor/ios/Capacitor/Capacitor/CAPBridgeProtocol.swift /Users/lekiaprosper/Documents/Dev/Connectize/Connectize-Frontend/node_modules/@capacitor/ios/Capacitor/Capacitor/CAPBridgeViewController.swift /Users/lekiaprosper/Documents/Dev/Connectize/Connectize-Frontend/node_modules/@capacitor/ios/Capacitor/Capacitor/CAPFile.swift /Users/lekiaprosper/Documents/Dev/Connectize/Connectize-Frontend/node_modules/@capacitor/ios/Capacitor/Capacitor/CAPInstanceConfiguration.swift /Users/lekiaprosper/Documents/Dev/Connectize/Connectize-Frontend/node_modules/@capacitor/ios/Capacitor/Capacitor/CAPInstanceDescriptor.swift /Users/lekiaprosper/Documents/Dev/Connectize/Connectize-Frontend/node_modules/@capacitor/ios/Capacitor/Capacitor/CAPInstancePlugin.swift /Users/lekiaprosper/Documents/Dev/Connectize/Connectize-Frontend/node_modules/@capacitor/ios/Capacitor/Capacitor/CAPLog.swift /Users/lekiaprosper/Documents/Dev/Connectize/Connectize-Frontend/node_modules/@capacitor/ios/Capacitor/Capacitor/CAPNotifications.swift /Users/lekiaprosper/Documents/Dev/Connectize/Connectize-Frontend/node_modules/@capacitor/ios/Capacitor/Capacitor/CAPPlugin+LoadInstance.swift /Users/lekiaprosper/Documents/Dev/Connectize/Connectize-Frontend/node_modules/@capacitor/ios/Capacitor/Capacitor/CAPPluginCall.swift /Users/lekiaprosper/Documents/Dev/Connectize/Connectize-Frontend/node_modules/@capacitor/ios/Capacitor/Capacitor/CAPPluginMethod.swift /Users/lekiaprosper/Documents/Dev/Connectize/Connectize-Frontend/node_modules/@capacitor/ios/Capacitor/Capacitor/Plugins/Console.swift /Users/lekiaprosper/Documents/Dev/Connectize/Connectize-Frontend/node_modules/@capacitor/ios/Capacitor/Capacitor/Data+Capacitor.swift /Users/lekiaprosper/Documents/Dev/Connectize/Connectize-Frontend/node_modules/@capacitor/ios/Capacitor/Capacitor/DocLinks.swift /Users/lekiaprosper/Documents/Dev/Connectize/Connectize-Frontend/node_modules/@capacitor/ios/Capacitor/Capacitor/Plugins/HttpRequestHandler.swift /Users/lekiaprosper/Documents/Dev/Connectize/Connectize-Frontend/node_modules/@capacitor/ios/Capacitor/Capacitor/JS.swift /Users/lekiaprosper/Documents/Dev/Connectize/Connectize-Frontend/node_modules/@capacitor/ios/Capacitor/Capacitor/JSExport.swift /Users/lekiaprosper/Documents/Dev/Connectize/Connectize-Frontend/node_modules/@capacitor/ios/Capacitor/Capacitor/JSTypes.swift /Users/lekiaprosper/Documents/Dev/Connectize/Connectize-Frontend/node_modules/@capacitor/ios/Capacitor/Capacitor/Codable/JSValueDecoder.swift /Users/lekiaprosper/Documents/Dev/Connectize/Connectize-Frontend/node_modules/@capacitor/ios/Capacitor/Capacitor/Codable/JSValueEncoder.swift /Users/lekiaprosper/Documents/Dev/Connectize/Connectize-Frontend/node_modules/@capacitor/ios/Capacitor/Capacitor/KeyPath.swift /Users/lekiaprosper/Documents/Dev/Connectize/Connectize-Frontend/node_modules/@capacitor/ios/Capacitor/Capacitor/KeyValueStore.swift /Users/lekiaprosper/Documents/Dev/Connectize/Connectize-Frontend/node_modules/@capacitor/ios/Capacitor/Capacitor/NotificationHandlerProtocol.swift /Users/lekiaprosper/Documents/Dev/Connectize/Connectize-Frontend/node_modules/@capacitor/ios/Capacitor/Capacitor/NotificationRouter.swift /Users/lekiaprosper/Documents/Dev/Connectize/Connectize-Frontend/node_modules/@capacitor/ios/Capacitor/Capacitor/PluginCallResult.swift /Users/lekiaprosper/Documents/Dev/Connectize/Connectize-Frontend/node_modules/@capacitor/ios/Capacitor/Capacitor/PluginConfig.swift /Users/lekiaprosper/Documents/Dev/Connectize/Connectize-Frontend/node_modules/@capacitor/ios/Capacitor/Capacitor/Router.swift /Users/lekiaprosper/Documents/Dev/Connectize/Connectize-Frontend/node_modules/@capacitor/ios/Capacitor/Capacitor/TmpViewController.swift /Users/lekiaprosper/Documents/Dev/Connectize/Connectize-Frontend/node_modules/@capacitor/ios/Capacitor/Capacitor/UIColor.swift /Users/lekiaprosper/Documents/Dev/Connectize/Connectize-Frontend/node_modules/@capacitor/ios/Capacitor/Capacitor/Plugins/WebView.swift /Users/lekiaprosper/Documents/Dev/Connectize/Connectize-Frontend/node_modules/@capacitor/ios/Capacitor/Capacitor/WebViewAssetHandler.swift /Users/lekiaprosper/Documents/Dev/Connectize/Connectize-Frontend/node_modules/@capacitor/ios/Capacitor/Capacitor/WebViewDelegationHandler.swift /Users/lekiaprosper/Documents/Dev/Connectize/Connectize-Frontend/node_modules/@capacitor/ios/Capacitor/Capacitor/WKWebView+Capacitor.swift /Applications/Xcode.app/Contents/Developer/Toolchains/XcodeDefault.xctoolchain/usr/lib/swift/iphoneos/prebuilt-modules/26.0/CoreImage.swiftmodule/arm64e-apple-ios.swiftmodule /Applications/Xcode.app/Contents/Developer/Toolchains/XcodeDefault.xctoolchain/usr/lib/swift/iphoneos/prebuilt-modules/26.0/System.swiftmodule/arm64e-apple-ios.swiftmodule /Applications/Xcode.app/Contents/Developer/Toolchains/XcodeDefault.xctoolchain/usr/lib/swift/iphoneos/prebuilt-modules/26.0/QuartzCore.swiftmodule/arm64e-apple-ios.swiftmodule /Applications/Xcode.app/Contents/Developer/Toolchains/XcodeDefault.xctoolchain/usr/lib/swift/iphoneos/prebuilt-modules/26.0/Symbols.swiftmodule/arm64e-apple-ios.swiftmodule /Applications/Xcode.app/Contents/Developer/Toolchains/XcodeDefault.xctoolchain/usr/lib/swift/iphoneos/prebuilt-modules/26.0/Combine.swiftmodule/arm64e-apple-ios.swiftmodule /Applications/Xcode.app/Contents/Developer/Toolchains/XcodeDefault.xctoolchain/usr/lib/swift/iphoneos/prebuilt-modules/26.0/_DarwinFoundation2.swiftmodule/arm64e-apple-ios.swiftmodule /Applications/Xcode.app/Contents/Developer/Toolchains/XcodeDefault.xctoolchain/usr/lib/swift/iphoneos/prebuilt-modules/26.0/_DarwinFoundation1.swiftmodule/arm64e-apple-ios.swiftmodule /Applications/Xcode.app/Contents/Developer/Toolchains/XcodeDefault.xctoolchain/usr/lib/swift/iphoneos/prebuilt-modules/26.0/SwiftUICore.swiftmodule/arm64e-apple-ios.swiftmodule /Applications/Xcode.app/Contents/Developer/Toolchains/XcodeDefault.xctoolchain/usr/lib/swift/iphoneos/prebuilt-modules/26.0/DataDetection.swiftmodule/arm64e-apple-ios.swiftmodule /Applications/Xcode.app/Contents/Developer/Toolchains/XcodeDefault.xctoolchain/usr/lib/swift/iphoneos/prebuilt-modules/26.0/XPC.swiftmodule/arm64e-apple-ios.swiftmodule /Applications/Xcode.app/Contents/Developer/Toolchains/XcodeDefault.xctoolchain/usr/lib/swift/iphoneos/prebuilt-modules/26.0/Distributed.swiftmodule/arm64e-apple-ios.swiftmodule /Applications/Xcode.app/Contents/Developer/Toolchains/XcodeDefault.xctoolchain/usr/lib/swift/iphoneos/prebuilt-modules/26.0/os.swiftmodule/arm64e-apple-ios.swiftmodule /Applications/Xcode.app/Contents/Developer/Toolchains/XcodeDefault.xctoolchain/usr/lib/swift/iphoneos/prebuilt-modules/26.0/CoreGraphics.swiftmodule/arm64e-apple-ios.swiftmodule /Applications/Xcode.app/Contents/Developer/Toolchains/XcodeDefault.xctoolchain/usr/lib/swift/iphoneos/prebuilt-modules/26.0/CoreFoundation.swiftmodule/arm64e-apple-ios.swiftmodule /Applications/Xcode.app/Contents/Developer/Toolchains/XcodeDefault.xctoolchain/usr/lib/swift/iphoneos/prebuilt-modules/26.0/Dispatch.swiftmodule/arm64e-apple-ios.swiftmodule /Applications/Xcode.app/Contents/Developer/Toolchains/XcodeDefault.xctoolchain/usr/lib/swift/iphoneos/prebuilt-modules/26.0/ObjectiveC.swiftmodule/arm64e-apple-ios.swiftmodule /Applications/Xcode.app/Contents/Developer/Toolchains/XcodeDefault.xctoolchain/usr/lib/swift/iphoneos/prebuilt-modules/26.0/FileProvider.swiftmodule/arm64e-apple-ios.swiftmodule /Applications/Xcode.app/Contents/Developer/Toolchains/XcodeDefault.xctoolchain/usr/lib/swift/iphoneos/prebuilt-modules/26.0/UIKit.swiftmodule/arm64e-apple-ios.swiftmodule /Applications/Xcode.app/Contents/Developer/Toolchains/XcodeDefault.xctoolchain/usr/lib/swift/iphoneos/prebuilt-modules/26.0/Metal.swiftmodule/arm64e-apple-ios.swiftmodule /Applications/Xcode.app/Contents/Developer/Toolchains/XcodeDefault.xctoolchain/usr/lib/swift/iphoneos/prebuilt-modules/26.0/CoreText.swiftmodule/arm64e-apple-ios.swiftmodule /Applications/Xcode.app/Contents/Developer/Toolchains/XcodeDefault.xctoolchain/usr/lib/swift/iphoneos/prebuilt-modules/26.0/Swift.swiftmodule/arm64e-apple-ios.swiftmodule /Applications/Xcode.app/Contents/Developer/Toolchains/XcodeDefault.xctoolchain/usr/lib/swift/iphoneos/prebuilt-modules/26.0/Network.swiftmodule/arm64e-apple-ios.swiftmodule /Applications/Xcode.app/Contents/Developer/Toolchains/XcodeDefault.xctoolchain/usr/lib/swift/iphoneos/prebuilt-modules/26.0/_Concurrency.swiftmodule/arm64e-apple-ios.swiftmodule /Applications/Xcode.app/Contents/Developer/Toolchains/XcodeDefault.xctoolchain/usr/lib/swift/iphoneos/prebuilt-modules/26.0/OSLog.swiftmodule/arm64e-apple-ios.swiftmodule /Applications/Xcode.app/Contents/Developer/Toolchains/XcodeDefault.xctoolchain/usr/lib/swift/iphoneos/prebuilt-modules/26.0/_Builtin_float.swiftmodule/arm64e-apple-ios.swiftmodule /Applications/Xcode.app/Contents/Developer/Toolchains/XcodeDefault.xctoolchain/usr/lib/swift/iphoneos/prebuilt-modules/26.0/Darwin.swiftmodule/arm64e-apple-ios.swiftmodule /Applications/Xcode.app/Contents/Developer/Toolchains/XcodeDefault.xctoolchain/usr/lib/swift/iphoneos/prebuilt-modules/26.0/Accessibility.swiftmodule/arm64e-apple-ios.swiftmodule /Applications/Xcode.app/Contents/Developer/Toolchains/XcodeDefault.xctoolchain/usr/lib/swift/iphoneos/prebuilt-modules/26.0/SwiftOnoneSupport.swiftmodule/arm64e-apple-ios.swiftmodule /Applications/Xcode.app/Contents/Developer/Toolchains/XcodeDefault.xctoolchain/usr/lib/swift/iphoneos/prebuilt-modules/26.0/UniformTypeIdentifiers.swiftmodule/arm64e-apple-ios.swiftmodule /Applications/Xcode.app/Contents/Developer/Toolchains/XcodeDefault.xctoolchain/usr/lib/swift/iphoneos/prebuilt-modules/26.0/CoreTransferable.swiftmodule/arm64e-apple-ios.swiftmodule /Applications/Xcode.app/Contents/Developer/Toolchains/XcodeDefault.xctoolchain/usr/lib/swift/iphoneos/prebuilt-modules/26.0/_StringProcessing.swiftmodule/arm64e-apple-ios.swiftmodule /Applications/Xcode.app/Contents/Developer/Toolchains/XcodeDefault.xctoolchain/usr/lib/swift/iphoneos/prebuilt-modules/26.0/_DarwinFoundation3.swiftmodule/arm64e-apple-ios.swiftmodule /Applications/Xcode.app/Contents/Developer/Toolchains/XcodeDefault.xctoolchain/usr/lib/swift/iphoneos/prebuilt-modules/26.0/Foundation.swiftmodule/arm64e-apple-ios.swiftmodule /Applications/Xcode.app/Contents/Developer/Toolchains/XcodeDefault.xctoolchain/usr/lib/swift/iphoneos/prebuilt-modules/26.0/WebKit.swiftmodule/arm64e-apple-ios.swiftmodule /Applications/Xcode.app/Contents/Developer/Toolchains/XcodeDefault.xctoolchain/usr/lib/swift/iphoneos/prebuilt-modules/26.0/Observation.swiftmodule/arm64e-apple-ios.swiftmodule /Applications/Xcode.app/Contents/Developer/Toolchains/XcodeDefault.xctoolchain/usr/lib/swift/iphoneos/prebuilt-modules/26.0/DeveloperToolsSupport.swiftmodule/arm64e-apple-ios.swiftmodule /Applications/Xcode.app/Contents/Developer/Toolchains/XcodeDefault.xctoolchain/usr/lib/swift/iphoneos/prebuilt-modules/26.0/CoreVideo.swiftmodule/arm64e-apple-ios.swiftmodule /Users/lekiaprosper/Library/Developer/Xcode/DerivedData/ModuleCache.noindex/SwiftShims-5C72ORWAYY96O2O2VDC1TYMBW.pcm /Users/lekiaprosper/Library/Developer/Xcode/DerivedData/ModuleCache.noindex/UIKit-EYB2BA9CYHJFKN1U9DPYFTJ7O.pcm /Users/lekiaprosper/Library/Developer/Xcode/DerivedData/ModuleCache.noindex/_Builtin_stdarg-C9QIKJL53448R6KBMCJ8BOU10.pcm /Users/lekiaprosper/Library/Developer/Xcode/DerivedData/ModuleCache.noindex/Darwin-CWPPGOQJ24W2L5NOM7E4131NU.pcm /Users/lekiaprosper/Library/Developer/Xcode/DerivedData/ModuleCache.noindex/Accessibility-1PWTIAYZWIP11HHQ70YX0NRJZ.pcm /Users/lekiaprosper/Library/Developer/Xcode/DerivedData/ModuleCache.noindex/_Builtin_stdbool-B04HXVHFT4JTA3PIVTDMAAA6V.pcm /Users/lekiaprosper/Library/Developer/Xcode/DerivedData/ModuleCache.noindex/_DarwinFoundation2-53206XS3V3419TLBUHXNOKPY5.pcm /Users/lekiaprosper/Library/Developer/Xcode/DerivedData/ModuleCache.noindex/os-D45EM2ZTA44IRUG8HI3GNZE6Y.pcm /Users/lekiaprosper/Library/Developer/Xcode/DerivedData/ModuleCache.noindex/WebKit-1WU2I8MN64J26C7KLO1E9OWGJ.pcm /Users/lekiaprosper/Library/Developer/Xcode/DerivedData/ModuleCache.noindex/ImageIO-3PAQVDXCPVG126E4I4IUDQZ23.pcm /Users/lekiaprosper/Library/Developer/Xcode/DerivedData/ModuleCache.noindex/Network-BHEZZBDIMPQGE9ZKCHTFB5755.pcm /Users/lekiaprosper/Library/Developer/Xcode/DerivedData/ModuleCache.noindex/DataDetection-EJD8UBAA6IXBV4MMWOOSZIEA0.pcm /Users/lekiaprosper/Library/Developer/Xcode/DerivedData/ModuleCache.noindex/CommonCrypto-9FF74AYFBIXV1W6DRT5TXTKA0.pcm /Users/lekiaprosper/Library/Developer/Xcode/DerivedData/App-bmeqrztakkzxpkcqfdhhsyyyzbjg/Build/Intermediates.noindex/ArchiveIntermediates/App/IntermediateBuildFilesPath/SwiftExplicitPrecompiledModules/Capacitor-5OWCTQM1ELUZ0R8ZPNHLMNYF2.pcm /Users/lekiaprosper/Library/Developer/Xcode/DerivedData/ModuleCache.noindex/OpenGLES-1QX2WTPH5O3O82JO3TOHUMSJZ.pcm /Users/lekiaprosper/Library/Developer/Xcode/DerivedData/ModuleCache.noindex/IOSurface-83SI8M83A80S5HZS73C2O10ZO.pcm /Users/lekiaprosper/Library/Developer/Xcode/DerivedData/ModuleCache.noindex/Symbols-5I7HWCTQNEL544JWVP6UJU76R.pcm /Users/lekiaprosper/Library/Developer/Xcode/DerivedData/ModuleCache.noindex/CoreGraphics-KYFGOZ8FD8Y7EUL2DRP4E8L0.pcm /Users/lekiaprosper/Library/Developer/Xcode/DerivedData/ModuleCache.noindex/MobileCoreServices-7GLT01G7D5B0BD5R0PMLL9RYD.pcm /Users/lekiaprosper/Library/Developer/Xcode/DerivedData/ModuleCache.noindex/CoreTransferable-C09TTI2UY3FJQ11WL8TMOS0ZP.pcm /Users/lekiaprosper/Library/Developer/Xcode/DerivedData/ModuleCache.noindex/os_object-85J3Z7POB2A9Z9W2BYEWKY31V.pcm /Users/lekiaprosper/Library/Developer/Xcode/DerivedData/App-bmeqrztakkzxpkcqfdhhsyyyzbjg/Build/Intermediates.noindex/ArchiveIntermediates/App/IntermediateBuildFilesPath/SwiftExplicitPrecompiledModules/Cordova-547I3L5LSEC73LF58X8C9JHZF.pcm /Users/lekiaprosper/Library/Developer/Xcode/DerivedData/ModuleCache.noindex/dnssd-7SUK4FVCH7SMURPNKMEXB86LA.pcm /Users/lekiaprosper/Library/Developer/Xcode/DerivedData/ModuleCache.noindex/_Builtin_limits-9OKT9NCN8BJ6YS2818N216K90.pcm /Users/lekiaprosper/Library/Developer/Xcode/DerivedData/ModuleCache.noindex/ptrauth-5IW83AC94WV8YTGHE0ST9J0U0.pcm /Users/lekiaprosper/Library/Developer/Xcode/DerivedData/ModuleCache.noindex/QuartzCore-9MJY93Y4ECAU8TF6IP8F4UGOW.pcm /Users/lekiaprosper/Library/Developer/Xcode/DerivedData/ModuleCache.noindex/CoreFoundation-A37ESHL5R9JGL5GQLO0286TO0.pcm /Users/lekiaprosper/Library/Developer/Xcode/DerivedData/ModuleCache.noindex/_Builtin_stdatomic-BG1JHZNLFZ2UWAZ9CYOIZK9N2.pcm /Users/lekiaprosper/Library/Developer/Xcode/DerivedData/ModuleCache.noindex/MachO-27FU7T7B1AZKFO3ZA44QDHZSN.pcm /Users/lekiaprosper/Library/Developer/Xcode/DerivedData/ModuleCache.noindex/ptrcheck-1EI48Z60GE8L31Y07P3FCODQM.pcm /Users/lekiaprosper/Library/Developer/Xcode/DerivedData/ModuleCache.noindex/CoreImage-8ZZOSH5ONHJTSGHZJOOV0V9WO.pcm /Users/lekiaprosper/Library/Developer/Xcode/DerivedData/ModuleCache.noindex/UIUtilities-8UW33S2YV2JMVCEU8BUULV087.pcm /Users/lekiaprosper/Library/Developer/Xcode/DerivedData/ModuleCache.noindex/DeveloperToolsSupport-47H5NNPNAABCMPAPYNJSJYJDU.pcm /Users/lekiaprosper/Library/Developer/Xcode/DerivedData/ModuleCache.noindex/CFNetwork-DRWDHPF0EXUPHS0AU15UFUIAV.pcm /Users/lekiaprosper/Library/Developer/Xcode/DerivedData/ModuleCache.noindex/_AvailabilityInternal-EYNGYXVLM5GC3LVJ8XYJ4AP7G.pcm /Users/lekiaprosper/Library/Developer/Xcode/DerivedData/ModuleCache.noindex/SwiftUICore-5CWTOEDU520VTW06WGBFFINKA.pcm /Users/lekiaprosper/Library/Developer/Xcode/DerivedData/ModuleCache.noindex/XPC-EUF9DVEQAEMA38SAWG1GFA403.pcm /Users/lekiaprosper/Library/Developer/Xcode/DerivedData/ModuleCache.noindex/ObjectiveC-3OVDSLH03WS1RKPVW45EMYT28.pcm /Users/lekiaprosper/Library/Developer/Xcode/DerivedData/ModuleCache.noindex/Foundation-427ZOPTJY49FGPIL9IW28O24E.pcm /Users/lekiaprosper/Library/Developer/Xcode/DerivedData/ModuleCache.noindex/OSLog-AGFDY653IZ0UNAZ8YIP51MGYP.pcm /Users/lekiaprosper/Library/Developer/Xcode/DerivedData/ModuleCache.noindex/FileProvider-ETY43ANYTZ80DZJO7WE1A4RYN.pcm /Users/lekiaprosper/Library/Developer/Xcode/DerivedData/ModuleCache.noindex/UniformTypeIdentifiers-B092HE29GZW50P1UUR12H7ENC.pcm /Users/lekiaprosper/Library/Developer/Xcode/DerivedData/ModuleCache.noindex/os_workgroup-3D5RNOZR0P7RD8YK3I2FDXBL2.pcm /Users/lekiaprosper/Library/Developer/Xcode/DerivedData/ModuleCache.noindex/UserNotifications-DQBL23UXTBLV5IDP31U3DEOR1.pcm /Users/lekiaprosper/Library/Developer/Xcode/DerivedData/ModuleCache.noindex/CoreServices-E6C80X79ZUNP6TXZEAB4OZYX3.pcm /Users/lekiaprosper/Library/Developer/Xcode/DerivedData/ModuleCache.noindex/Dispatch-86W94LMGHQ77O7D6ESFHY1IRB.pcm /Users/lekiaprosper/Library/Developer/Xcode/DerivedData/ModuleCache.noindex/sys_types-46X8R6228KZ90J6GS0I69P13D.pcm /Users/lekiaprosper/Library/Developer/Xcode/DerivedData/ModuleCache.noindex/_Builtin_float-920YCOFDCYVVRM0IRRWCUMDSF.pcm /Users/lekiaprosper/Library/Developer/Xcode/DerivedData/ModuleCache.noindex/_DarwinFoundation3-COL28J5ZMIAAZMJBY1SK22N9R.pcm /Users/lekiaprosper/Library/Developer/Xcode/DerivedData/ModuleCache.noindex/Security-43948ZG9DWGGE683F8KCF2L0W.pcm /Users/lekiaprosper/Library/Developer/Xcode/DerivedData/ModuleCache.noindex/_Builtin_stdint-3R42SRI2R6MDEN66PQEHIL5SQ.pcm /Users/lekiaprosper/Library/Developer/Xcode/DerivedData/ModuleCache.noindex/_DarwinFoundation1-EYL4IC9FZPFYBUNB5XFCQRDY2.pcm /Users/lekiaprosper/Library/Developer/Xcode/DerivedData/ModuleCache.noindex/CoreVideo-BTWV4AL4YS0OD6RBRVSSCRZU4.pcm /Users/lekiaprosper/Library/Developer/Xcode/DerivedData/ModuleCache.noindex/_Builtin_stddef-47S9ZPIYEE6I1NM601WEDDZ2K.pcm /Users/lekiaprosper/Library/Developer/Xcode/DerivedData/ModuleCache.noindex/_Builtin_inttypes-4D4WHKE8ZHSC9UXDD4GBA63J9.pcm /Users/lekiaprosper/Library/Developer/Xcode/DerivedData/ModuleCache.noindex/_SwiftConcurrencyShims-7BBJJ0CLECQZL5C07S51EQ2KM.pcm /Users/lekiaprosper/Library/Developer/Xcode/DerivedData/ModuleCache.noindex/Metal-3H6P8JPGWDAZVEZQJA865ILHL.pcm /Users/lekiaprosper/Library/Developer/Xcode/DerivedData/ModuleCache.noindex/CoreText-65X4AL09POOXDODNYQBUNAR1B.pcm /Users/lekiaprosper/Library/Developer/Xcode/DerivedData/App-bmeqrztakkzxpkcqfdhhsyyyzbjg/Build/Intermediates.noindex/ArchiveIntermediates/App/IntermediateBuildFilesPath/Pods.build/Release-iphoneos/Capacitor.build/Objects-normal/arm64/Capacitor-dependencies-1.json (in target 'Capacitor' from project 'Pods')
CompileSwift normal arm64 (in target 'Capacitor' from project 'Pods')
    cd /Users/lekiaprosper/Documents/Dev/Connectize/Connectize-Frontend/ios/App/Pods
    

PrecompileModule /Users/lekiaprosper/Library/Developer/Xcode/DerivedData/App-bmeqrztakkzxpkcqfdhhsyyyzbjg/Build/Intermediates.noindex/ArchiveIntermediates/App/IntermediateBuildFilesPath/ExplicitPrecompiledModules/Network-EPX6JLHUWAXDCAKAG7BEKYTEN.scan
    cd /
    builtin-precompileModule /Users/lekiaprosper/Library/Developer/Xcode/DerivedData/App-bmeqrztakkzxpkcqfdhhsyyyzbjg/Build/Intermediates.noindex/ArchiveIntermediates/App/IntermediateBuildFilesPath/ExplicitPrecompiledModules/Network-EPX6JLHUWAXDCAKAG7BEKYTEN.scan

PrecompileModule /Users/lekiaprosper/Library/Developer/Xcode/DerivedData/App-bmeqrztakkzxpkcqfdhhsyyyzbjg/Build/Intermediates.noindex/ArchiveIntermediates/App/IntermediateBuildFilesPath/ExplicitPrecompiledModules/IOSurface-A3O7VRN0PENNW60QT3KFIBZT2.scan
    cd /
    builtin-precompileModule /Users/lekiaprosper/Library/Developer/Xcode/DerivedData/App-bmeqrztakkzxpkcqfdhhsyyyzbjg/Build/Intermediates.noindex/ArchiveIntermediates/App/IntermediateBuildFilesPath/ExplicitPrecompiledModules/IOSurface-A3O7VRN0PENNW60QT3KFIBZT2.scan

PrecompileModule /Users/lekiaprosper/Library/Developer/Xcode/DerivedData/App-bmeqrztakkzxpkcqfdhhsyyyzbjg/Build/Intermediates.noindex/ArchiveIntermediates/App/IntermediateBuildFilesPath/ExplicitPrecompiledModules/UIUtilities-5G7UZSM4N1X6LWLIPKNR2CU1T.scan
    cd /
    builtin-precompileModule /Users/lekiaprosper/Library/Developer/Xcode/DerivedData/App-bmeqrztakkzxpkcqfdhhsyyyzbjg/Build/Intermediates.noindex/ArchiveIntermediates/App/IntermediateBuildFilesPath/ExplicitPrecompiledModules/UIUtilities-5G7UZSM4N1X6LWLIPKNR2CU1T.scan

PrecompileModule /Users/lekiaprosper/Library/Developer/Xcode/DerivedData/App-bmeqrztakkzxpkcqfdhhsyyyzbjg/Build/Intermediates.noindex/ArchiveIntermediates/App/IntermediateBuildFilesPath/ExplicitPrecompiledModules/FileProvider-EFSZLIDNRKSFEE8R8F6M8MMUP.scan
    cd /
    builtin-precompileModule /Users/lekiaprosper/Library/Developer/Xcode/DerivedData/App-bmeqrztakkzxpkcqfdhhsyyyzbjg/Build/Intermediates.noindex/ArchiveIntermediates/App/IntermediateBuildFilesPath/ExplicitPrecompiledModules/FileProvider-EFSZLIDNRKSFEE8R8F6M8MMUP.scan

PrecompileModule /Users/lekiaprosper/Library/Developer/Xcode/DerivedData/App-bmeqrztakkzxpkcqfdhhsyyyzbjg/Build/Intermediates.noindex/ArchiveIntermediates/App/IntermediateBuildFilesPath/ExplicitPrecompiledModules/Symbols-6ER7UWLJPJI0W96TN33BWU40B.scan
    cd /
    builtin-precompileModule /Users/lekiaprosper/Library/Developer/Xcode/DerivedData/App-bmeqrztakkzxpkcqfdhhsyyyzbjg/Build/Intermediates.noindex/ArchiveIntermediates/App/IntermediateBuildFilesPath/ExplicitPrecompiledModules/Symbols-6ER7UWLJPJI0W96TN33BWU40B.scan

PrecompileModule /Users/lekiaprosper/Library/Developer/Xcode/DerivedData/App-bmeqrztakkzxpkcqfdhhsyyyzbjg/Build/Intermediates.noindex/ArchiveIntermediates/App/IntermediateBuildFilesPath/ExplicitPrecompiledModules/UserNotifications-1RGDXNH81AGBLLI89NJ4NXFP4.scan
    cd /
    builtin-precompileModule /Users/lekiaprosper/Library/Developer/Xcode/DerivedData/App-bmeqrztakkzxpkcqfdhhsyyyzbjg/Build/Intermediates.noindex/ArchiveIntermediates/App/IntermediateBuildFilesPath/ExplicitPrecompiledModules/UserNotifications-1RGDXNH81AGBLLI89NJ4NXFP4.scan

PrecompileModule /Users/lekiaprosper/Library/Developer/Xcode/DerivedData/App-bmeqrztakkzxpkcqfdhhsyyyzbjg/Build/Intermediates.noindex/ArchiveIntermediates/App/IntermediateBuildFilesPath/ExplicitPrecompiledModules/Metal-A8W6LT4XD1NS7QD6TA8E1GPT4.scan
    cd /
    builtin-precompileModule /Users/lekiaprosper/Library/Developer/Xcode/DerivedData/App-bmeqrztakkzxpkcqfdhhsyyyzbjg/Build/Intermediates.noindex/ArchiveIntermediates/App/IntermediateBuildFilesPath/ExplicitPrecompiledModules/Metal-A8W6LT4XD1NS7QD6TA8E1GPT4.scan

PrecompileModule /Users/lekiaprosper/Library/Developer/Xcode/DerivedData/App-bmeqrztakkzxpkcqfdhhsyyyzbjg/Build/Intermediates.noindex/ArchiveIntermediates/App/IntermediateBuildFilesPath/ExplicitPrecompiledModules/OpenGLES-8H8JU4W9MM7V48LK4GFA6WR48.scan
    cd /
    builtin-precompileModule /Users/lekiaprosper/Library/Developer/Xcode/DerivedData/App-bmeqrztakkzxpkcqfdhhsyyyzbjg/Build/Intermediates.noindex/ArchiveIntermediates/App/IntermediateBuildFilesPath/ExplicitPrecompiledModules/OpenGLES-8H8JU4W9MM7V48LK4GFA6WR48.scan

PrecompileModule /Users/lekiaprosper/Library/Developer/Xcode/DerivedData/App-bmeqrztakkzxpkcqfdhhsyyyzbjg/Build/Intermediates.noindex/ArchiveIntermediates/App/IntermediateBuildFilesPath/ExplicitPrecompiledModules/CoreVideo-EOODW8TI20HKJVNW4XWZ1E6DK.scan
    cd /
    builtin-precompileModule /Users/lekiaprosper/Library/Developer/Xcode/DerivedData/App-bmeqrztakkzxpkcqfdhhsyyyzbjg/Build/Intermediates.noindex/ArchiveIntermediates/App/IntermediateBuildFilesPath/ExplicitPrecompiledModules/CoreVideo-EOODW8TI20HKJVNW4XWZ1E6DK.scan

PrecompileModule /Users/lekiaprosper/Library/Developer/Xcode/DerivedData/App-bmeqrztakkzxpkcqfdhhsyyyzbjg/Build/Intermediates.noindex/ArchiveIntermediates/App/IntermediateBuildFilesPath/ExplicitPrecompiledModules/CoreImage-DJP8NIR3H1T05E19IQUV5H5R5.scan
    cd /
    builtin-precompileModule /Users/lekiaprosper/Library/Developer/Xcode/DerivedData/App-bmeqrztakkzxpkcqfdhhsyyyzbjg/Build/Intermediates.noindex/ArchiveIntermediates/App/IntermediateBuildFilesPath/ExplicitPrecompiledModules/CoreImage-DJP8NIR3H1T05E19IQUV5H5R5.scan

PrecompileModule /Users/lekiaprosper/Library/Developer/Xcode/DerivedData/App-bmeqrztakkzxpkcqfdhhsyyyzbjg/Build/Intermediates.noindex/ArchiveIntermediates/App/IntermediateBuildFilesPath/ExplicitPrecompiledModules/QuartzCore-2QWU86U3NCLEZQY5QM99PBF1I.scan
    cd /
    builtin-precompileModule /Users/lekiaprosper/Library/Developer/Xcode/DerivedData/App-bmeqrztakkzxpkcqfdhhsyyyzbjg/Build/Intermediates.noindex/ArchiveIntermediates/App/IntermediateBuildFilesPath/ExplicitPrecompiledModules/QuartzCore-2QWU86U3NCLEZQY5QM99PBF1I.scan

PrecompileModule /Users/lekiaprosper/Library/Developer/Xcode/DerivedData/App-bmeqrztakkzxpkcqfdhhsyyyzbjg/Build/Intermediates.noindex/ArchiveIntermediates/App/IntermediateBuildFilesPath/ExplicitPrecompiledModules/UIKit-9DT5AVLE48FJFO508G97L7RZ5.scan
    cd /
    builtin-precompileModule /Users/lekiaprosper/Library/Developer/Xcode/DerivedData/App-bmeqrztakkzxpkcqfdhhsyyyzbjg/Build/Intermediates.noindex/ArchiveIntermediates/App/IntermediateBuildFilesPath/ExplicitPrecompiledModules/UIKit-9DT5AVLE48FJFO508G97L7RZ5.scan

